--2026-09-25 19:34:37--  https://www.spokares.org/
Resolving www.spokares.org (www.spokares.org)... 70.39.146.166
Connecting to www.spokares.org (www.spokares.org)|70.39.146.166|:443... connected.
HTTP request sent, awaiting response... 200 OK
Length: unspecified [text/html]
Saving to: ‘www.spokares.org/index.html’

     0K .......... .......... .......... ...                    455K=0.07s

2026-09-25 19:34:37 (455 KB/s) - ‘www.spokares.org/index.html’ saved [34119]

--2026-09-25 19:34:38--  https://www.spokares.org/templates/js_wright/favicon.ico
Reusing existing connection to www.spokares.org:443.
HTTP request sent, awaiting response... 200 OK
Length: 4286 (4.2K) [image/x-icon]
Saving to: ‘www.spokares.org/templates/js_wright/favicon.ico’

     0K ....                                                  100% 1022M=0s

2026-09-25 19:34:38 (1022 MB/s) - ‘www.spokares.org/templates/js_wright/favicon.ico’ saved [4286/4286]

--2026-09-25 19:34:38--  https://www.spokares.org/images/logos/Spokane_County_ARES-ACS_logo_slightly_smaller_550x550.png
Reusing existing connection to www.spokares.org:443.
HTTP request sent, awaiting response... 200 OK
Length: 972926 (950K) [image/png]
Saving to: ‘www.spokares.org/images/logos/Spokane_County_ARES-ACS_logo_slightly_smaller_550x550.png’

     0K .......... .......... .......... .......... ..........  5%  363K 2s
    50K .......... .......... .......... .......... .......... 10% 1001K 2s
   100K .......... .......... .......... .......... .......... 15% 1.67M 1s
   150K .......... .......... .......... .......... .......... 21% 1.24M 1s
   200K .......... .......... .......... .......... .......... 26% 2.68M 1s
   250K .......... .......... .......... .......... .......... 31% 7.09M 1s
   300K .......... .......... .......... .......... .......... 36% 4.81M 1s
   350K .......... .......... .......... .......... .......... 42% 3.59M 0s
   400K .......... .......... .......... .......... .......... 47% 2.54M 0s
   450K .......... .......... .......... .......... .......... 52% 13.3M 0s
   500K .......... .......... .......... .......... .......... 57% 11.0M 0s
   550K .......... .......... .......... .......... .......... 63% 6.55M 0s
   600K .......... .......... .......... .......... .......... 68% 17.9M 0s
   650K .......... .......... .......... .......... .......... 73% 1.44M 0s
   700K .......... .......... .......... .......... .......... 78% 11.7M 0s
   750K .......... .......... .......... .......... .......... 84% 10.7M 0s
   800K .......... .......... .......... .......... .......... 89% 7.01M 0s
   850K .......... .......... .......... .......... .......... 94% 17.3M 0s
   900K .......... .......... .......... .......... .......... 99% 13.5M 0s
   950K                                                       100% 2.46K=0.4s

2026-09-25 19:34:39 (2.33 MB/s) - ‘www.spokares.org/images/logos/Spokane_County_ARES-ACS_logo_slightly_smaller_550x550.png’ saved [972926/972926]

--2026-09-25 19:34:39--  https://www.spokares.org/images/logos/ARES_logo.png
Reusing existing connection to www.spokares.org:443.
HTTP request sent, awaiting response... 200 OK
Length: 20824 (20K) [image/png]
Saving to: ‘www.spokares.org/images/logos/ARES_logo.png’

     0K .......... ..........                                 100% 75.5M=0s

2026-09-25 19:34:39 (75.5 MB/s) - ‘www.spokares.org/images/logos/ARES_logo.png’ saved [20824/20824]

--2026-09-25 19:34:39--  https://www.spokares.org/images/logos/textLogoACS_dash.png
Reusing existing connection to www.spokares.org:443.
HTTP request sent, awaiting response... 200 OK
Length: 25785 (25K) [image/png]
Saving to: ‘www.spokares.org/images/logos/textLogoACS_dash.png’

     0K .......... .......... .....                           100%  601K=0.04s

2026-09-25 19:34:39 (601 KB/s) - ‘www.spokares.org/images/logos/textLogoACS_dash.png’ saved [25785/25785]

--2026-09-25 19:34:40--  https://www.spokares.org/images/logos/ACS_logo_1000x1000.png
Reusing existing connection to www.spokares.org:443.
HTTP request sent, awaiting response... 200 OK
Length: 408348 (399K) [image/png]
Saving to: ‘www.spokares.org/images/logos/ACS_logo_1000x1000.png’

     0K .......... .......... .......... .......... .......... 12% 5.24M 0s
    50K .......... .......... .......... .......... .......... 25% 15.4M 0s
   100K .......... .......... .......... .......... .......... 37%  886K 0s
   150K .......... .......... .......... .......... .......... 50% 5.04M 0s
   200K .......... .......... .......... .......... .......... 62% 12.2M 0s
   250K .......... .......... .......... .......... .......... 75% 34.9M 0s
   300K .......... .......... .......... .......... .......... 87% 1020K 0s
   350K .......... .......... .......... .......... ........  100% 3.52M=0.1s

2026-09-25 19:34:40 (2.66 MB/s) - ‘www.spokares.org/images/logos/ACS_logo_1000x1000.png’ saved [408348/408348]

--2026-09-25 19:34:40--  https://www.spokares.org/images/logos/SCDEM_Logo.png
Reusing existing connection to www.spokares.org:443.
HTTP request sent, awaiting response... 200 OK
Length: 427961 (418K) [image/png]
Saving to: ‘www.spokares.org/images/logos/SCDEM_Logo.png’

     0K .......... .......... .......... .......... .......... 11% 4.57M 0s
    50K .......... .......... .......... .......... .......... 23% 10.7M 0s
   100K .......... .......... .......... .......... .......... 35% 9.13M 0s
   150K .......... .......... .......... .......... .......... 47% 25.2M 0s
   200K .......... .......... .......... .......... .......... 59% 1.21M 0s
   250K .......... .......... .......... .......... .......... 71% 3.99M 0s
   300K .......... .......... .......... .......... .......... 83% 8.95M 0s
   350K .......... .......... .......... .......... .......... 95% 20.1M 0s
   400K .......... .......                                    100%  148M=0.08s

2026-09-25 19:34:40 (4.91 MB/s) - ‘www.spokares.org/images/logos/SCDEM_Logo.png’ saved [427961/427961]

--2026-09-25 19:34:41--  https://www.spokares.org/index.php
Reusing existing connection to www.spokares.org:443.
HTTP request sent, awaiting response... 200 OK
Length: unspecified [text/html]
Saving to: ‘www.spokares.org/index.php.html’

     0K .......... .......... .......... ...                    753K=0.04s

2026-09-25 19:34:41 (753 KB/s) - ‘www.spokares.org/index.php.html’ saved [34140]

--2026-09-25 19:34:41--  https://www.spokares.org/index.php/about/ares-races-leadership
Reusing existing connection to www.spokares.org:443.
HTTP request sent, awaiting response... 200 OK
Length: unspecified [text/html]
Saving to: ‘www.spokares.org/index.php/about/ares-races-leadership.html’

     0K .......... .......... .......... .........             1.09M=0.04s

2026-09-25 19:34:41 (1.09 MB/s) - ‘www.spokares.org/index.php/about/ares-races-leadership.html’ saved [40447]

--2026-09-25 19:34:42--  https://www.spokares.org/index.php/about/amateur-code
Reusing existing connection to www.spokares.org:443.
HTTP request sent, awaiting response... 200 OK
Length: unspecified [text/html]
Saving to: ‘www.spokares.org/index.php/about/amateur-code.html’

     0K .......... .......... .....                             518K=0.05s

2026-09-25 19:34:42 (518 KB/s) - ‘www.spokares.org/index.php/about/amateur-code.html’ saved [25658]

--2026-09-25 19:34:42--  https://www.spokares.org/index.php/about/w7gbu-history
Reusing existing connection to www.spokares.org:443.
HTTP request sent, awaiting response... 200 OK
Length: unspecified [text/html]
Saving to: ‘www.spokares.org/index.php/about/w7gbu-history.html’

     0K .......... .......... ........                          424K=0.07s

2026-09-25 19:34:43 (424 KB/s) - ‘www.spokares.org/index.php/about/w7gbu-history.html’ saved [29635]

--2026-09-25 19:34:43--  https://www.spokares.org/index.php/about/meeting-location
Reusing existing connection to www.spokares.org:443.
HTTP request sent, awaiting response... 200 OK
Length: unspecified [text/html]
Saving to: ‘www.spokares.org/index.php/about/meeting-location.html’

     0K .......... .......... ....                              329K=0.07s

2026-09-25 19:34:43 (329 KB/s) - ‘www.spokares.org/index.php/about/meeting-location.html’ saved [24650]

--2026-09-25 19:34:43--  https://www.spokares.org/index.php/about/mou-with-ievhfra
Reusing existing connection to www.spokares.org:443.
HTTP request sent, awaiting response... 200 OK
Length: unspecified [text/html]
Saving to: ‘www.spokares.org/index.php/about/mou-with-ievhfra.html’

     0K .......... .......... ...                               241K=0.1s

2026-09-25 19:34:44 (241 KB/s) - ‘www.spokares.org/index.php/about/mou-with-ievhfra.html’ saved [24246]

--2026-09-25 19:34:44--  https://spokares.org/index.php/downloads/net-preambles-and-scripts
Resolving spokares.org (spokares.org)... 70.39.146.166
Connecting to spokares.org (spokares.org)|70.39.146.166|:443... connected.
HTTP request sent, awaiting response... 500 Internal Server Error
2026-09-25 19:34:44 ERROR 500: Internal Server Error.

--2026-09-25 19:34:45--  https://www.spokares.org/index.php/operations/incident-command-system
Reusing existing connection to www.spokares.org:443.
HTTP request sent, awaiting response... 200 OK
Length: unspecified [text/html]
Saving to: ‘www.spokares.org/index.php/operations/incident-command-system.html’

     0K .......... .......... .......... .......... ..........  265K
    50K .......... ....                                         558K=0.2s

2026-09-25 19:34:45 (301 KB/s) - ‘www.spokares.org/index.php/operations/incident-command-system.html’ saved [66413]

--2026-09-25 19:34:46--  https://www.spokares.org/index.php/operations/forms
Reusing existing connection to www.spokares.org:443.
HTTP request sent, awaiting response... 200 OK
Length: unspecified [text/html]
Saving to: ‘www.spokares.org/index.php/operations/forms.html’

     0K .......... .......... .                                 323K=0.07s

2026-09-25 19:34:46 (323 KB/s) - ‘www.spokares.org/index.php/operations/forms.html’ saved [22516]

--2026-09-25 19:34:46--  https://www.spokares.org/index.php/operations/status-codes
Reusing existing connection to www.spokares.org:443.
HTTP request sent, awaiting response... 200 OK
Length: unspecified [text/html]
Saving to: ‘www.spokares.org/index.php/operations/status-codes.html’

     0K .......... .......... ........                          335K=0.09s

2026-09-25 19:34:47 (335 KB/s) - ‘www.spokares.org/index.php/operations/status-codes.html’ saved [29219]

--2026-09-25 19:34:47--  https://www.spokares.org/index.php/operations/skywarn-weather-spotting
Reusing existing connection to www.spokares.org:443.
HTTP request sent, awaiting response... 200 OK
Length: unspecified [text/html]
Saving to: ‘www.spokares.org/index.php/operations/skywarn-weather-spotting.html’

     0K .......... .......... ......                            332K=0.08s

2026-09-25 19:34:47 (332 KB/s) - ‘www.spokares.org/index.php/operations/skywarn-weather-spotting.html’ saved [26714]

--2026-09-25 19:34:48--  https://www.spokares.org/index.php/operations/training-courses
Reusing existing connection to www.spokares.org:443.
HTTP request sent, awaiting response... 200 OK
Length: unspecified [text/html]
Saving to: ‘www.spokares.org/index.php/operations/training-courses.html’

     0K .......... .......... ...                               191K=0.1s

2026-09-25 19:34:48 (191 KB/s) - ‘www.spokares.org/index.php/operations/training-courses.html’ saved [24245]

--2026-09-25 19:34:48--  https://www.spokares.org/index.php/digital-messaging/digital-messaging/digital-tncs-and-modems
Reusing existing connection to www.spokares.org:443.
HTTP request sent, awaiting response... 200 OK
Length: unspecified [text/html]
Saving to: ‘www.spokares.org/index.php/digital-messaging/digital-messaging/digital-tncs-and-modems.html’

     0K .......... .......... ...                               400K=0.06s

2026-09-25 19:34:49 (400 KB/s) - ‘www.spokares.org/index.php/digital-messaging/digital-messaging/digital-tncs-and-modems.html’ saved [23985]

--2026-09-25 19:34:49--  https://www.spokares.org/index.php/digital-messaging/digital-messaging/software
Reusing existing connection to www.spokares.org:443.
HTTP request sent, awaiting response... 200 OK
Length: unspecified [text/html]
Saving to: ‘www.spokares.org/index.php/digital-messaging/digital-messaging/software.html’

     0K .......... .......... ..                                394K=0.06s

2026-09-25 19:34:49 (394 KB/s) - ‘www.spokares.org/index.php/digital-messaging/digital-messaging/software.html’ saved [23306]

--2026-09-25 19:34:49--  https://www.spokares.org/index.php/digital-messaging/digital-messaging/cables-and-drivers
Reusing existing connection to www.spokares.org:443.
HTTP request sent, awaiting response... 200 OK
Length: unspecified [text/html]
Saving to: ‘www.spokares.org/index.php/digital-messaging/digital-messaging/cables-and-drivers.html’

     0K .......... .......... .....                             378K=0.07s

2026-09-25 19:34:50 (378 KB/s) - ‘www.spokares.org/index.php/digital-messaging/digital-messaging/cables-and-drivers.html’ saved [25913]

--2026-09-25 19:34:50--  https://www.spokares.org/index.php/digital-messaging/digital-messaging/packet-radio-resources
Reusing existing connection to www.spokares.org:443.
HTTP request sent, awaiting response... 200 OK
Length: unspecified [text/html]
Saving to: ‘www.spokares.org/index.php/digital-messaging/digital-messaging/packet-radio-resources.html’

     0K .......... .......... ...                               351K=0.07s

2026-09-25 19:34:51 (351 KB/s) - ‘www.spokares.org/index.php/digital-messaging/digital-messaging/packet-radio-resources.html’ saved [24550]

--2026-09-25 19:34:51--  https://www.spokares.org/index.php/digital-messaging/rfi-resources/mel-ming-rfi-resources
Reusing existing connection to www.spokares.org:443.
HTTP request sent, awaiting response... 200 OK
Length: unspecified [text/html]
Saving to: ‘www.spokares.org/index.php/digital-messaging/rfi-resources/mel-ming-rfi-resources.html’

     0K .......... .......... .....                             370K=0.07s

2026-09-25 19:34:51 (370 KB/s) - ‘www.spokares.org/index.php/digital-messaging/rfi-resources/mel-ming-rfi-resources.html’ saved [26276]

--2026-09-25 19:34:52--  https://www.spokares.org/index.php/downloads/net-preambles-and-scripts
Reusing existing connection to www.spokares.org:443.
HTTP request sent, awaiting response... 500 Internal Server Error
2026-09-25 19:34:52 ERROR 500: Internal Server Error.

--2026-09-25 19:34:52--  https://www.spokares.org/index.php/downloads/presentations
Connecting to www.spokares.org (www.spokares.org)|70.39.146.166|:443... connected.
HTTP request sent, awaiting response... 500 Internal Server Error
2026-09-25 19:34:53 ERROR 500: Internal Server Error.

--2026-09-25 19:34:53--  https://www.spokares.org/index.php/downloads/forms-and-information
Connecting to www.spokares.org (www.spokares.org)|70.39.146.166|:443... connected.
HTTP request sent, awaiting response... 500 Internal Server Error
2026-09-25 19:34:53 ERROR 500: Internal Server Error.

--2026-09-25 19:34:54--  https://www.spokares.org/index.php/downloads/digital-traffic-information-and-files
Connecting to www.spokares.org (www.spokares.org)|70.39.146.166|:443... connected.
HTTP request sent, awaiting response... 500 Internal Server Error
2026-09-25 19:34:54 ERROR 500: Internal Server Error.

--2026-09-25 19:34:54--  https://www.spokares.org/index.php/downloads/general
Connecting to www.spokares.org (www.spokares.org)|70.39.146.166|:443... connected.
HTTP request sent, awaiting response... 500 Internal Server Error
2026-09-25 19:34:55 ERROR 500: Internal Server Error.

--2026-09-25 19:34:55--  https://www.spokares.org/index.php/membership/member-login
Connecting to www.spokares.org (www.spokares.org)|70.39.146.166|:443... connected.
HTTP request sent, awaiting response... 200 OK
Length: unspecified [text/html]
Saving to: ‘www.spokares.org/index.php/membership/member-login.html’

     0K .......... .......... ..                                310K=0.07s

2026-09-25 19:34:56 (310 KB/s) - ‘www.spokares.org/index.php/membership/member-login.html’ saved [22698]

--2026-09-25 19:34:56--  https://www.spokares.org/index.php/membership/amateur-training
Reusing existing connection to www.spokares.org:443.
HTTP request sent, awaiting response... 200 OK
Length: unspecified [text/html]
Saving to: ‘www.spokares.org/index.php/membership/amateur-training.html’

     0K .......... .......... ......                            310K=0.08s

2026-09-25 19:34:56 (310 KB/s) - ‘www.spokares.org/index.php/membership/amateur-training.html’ saved [26687]

--2026-09-25 19:34:57--  https://www.spokares.org/index.php/membership/ham-radio-links
Reusing existing connection to www.spokares.org:443.
HTTP request sent, awaiting response... 200 OK
Length: unspecified [text/html]
Saving to: ‘www.spokares.org/index.php/membership/ham-radio-links.html’

     0K .......... .......... .....                             400K=0.06s

2026-09-25 19:34:57 (400 KB/s) - ‘www.spokares.org/index.php/membership/ham-radio-links.html’ saved [25849]

--2026-09-25 19:34:57--  https://www.spokares.org/index.php/contact/welcome-letter
Reusing existing connection to www.spokares.org:443.
HTTP request sent, awaiting response... 200 OK
Length: unspecified [text/html]
Saving to: ‘www.spokares.org/index.php/contact/welcome-letter.html’

     0K .......... .......... .......... .                      383K=0.08s

2026-09-25 19:34:57 (383 KB/s) - ‘www.spokares.org/index.php/contact/welcome-letter.html’ saved [32059]

--2026-09-25 19:34:58--  https://www.spokares.org/index.php/contact/join-ares-races
Reusing existing connection to www.spokares.org:443.
HTTP request sent, awaiting response... 200 OK
Length: unspecified [text/html]
Saving to: ‘www.spokares.org/index.php/contact/join-ares-races.html’

     0K .......... .......... ......                            388K=0.07s

2026-09-25 19:34:58 (388 KB/s) - ‘www.spokares.org/index.php/contact/join-ares-races.html’ saved [27624]

--2026-09-25 19:34:58--  https://www.spokares.org/images/HomePageSlider/1920x1200sunset.jpg
Reusing existing connection to www.spokares.org:443.
HTTP request sent, awaiting response... 200 OK
Length: 503428 (492K) [image/jpeg]
Saving to: ‘www.spokares.org/images/HomePageSlider/1920x1200sunset.jpg’

     0K .......... .......... .......... .......... .......... 10%  579K 1s
    50K .......... .......... .......... .......... .......... 20% 1.03M 1s
   100K .......... .......... .......... .......... .......... 30%  996K 0s
   150K .......... .......... .......... .......... .......... 40% 8.15M 0s
   200K .......... .......... .......... .......... .......... 50% 3.03M 0s
   250K .......... .......... .......... .......... .......... 61% 3.12M 0s
   300K .......... .......... .......... .......... .......... 71% 1.64M 0s
   350K .......... .......... .......... .......... .......... 81% 9.47M 0s
   400K .......... .......... .......... .......... .......... 91% 4.86M 0s
   450K .......... .......... .......... .......... .         100% 4.63M=0.3s

2026-09-25 19:34:59 (1.74 MB/s) - ‘www.spokares.org/images/HomePageSlider/1920x1200sunset.jpg’ saved [503428/503428]

--2026-09-25 19:34:59--  https://www.spokares.org/images/HomePageSlider/Operating-in-VAN_4.jpg
Reusing existing connection to www.spokares.org:443.
HTTP request sent, awaiting response... 200 OK
Length: 178576 (174K) [image/jpeg]
Saving to: ‘www.spokares.org/images/HomePageSlider/Operating-in-VAN_4.jpg’

     0K .......... .......... .......... .......... .......... 28% 42.2M 0s
    50K .......... .......... .......... .......... .......... 57% 51.6M 0s
   100K .......... .......... .......... .......... .......... 86% 18.4M 0s
   150K .......... .......... ....                            100%  834K=0.03s

2026-09-25 19:34:59 (5.01 MB/s) - ‘www.spokares.org/images/HomePageSlider/Operating-in-VAN_4.jpg’ saved [178576/178576]

--2026-09-25 19:34:59--  https://www.spokares.org/images/HomePageSlider/IMG_6574.jpg
Reusing existing connection to www.spokares.org:443.
HTTP request sent, awaiting response... 200 OK
Length: 2699592 (2.6M) [image/jpeg]
Saving to: ‘www.spokares.org/images/HomePageSlider/IMG_6574.jpg’

     0K .......... .......... .......... .......... ..........  1% 17.6M 0s
    50K .......... .......... .......... .......... ..........  3% 15.1M 0s
   100K .......... .......... .......... .......... ..........  5% 8.00M 0s
   150K .......... .......... .......... .......... ..........  7%  870K 1s
   200K .......... .......... .......... .......... ..........  9% 7.46M 1s
   250K .......... .......... .......... .......... .......... 11% 31.0M 1s
   300K .......... .......... .......... .......... .......... 13% 10.4M 1s
   350K .......... .......... .......... .......... .......... 15% 15.1M 0s
   400K .......... .......... .......... .......... .......... 17% 3.83M 0s
   450K .......... .......... .......... .......... .......... 18%  218M 0s
   500K .......... .......... .......... .......... .......... 20% 1.52M 0s
   550K .......... .......... .......... .......... .......... 22% 4.21M 0s
   600K .......... .......... .......... .......... .......... 24%  105M 0s
   650K .......... .......... .......... .......... .......... 26% 24.0M 0s
   700K .......... .......... .......... .......... .......... 28% 6.80M 0s
   750K .......... .......... .......... .......... .......... 30% 61.1M 0s
   800K .......... .......... .......... .......... .......... 32% 20.3M 0s
   850K .......... .......... .......... .......... .......... 34% 17.1M 0s
   900K .......... .......... .......... .......... .......... 36% 3.10M 0s
   950K .......... .......... .......... .......... .......... 37% 12.3M 0s
  1000K .......... .......... .......... .......... .......... 39% 9.81M 0s
  1050K .......... .......... .......... .......... .......... 41% 18.4M 0s
  1100K .......... .......... .......... .......... .......... 43% 9.53M 0s
  1150K .......... .......... .......... .......... .......... 45% 19.0M 0s
  1200K .......... .......... .......... .......... .......... 47% 19.2M 0s
  1250K .......... .......... .......... .......... .......... 49% 15.7M 0s
  1300K .......... .......... .......... .......... .......... 51% 18.1M 0s
  1350K .......... .......... .......... .......... .......... 53% 15.8M 0s
  1400K .......... .......... .......... .......... .......... 55% 33.4M 0s
  1450K .......... .......... .......... .......... .......... 56% 9.71M 0s
  1500K .......... .......... .......... .......... .......... 58% 7.76M 0s
  1550K .......... .......... .......... .......... .......... 60% 37.6M 0s
  1600K .......... .......... .......... .......... .......... 62% 9.72M 0s
  1650K .......... .......... .......... .......... .......... 64% 5.92M 0s
  1700K .......... .......... .......... .......... .......... 66%  200M 0s
  1750K .......... .......... .......... .......... .......... 68% 52.3M 0s
  1800K .......... .......... .......... .......... .......... 70% 33.8M 0s
  1850K .......... .......... .......... .......... .......... 72% 3.58M 0s
  1900K .......... .......... .......... .......... .......... 73% 23.5M 0s
  1950K .......... .......... .......... .......... .......... 75% 11.7M 0s
  2000K .......... .......... .......... .......... .......... 77% 17.1M 0s
  2050K .......... .......... .......... .......... .......... 79% 50.3M 0s
  2100K .......... .......... .......... .......... .......... 81% 7.89M 0s
  2150K .......... .......... .......... .......... .......... 83% 34.3M 0s
  2200K .......... .......... .......... .......... .......... 85% 5.15M 0s
  2250K .......... .......... .......... .......... .......... 87% 71.2M 0s
  2300K .......... .......... .......... .......... .......... 89% 20.1M 0s
  2350K .......... .......... .......... .......... .......... 91% 30.9M 0s
  2400K .......... .......... .......... .......... .......... 92% 18.2M 0s
  2450K .......... .......... .......... .......... .......... 94% 11.3M 0s
  2500K .......... .......... .......... .......... .......... 96% 28.7M 0s
  2550K .......... .......... .......... .......... .......... 98% 13.4M 0s
  2600K .......... .......... .......... ......               100% 13.9M=0.3s

2026-09-25 19:35:00 (8.73 MB/s) - ‘www.spokares.org/images/HomePageSlider/IMG_6574.jpg’ saved [2699592/2699592]

--2026-09-25 19:35:00--  https://www.spokares.org/images/HomePageSlider/8091bb_6c9b42987e484f27a66a6a7748a7db9c.jpg
Reusing existing connection to www.spokares.org:443.
HTTP request sent, awaiting response... 200 OK
Length: 66281 (65K) [image/jpeg]
Saving to: ‘www.spokares.org/images/HomePageSlider/8091bb_6c9b42987e484f27a66a6a7748a7db9c.jpg’

     0K .......... .......... .......... .......... .......... 77% 5.88M 0s
    50K .......... ....                                       100%  631K=0.03s

2026-09-25 19:35:00 (2.00 MB/s) - ‘www.spokares.org/images/HomePageSlider/8091bb_6c9b42987e484f27a66a6a7748a7db9c.jpg’ saved [66281/66281]

--2026-09-25 19:35:00--  https://www.spokares.org/images/HomePageSlider/8091bb_cfac747e80b142cf8c06b2286c1c6e0b.jpg
Reusing existing connection to www.spokares.org:443.
HTTP request sent, awaiting response... 200 OK
Length: 127929 (125K) [image/jpeg]
Saving to: ‘www.spokares.org/images/HomePageSlider/8091bb_cfac747e80b142cf8c06b2286c1c6e0b.jpg’

     0K .......... .......... .......... .......... .......... 40%  198M 0s
    50K .......... .......... .......... .......... .......... 80% 21.8M 0s
   100K .......... .......... ....                            100%  818K=0.03s

2026-09-25 19:35:01 (3.70 MB/s) - ‘www.spokares.org/images/HomePageSlider/8091bb_cfac747e80b142cf8c06b2286c1c6e0b.jpg’ saved [127929/127929]

--2026-09-25 19:35:01--  https://www.spokares.org/images/HomePageSlider/8091bb_f2f27737b12847819b5e343bf18efa27.jpg
Reusing existing connection to www.spokares.org:443.
HTTP request sent, awaiting response... 200 OK
Length: 31132 (30K) [image/jpeg]
Saving to: ‘www.spokares.org/images/HomePageSlider/8091bb_f2f27737b12847819b5e343bf18efa27.jpg’

     0K .......... .......... ..........                      100%  729K=0.04s

2026-09-25 19:35:01 (729 KB/s) - ‘www.spokares.org/images/HomePageSlider/8091bb_f2f27737b12847819b5e343bf18efa27.jpg’ saved [31132/31132]

--2026-09-25 19:35:01--  https://www.spokares.org/images/HomePageSlider/Don-on-the-air.jpg
Reusing existing connection to www.spokares.org:443.
HTTP request sent, awaiting response... 200 OK
Length: 424006 (414K) [image/jpeg]
Saving to: ‘www.spokares.org/images/HomePageSlider/Don-on-the-air.jpg’

     0K .......... .......... .......... .......... .......... 12% 5.55M 0s
    50K .......... .......... .......... .......... .......... 24% 18.3M 0s
   100K .......... .......... .......... .......... .......... 36%  932K 0s
   150K .......... .......... .......... .......... .......... 48% 5.69M 0s
   200K .......... .......... .......... .......... .......... 60% 7.51M 0s
   250K .......... .......... .......... .......... .......... 72% 4.72M 0s
   300K .......... .......... .......... .......... .......... 84%  121M 0s
   350K .......... .......... .......... .......... .......... 96% 18.2M 0s
   400K .......... ....                                       100%  132M=0.09s

2026-09-25 19:35:01 (4.31 MB/s) - ‘www.spokares.org/images/HomePageSlider/Don-on-the-air.jpg’ saved [424006/424006]

--2026-09-25 19:35:02--  https://www.spokares.org/images/HomePageSlider/KD7GHZ.jpg
Reusing existing connection to www.spokares.org:443.
HTTP request sent, awaiting response... 200 OK
Length: 49476 (48K) [image/jpeg]
Saving to: ‘www.spokares.org/images/HomePageSlider/KD7GHZ.jpg’

     0K .......... .......... .......... .......... ........  100% 1.42M=0.03s

2026-09-25 19:35:02 (1.42 MB/s) - ‘www.spokares.org/images/HomePageSlider/KD7GHZ.jpg’ saved [49476/49476]

--2026-09-25 19:35:02--  https://www.spokares.org/index.php/4-about-spokane-county-ares-races
Reusing existing connection to www.spokares.org:443.
HTTP request sent, awaiting response... 200 OK
Length: unspecified [text/html]
Saving to: ‘www.spokares.org/index.php/4-about-spokane-county-ares-races.html’

     0K .......... .......... .......... ....                   703K=0.05s

2026-09-25 19:35:02 (703 KB/s) - ‘www.spokares.org/index.php/4-about-spokane-county-ares-races.html’ saved [35621]

--2026-09-25 19:35:03--  https://www.spokares.org/index.php/component/jcalpro/27-weekly-net-controllers/1613-nz2s-simplex?Itemid=101
Reusing existing connection to www.spokares.org:443.
HTTP request sent, awaiting response... 200 OK
Length: unspecified [text/html]
Saving to: ‘www.spokares.org/index.php/component/jcalpro/27-weekly-net-controllers/1613-nz2s-simplex@Itemid=101.html’

     0K .......... .......... .......... ..........             452K=0.09s

2026-09-25 19:35:03 (452 KB/s) - ‘www.spokares.org/index.php/component/jcalpro/27-weekly-net-controllers/1613-nz2s-simplex@Itemid=101.html’ saved [41204]

--2026-09-25 19:35:03--  https://www.spokares.org/index.php/2-uncategorised/13-privacy-policy
Reusing existing connection to www.spokares.org:443.
HTTP request sent, awaiting response... 200 OK
Length: unspecified [text/html]
Saving to: ‘www.spokares.org/index.php/2-uncategorised/13-privacy-policy.html’

     0K .......... .......... .......... .......... ....        374K=0.1s

2026-09-25 19:35:04 (374 KB/s) - ‘www.spokares.org/index.php/2-uncategorised/13-privacy-policy.html’ saved [45761]

--2026-09-25 19:35:04--  https://www.spokares.org/index.php/2-uncategorised/12-terms-and-conditions
Reusing existing connection to www.spokares.org:443.
HTTP request sent, awaiting response... 200 OK
Length: unspecified [text/html]
Saving to: ‘www.spokares.org/index.php/2-uncategorised/12-terms-and-conditions.html’

     0K .......... .......... .......... ........               367K=0.1s

2026-09-25 19:35:04 (367 KB/s) - ‘www.spokares.org/index.php/2-uncategorised/12-terms-and-conditions.html’ saved [39455]

--2026-09-25 19:35:05--  https://www.spokares.org/index.php/component/jcalpro/27-weekly-net-controllers/1613-nz2s-simplex?Itemid=104
Reusing existing connection to www.spokares.org:443.
HTTP request sent, awaiting response... 200 OK
Length: unspecified [text/html]
Saving to: ‘www.spokares.org/index.php/component/jcalpro/27-weekly-net-controllers/1613-nz2s-simplex@Itemid=104.html’

     0K .......... .......... .........                         447K=0.07s

2026-09-25 19:35:05 (447 KB/s) - ‘www.spokares.org/index.php/component/jcalpro/27-weekly-net-controllers/1613-nz2s-simplex@Itemid=104.html’ saved [30651]

--2026-09-25 19:35:05--  https://www.spokares.org/index.php/about/ares-races-leadership/2-uncategorised/13-privacy-policy
Reusing existing connection to www.spokares.org:443.
HTTP request sent, awaiting response... 200 OK
Length: unspecified [text/html]
Saving to: ‘www.spokares.org/index.php/about/ares-races-leadership/2-uncategorised/13-privacy-policy.html’

     0K .......... .......... .......... ....                   405K=0.09s

2026-09-25 19:35:05 (405 KB/s) - ‘www.spokares.org/index.php/about/ares-races-leadership/2-uncategorised/13-privacy-policy.html’ saved [35731]

--2026-09-25 19:35:06--  https://www.spokares.org/index.php/about/ares-races-leadership/2-uncategorised/12-terms-and-conditions
Reusing existing connection to www.spokares.org:443.
HTTP request sent, awaiting response... 200 OK
Length: unspecified [text/html]
Saving to: ‘www.spokares.org/index.php/about/ares-races-leadership/2-uncategorised/12-terms-and-conditions.html’

     0K .......... .......... ........                          309K=0.09s

2026-09-25 19:35:06 (309 KB/s) - ‘www.spokares.org/index.php/about/ares-races-leadership/2-uncategorised/12-terms-and-conditions.html’ saved [29425]

--2026-09-25 19:35:06--  https://www.spokares.org/index.php/component/jcalpro/27-weekly-net-controllers/1613-nz2s-simplex?Itemid=112
Reusing existing connection to www.spokares.org:443.
HTTP request sent, awaiting response... 200 OK
Length: unspecified [text/html]
Saving to: ‘www.spokares.org/index.php/component/jcalpro/27-weekly-net-controllers/1613-nz2s-simplex@Itemid=112.html’

     0K .......... .......... .........                         379K=0.08s

2026-09-25 19:35:07 (379 KB/s) - ‘www.spokares.org/index.php/component/jcalpro/27-weekly-net-controllers/1613-nz2s-simplex@Itemid=112.html’ saved [30651]

--2026-09-25 19:35:07--  https://www.spokares.org/index.php/about/amateur-code/2-uncategorised/13-privacy-policy
Reusing existing connection to www.spokares.org:443.
HTTP request sent, awaiting response... 200 OK
Length: unspecified [text/html]
Saving to: ‘www.spokares.org/index.php/about/amateur-code/2-uncategorised/13-privacy-policy.html’

     0K .......... .......... .......... ....                   443K=0.08s

2026-09-25 19:35:07 (443 KB/s) - ‘www.spokares.org/index.php/about/amateur-code/2-uncategorised/13-privacy-policy.html’ saved [35629]

--2026-09-25 19:35:08--  https://www.spokares.org/index.php/about/amateur-code/2-uncategorised/12-terms-and-conditions
Reusing existing connection to www.spokares.org:443.
HTTP request sent, awaiting response... 200 OK
Length: unspecified [text/html]
Saving to: ‘www.spokares.org/index.php/about/amateur-code/2-uncategorised/12-terms-and-conditions.html’

     0K .......... .......... ........                          387K=0.07s

2026-09-25 19:35:08 (387 KB/s) - ‘www.spokares.org/index.php/about/amateur-code/2-uncategorised/12-terms-and-conditions.html’ saved [29323]

--2026-09-25 19:35:09--  https://www.spokares.org/images/floy.gif
Reusing existing connection to www.spokares.org:443.
HTTP request sent, awaiting response... 200 OK
Length: 26569 (26K) [image/gif]
Saving to: ‘www.spokares.org/images/floy.gif’

     0K .......... .......... .....                           100%  377K=0.07s

2026-09-25 19:35:09 (377 KB/s) - ‘www.spokares.org/images/floy.gif’ saved [26569/26569]

--2026-09-25 19:35:09--  https://www.spokares.org/index.php/component/jcalpro/27-weekly-net-controllers/1613-nz2s-simplex?Itemid=111
Reusing existing connection to www.spokares.org:443.
HTTP request sent, awaiting response... 200 OK
Length: unspecified [text/html]
Saving to: ‘www.spokares.org/index.php/component/jcalpro/27-weekly-net-controllers/1613-nz2s-simplex@Itemid=111.html’

     0K .......... .......... .........                         491K=0.06s

2026-09-25 19:35:09 (491 KB/s) - ‘www.spokares.org/index.php/component/jcalpro/27-weekly-net-controllers/1613-nz2s-simplex@Itemid=111.html’ saved [30651]

--2026-09-25 19:35:10--  https://www.spokares.org/index.php/about/w7gbu-history/2-uncategorised/13-privacy-policy
Reusing existing connection to www.spokares.org:443.
HTTP request sent, awaiting response... 200 OK
Length: unspecified [text/html]
Saving to: ‘www.spokares.org/index.php/about/w7gbu-history/2-uncategorised/13-privacy-policy.html’

     0K .......... .......... .......... ....                   421K=0.08s

2026-09-25 19:35:10 (421 KB/s) - ‘www.spokares.org/index.php/about/w7gbu-history/2-uncategorised/13-privacy-policy.html’ saved [35643]

--2026-09-25 19:35:10--  https://www.spokares.org/index.php/about/w7gbu-history/2-uncategorised/12-terms-and-conditions
Reusing existing connection to www.spokares.org:443.
HTTP request sent, awaiting response... 200 OK
Length: unspecified [text/html]
Saving to: ‘www.spokares.org/index.php/about/w7gbu-history/2-uncategorised/12-terms-and-conditions.html’

     0K .......... .......... ........                          327K=0.09s

2026-09-25 19:35:11 (327 KB/s) - ‘www.spokares.org/index.php/about/w7gbu-history/2-uncategorised/12-terms-and-conditions.html’ saved [29337]

--2026-09-25 19:35:11--  https://www.spokares.org/images/DEM_map.png
Reusing existing connection to www.spokares.org:443.
HTTP request sent, awaiting response... 200 OK
Length: 241405 (236K) [image/png]
Saving to: ‘www.spokares.org/images/DEM_map.png’

     0K .......... .......... .......... .......... .......... 21%  391K 0s
    50K .......... .......... .......... .......... .......... 42%  454K 0s
   100K .......... .......... .......... .......... .......... 63%  471K 0s
   150K .......... .......... .......... .......... .......... 84%  586K 0s
   200K .......... .......... .......... .....                100%  586K=0.5s

2026-09-25 19:35:12 (480 KB/s) - ‘www.spokares.org/images/DEM_map.png’ saved [241405/241405]

--2026-09-25 19:35:12--  https://www.spokares.org/index.php/component/jcalpro/27-weekly-net-controllers/1613-nz2s-simplex?Itemid=256
Reusing existing connection to www.spokares.org:443.
HTTP request sent, awaiting response... 200 OK
Length: unspecified [text/html]
Saving to: ‘www.spokares.org/index.php/component/jcalpro/27-weekly-net-controllers/1613-nz2s-simplex@Itemid=256.html’

     0K .......... .......... .........                         913K=0.03s

2026-09-25 19:35:12 (913 KB/s) - ‘www.spokares.org/index.php/component/jcalpro/27-weekly-net-controllers/1613-nz2s-simplex@Itemid=256.html’ saved [30651]

--2026-09-25 19:35:12--  https://www.spokares.org/index.php/about/meeting-location/2-uncategorised/13-privacy-policy
Reusing existing connection to www.spokares.org:443.
HTTP request sent, awaiting response... 200 OK
Length: unspecified [text/html]
Saving to: ‘www.spokares.org/index.php/about/meeting-location/2-uncategorised/13-privacy-policy.html’

     0K .......... .......... .......... ....                   515K=0.07s

2026-09-25 19:35:13 (515 KB/s) - ‘www.spokares.org/index.php/about/meeting-location/2-uncategorised/13-privacy-policy.html’ saved [35677]

--2026-09-25 19:35:13--  https://www.spokares.org/index.php/about/meeting-location/2-uncategorised/12-terms-and-conditions
Reusing existing connection to www.spokares.org:443.
HTTP request sent, awaiting response... 200 OK
Length: unspecified [text/html]
Saving to: ‘www.spokares.org/index.php/about/meeting-location/2-uncategorised/12-terms-and-conditions.html’

     0K .......... .......... ........                         1004K=0.03s

2026-09-25 19:35:13 (1004 KB/s) - ‘www.spokares.org/index.php/about/meeting-location/2-uncategorised/12-terms-and-conditions.html’ saved [29371]

--2026-09-25 19:35:13--  http://spokares.org/
Connecting to spokares.org (spokares.org)|70.39.146.166|:80... failed: Operation timed out.
Resolving spokares.org (spokares.org)... 70.39.146.166
Connecting to spokares.org (spokares.org)|70.39.146.166|:80... connected.
HTTP request sent, awaiting response... 200 OK
Length: unspecified [text/html]
Saving to: ‘spokares.org/index.html’

     0K .......... .......... .......... ...                    422K=0.08s

2026-09-25 19:35:30 (422 KB/s) - ‘spokares.org/index.html’ saved [34066]

--2026-09-25 19:35:31--  https://www.spokares.org/index.php/about/mou-with-ievhfra/2-uncategorised/13-privacy-policy
Connecting to www.spokares.org (www.spokares.org)|70.39.146.166|:443... connected.
HTTP request sent, awaiting response... 200 OK
Length: unspecified [text/html]
Saving to: ‘www.spokares.org/index.php/about/mou-with-ievhfra/2-uncategorised/13-privacy-policy.html’

     0K .......... .......... ......                            347K=0.08s

2026-09-25 19:35:31 (347 KB/s) - ‘www.spokares.org/index.php/about/mou-with-ievhfra/2-uncategorised/13-privacy-policy.html’ saved [27408]

--2026-09-25 19:35:32--  https://www.spokares.org/index.php/about/mou-with-ievhfra/2-uncategorised/12-terms-and-conditions
Reusing existing connection to www.spokares.org:443.
HTTP request sent, awaiting response... 200 OK
Length: unspecified [text/html]
Saving to: ‘www.spokares.org/index.php/about/mou-with-ievhfra/2-uncategorised/12-terms-and-conditions.html’

     0K .......... ..........                                   307K=0.07s

2026-09-25 19:35:32 (307 KB/s) - ‘www.spokares.org/index.php/about/mou-with-ievhfra/2-uncategorised/12-terms-and-conditions.html’ saved [21088]

--2026-09-25 19:35:32--  https://www.spokares.org/index.php/component/jcalpro/27-weekly-net-controllers/1613-nz2s-simplex?Itemid=117
Reusing existing connection to www.spokares.org:443.
HTTP request sent, awaiting response... 200 OK
Length: unspecified [text/html]
Saving to: ‘www.spokares.org/index.php/component/jcalpro/27-weekly-net-controllers/1613-nz2s-simplex@Itemid=117.html’

     0K .......... .......... .........                         480K=0.06s

2026-09-25 19:35:33 (480 KB/s) - ‘www.spokares.org/index.php/component/jcalpro/27-weekly-net-controllers/1613-nz2s-simplex@Itemid=117.html’ saved [30651]

--2026-09-25 19:35:33--  https://www.spokares.org/index.php/operations/incident-command-system/2-uncategorised/13-privacy-policy
Reusing existing connection to www.spokares.org:443.
HTTP request sent, awaiting response... 200 OK
Length: unspecified [text/html]
Saving to: ‘www.spokares.org/index.php/operations/incident-command-system/2-uncategorised/13-privacy-policy.html’

     0K .......... .......... .......... ....                   489K=0.07s

2026-09-25 19:35:33 (489 KB/s) - ‘www.spokares.org/index.php/operations/incident-command-system/2-uncategorised/13-privacy-policy.html’ saved [35820]

--2026-09-25 19:35:33--  https://www.spokares.org/index.php/operations/incident-command-system/2-uncategorised/12-terms-and-conditions
Reusing existing connection to www.spokares.org:443.
HTTP request sent, awaiting response... 200 OK
Length: unspecified [text/html]
Saving to: ‘www.spokares.org/index.php/operations/incident-command-system/2-uncategorised/12-terms-and-conditions.html’

     0K .......... .......... ........                          298K=0.1s

2026-09-25 19:35:34 (298 KB/s) - ‘www.spokares.org/index.php/operations/incident-command-system/2-uncategorised/12-terms-and-conditions.html’ saved [29514]

--2026-09-25 19:35:34--  https://www.spokares.org/index.php/component/jcalpro/27-weekly-net-controllers/1613-nz2s-simplex?Itemid=154
Reusing existing connection to www.spokares.org:443.
HTTP request sent, awaiting response... 200 OK
Length: unspecified [text/html]
Saving to: ‘www.spokares.org/index.php/component/jcalpro/27-weekly-net-controllers/1613-nz2s-simplex@Itemid=154.html’

     0K .......... .......... .........                         508K=0.06s

2026-09-25 19:35:34 (508 KB/s) - ‘www.spokares.org/index.php/component/jcalpro/27-weekly-net-controllers/1613-nz2s-simplex@Itemid=154.html’ saved [30651]

--2026-09-25 19:35:35--  https://www.spokares.org/index.php/component/jcalpro/27-weekly-net-controllers/1613-nz2s-simplex?Itemid=155
Reusing existing connection to www.spokares.org:443.
HTTP request sent, awaiting response... 200 OK
Length: unspecified [text/html]
Saving to: ‘www.spokares.org/index.php/component/jcalpro/27-weekly-net-controllers/1613-nz2s-simplex@Itemid=155.html’

     0K .......... .......... .........                         483K=0.06s

2026-09-25 19:35:35 (483 KB/s) - ‘www.spokares.org/index.php/component/jcalpro/27-weekly-net-controllers/1613-nz2s-simplex@Itemid=155.html’ saved [30651]

--2026-09-25 19:35:35--  https://www.spokares.org/index.php/operations/status-codes/2-uncategorised/13-privacy-policy
Reusing existing connection to www.spokares.org:443.
HTTP request sent, awaiting response... 200 OK
Length: unspecified [text/html]
Saving to: ‘www.spokares.org/index.php/operations/status-codes/2-uncategorised/13-privacy-policy.html’

     0K .......... .......... .......... ....                   430K=0.08s

2026-09-25 19:35:36 (430 KB/s) - ‘www.spokares.org/index.php/operations/status-codes/2-uncategorised/13-privacy-policy.html’ saved [35682]

--2026-09-25 19:35:36--  https://www.spokares.org/index.php/operations/status-codes/2-uncategorised/12-terms-and-conditions
Reusing existing connection to www.spokares.org:443.
HTTP request sent, awaiting response... 200 OK
Length: unspecified [text/html]
Saving to: ‘www.spokares.org/index.php/operations/status-codes/2-uncategorised/12-terms-and-conditions.html’

     0K .......... .......... ........                          368K=0.08s

2026-09-25 19:35:36 (368 KB/s) - ‘www.spokares.org/index.php/operations/status-codes/2-uncategorised/12-terms-and-conditions.html’ saved [29376]

--2026-09-25 19:35:37--  https://www.spokares.org/index.php/component/alfcontact/?view=alfcontact&Itemid=197
Reusing existing connection to www.spokares.org:443.
HTTP request sent, awaiting response... 500 Internal Server Error
2026-09-25 19:35:37 ERROR 500: Internal Server Error.

--2026-09-25 19:35:37--  https://www.spokares.org/index.php/component/jcalpro/27-weekly-net-controllers/1613-nz2s-simplex?Itemid=354
Connecting to www.spokares.org (www.spokares.org)|70.39.146.166|:443... connected.
HTTP request sent, awaiting response... 200 OK
Length: unspecified [text/html]
Saving to: ‘www.spokares.org/index.php/component/jcalpro/27-weekly-net-controllers/1613-nz2s-simplex@Itemid=354.html’

     0K .......... .......... .........                         579K=0.05s

2026-09-25 19:35:38 (579 KB/s) - ‘www.spokares.org/index.php/component/jcalpro/27-weekly-net-controllers/1613-nz2s-simplex@Itemid=354.html’ saved [30651]

--2026-09-25 19:35:38--  https://www.spokares.org/index.php/operations/skywarn-weather-spotting/2-uncategorised/13-privacy-policy
Reusing existing connection to www.spokares.org:443.
HTTP request sent, awaiting response... 200 OK
Length: unspecified [text/html]
Saving to: ‘www.spokares.org/index.php/operations/skywarn-weather-spotting/2-uncategorised/13-privacy-policy.html’

     0K .......... .......... .......... ....                   482K=0.07s

2026-09-25 19:35:38 (482 KB/s) - ‘www.spokares.org/index.php/operations/skywarn-weather-spotting/2-uncategorised/13-privacy-policy.html’ saved [35834]

--2026-09-25 19:35:39--  https://www.spokares.org/index.php/operations/skywarn-weather-spotting/2-uncategorised/12-terms-and-conditions
Reusing existing connection to www.spokares.org:443.
HTTP request sent, awaiting response... 200 OK
Length: unspecified [text/html]
Saving to: ‘www.spokares.org/index.php/operations/skywarn-weather-spotting/2-uncategorised/12-terms-and-conditions.html’

     0K .......... .......... ........                          346K=0.08s

2026-09-25 19:35:39 (346 KB/s) - ‘www.spokares.org/index.php/operations/skywarn-weather-spotting/2-uncategorised/12-terms-and-conditions.html’ saved [29528]

--2026-09-25 19:35:39--  https://www.spokares.org/index.php/component/jcalpro/27-weekly-net-controllers/1613-nz2s-simplex?Itemid=419
Reusing existing connection to www.spokares.org:443.
HTTP request sent, awaiting response... 200 OK
Length: unspecified [text/html]
Saving to: ‘www.spokares.org/index.php/component/jcalpro/27-weekly-net-controllers/1613-nz2s-simplex@Itemid=419.html’

     0K .......... .......... .........                         393K=0.08s

2026-09-25 19:35:40 (393 KB/s) - ‘www.spokares.org/index.php/component/jcalpro/27-weekly-net-controllers/1613-nz2s-simplex@Itemid=419.html’ saved [30651]

--2026-09-25 19:35:40--  https://www.spokares.org/index.php/component/jcalpro/27-weekly-net-controllers/1613-nz2s-simplex?Itemid=420
Reusing existing connection to www.spokares.org:443.
HTTP request sent, awaiting response... 200 OK
Length: unspecified [text/html]
Saving to: ‘www.spokares.org/index.php/component/jcalpro/27-weekly-net-controllers/1613-nz2s-simplex@Itemid=420.html’

     0K .......... .......... .........                         403K=0.07s

2026-09-25 19:35:40 (403 KB/s) - ‘www.spokares.org/index.php/component/jcalpro/27-weekly-net-controllers/1613-nz2s-simplex@Itemid=420.html’ saved [30651]

--2026-09-25 19:35:40--  https://www.spokares.org/index.php/component/jcalpro/27-weekly-net-controllers/1613-nz2s-simplex?Itemid=488
Reusing existing connection to www.spokares.org:443.
HTTP request sent, awaiting response... 200 OK
Length: unspecified [text/html]
Saving to: ‘www.spokares.org/index.php/component/jcalpro/27-weekly-net-controllers/1613-nz2s-simplex@Itemid=488.html’

     0K .......... .......... .........                         368K=0.08s

2026-09-25 19:35:41 (368 KB/s) - ‘www.spokares.org/index.php/component/jcalpro/27-weekly-net-controllers/1613-nz2s-simplex@Itemid=488.html’ saved [30651]

--2026-09-25 19:35:41--  https://www.spokares.org/index.php/component/jcalpro/27-weekly-net-controllers/1613-nz2s-simplex?Itemid=418
Reusing existing connection to www.spokares.org:443.
HTTP request sent, awaiting response... 200 OK
Length: unspecified [text/html]
Saving to: ‘www.spokares.org/index.php/component/jcalpro/27-weekly-net-controllers/1613-nz2s-simplex@Itemid=418.html’

     0K .......... .......... .........                         296K=0.1s

2026-09-25 19:35:42 (296 KB/s) - ‘www.spokares.org/index.php/component/jcalpro/27-weekly-net-controllers/1613-nz2s-simplex@Itemid=418.html’ saved [30651]

--2026-09-25 19:35:42--  https://www.spokares.org/index.php/component/jcalpro/27-weekly-net-controllers/1613-nz2s-simplex?Itemid=487
Reusing existing connection to www.spokares.org:443.
HTTP request sent, awaiting response... 200 OK
Length: unspecified [text/html]
Saving to: ‘www.spokares.org/index.php/component/jcalpro/27-weekly-net-controllers/1613-nz2s-simplex@Itemid=487.html’

     0K .......... .......... .........                         417K=0.07s

2026-09-25 19:35:42 (417 KB/s) - ‘www.spokares.org/index.php/component/jcalpro/27-weekly-net-controllers/1613-nz2s-simplex@Itemid=487.html’ saved [30651]

--2026-09-25 19:35:43--  https://www.spokares.org/index.php/digital-messaging/rfi-resources/mel-ming-rfi-resources/2-uncategorised/13-privacy-policy
Reusing existing connection to www.spokares.org:443.
HTTP request sent, awaiting response... 200 OK
Length: unspecified [text/html]
Saving to: ‘www.spokares.org/index.php/digital-messaging/rfi-resources/mel-ming-rfi-resources/2-uncategorised/13-privacy-policy.html’

     0K .......... .......... ......                            313K=0.09s

2026-09-25 19:35:43 (313 KB/s) - ‘www.spokares.org/index.php/digital-messaging/rfi-resources/mel-ming-rfi-resources/2-uncategorised/13-privacy-policy.html’ saved [27583]

--2026-09-25 19:35:43--  https://www.spokares.org/index.php/digital-messaging/rfi-resources/mel-ming-rfi-resources/2-uncategorised/12-terms-and-conditions
Reusing existing connection to www.spokares.org:443.
HTTP request sent, awaiting response... 200 OK
Length: unspecified [text/html]
Saving to: ‘www.spokares.org/index.php/digital-messaging/rfi-resources/mel-ming-rfi-resources/2-uncategorised/12-terms-and-conditions.html’

     0K .......... ..........                                  1.73M=0.01s

2026-09-25 19:35:43 (1.73 MB/s) - ‘www.spokares.org/index.php/digital-messaging/rfi-resources/mel-ming-rfi-resources/2-uncategorised/12-terms-and-conditions.html’ saved [21263]

--2026-09-25 19:35:44--  https://www.spokares.org/index.php/component/jcalpro/27-weekly-net-controllers/1613-nz2s-simplex?Itemid=124
Reusing existing connection to www.spokares.org:443.
HTTP request sent, awaiting response... 200 OK
Length: unspecified [text/html]
Saving to: ‘www.spokares.org/index.php/component/jcalpro/27-weekly-net-controllers/1613-nz2s-simplex@Itemid=124.html’

     0K .......... .......... .........                         440K=0.07s

2026-09-25 19:35:44 (440 KB/s) - ‘www.spokares.org/index.php/component/jcalpro/27-weekly-net-controllers/1613-nz2s-simplex@Itemid=124.html’ saved [30651]

--2026-09-25 19:35:44--  https://www.spokares.org/index.php/component/jcalpro/27-weekly-net-controllers/1613-nz2s-simplex?Itemid=383
Reusing existing connection to www.spokares.org:443.
HTTP request sent, awaiting response... 200 OK
Length: unspecified [text/html]
Saving to: ‘www.spokares.org/index.php/component/jcalpro/27-weekly-net-controllers/1613-nz2s-simplex@Itemid=383.html’

     0K .......... .......... .........                         445K=0.07s

2026-09-25 19:35:44 (445 KB/s) - ‘www.spokares.org/index.php/component/jcalpro/27-weekly-net-controllers/1613-nz2s-simplex@Itemid=383.html’ saved [30651]

--2026-09-25 19:35:45--  https://www.spokares.org/index.php/membership/amateur-training/2-uncategorised/13-privacy-policy
Reusing existing connection to www.spokares.org:443.
HTTP request sent, awaiting response... 200 OK
Length: unspecified [text/html]
Saving to: ‘www.spokares.org/index.php/membership/amateur-training/2-uncategorised/13-privacy-policy.html’

     0K .......... .......... .......... ....                   502K=0.07s

2026-09-25 19:35:45 (502 KB/s) - ‘www.spokares.org/index.php/membership/amateur-training/2-uncategorised/13-privacy-policy.html’ saved [35726]

--2026-09-25 19:35:45--  https://www.spokares.org/index.php/membership/amateur-training/2-uncategorised/12-terms-and-conditions
Reusing existing connection to www.spokares.org:443.
HTTP request sent, awaiting response... 200 OK
Length: unspecified [text/html]
Saving to: ‘www.spokares.org/index.php/membership/amateur-training/2-uncategorised/12-terms-and-conditions.html’

     0K .......... .......... ........                          356K=0.08s

2026-09-25 19:35:46 (356 KB/s) - ‘www.spokares.org/index.php/membership/amateur-training/2-uncategorised/12-terms-and-conditions.html’ saved [29420]

--2026-09-25 19:35:46--  https://www.spokares.org/index.php/component/jcalpro/27-weekly-net-controllers/1613-nz2s-simplex?Itemid=162
Reusing existing connection to www.spokares.org:443.
HTTP request sent, awaiting response... 200 OK
Length: unspecified [text/html]
Saving to: ‘www.spokares.org/index.php/component/jcalpro/27-weekly-net-controllers/1613-nz2s-simplex@Itemid=162.html’

     0K .......... .......... .........                         373K=0.08s

2026-09-25 19:35:46 (373 KB/s) - ‘www.spokares.org/index.php/component/jcalpro/27-weekly-net-controllers/1613-nz2s-simplex@Itemid=162.html’ saved [30651]

--2026-09-25 19:35:47--  https://www.spokares.org/index.php/membership/ham-radio-links/2-uncategorised/13-privacy-policy
Reusing existing connection to www.spokares.org:443.
HTTP request sent, awaiting response... 200 OK
Length: unspecified [text/html]
Saving to: ‘www.spokares.org/index.php/membership/ham-radio-links/2-uncategorised/13-privacy-policy.html’

     0K .......... .......... .......... ....                   366K=0.1s

2026-09-25 19:35:47 (366 KB/s) - ‘www.spokares.org/index.php/membership/ham-radio-links/2-uncategorised/13-privacy-policy.html’ saved [35716]

--2026-09-25 19:35:47--  https://www.spokares.org/index.php/membership/ham-radio-links/2-uncategorised/12-terms-and-conditions
Reusing existing connection to www.spokares.org:443.
HTTP request sent, awaiting response... 200 OK
Length: unspecified [text/html]
Saving to: ‘www.spokares.org/index.php/membership/ham-radio-links/2-uncategorised/12-terms-and-conditions.html’

     0K .......... .......... ........                          304K=0.09s

2026-09-25 19:35:48 (304 KB/s) - ‘www.spokares.org/index.php/membership/ham-radio-links/2-uncategorised/12-terms-and-conditions.html’ saved [29410]

--2026-09-25 19:35:48--  https://www.spokares.org/images/logos/Spokane_County_ARES_RACES_logo_dash.png
Reusing existing connection to www.spokares.org:443.
HTTP request sent, awaiting response... 200 OK
Length: 26794 (26K) [image/png]
Saving to: ‘www.spokares.org/images/logos/Spokane_County_ARES_RACES_logo_dash.png’

     0K .......... .......... ......                          100%  396K=0.07s

2026-09-25 19:35:48 (396 KB/s) - ‘www.spokares.org/images/logos/Spokane_County_ARES_RACES_logo_dash.png’ saved [26794/26794]

--2026-09-25 19:35:48--  https://www.spokares.org/index.php/component/jcalpro/27-weekly-net-controllers/1613-nz2s-simplex?Itemid=382
Reusing existing connection to www.spokares.org:443.
HTTP request sent, awaiting response... 200 OK
Length: unspecified [text/html]
Saving to: ‘www.spokares.org/index.php/component/jcalpro/27-weekly-net-controllers/1613-nz2s-simplex@Itemid=382.html’

     0K .......... .......... .........                         388K=0.08s

2026-09-25 19:35:49 (388 KB/s) - ‘www.spokares.org/index.php/component/jcalpro/27-weekly-net-controllers/1613-nz2s-simplex@Itemid=382.html’ saved [30651]

--2026-09-25 19:35:49--  https://www.spokares.org/index.php/contact/welcome-letter/2-uncategorised/13-privacy-policy
Reusing existing connection to www.spokares.org:443.
HTTP request sent, awaiting response... 200 OK
Length: unspecified [text/html]
Saving to: ‘www.spokares.org/index.php/contact/welcome-letter/2-uncategorised/13-privacy-policy.html’

     0K .......... .......... .......... ....                   585K=0.06s

2026-09-25 19:35:49 (585 KB/s) - ‘www.spokares.org/index.php/contact/welcome-letter/2-uncategorised/13-privacy-policy.html’ saved [35723]

--2026-09-25 19:35:50--  https://www.spokares.org/index.php/contact/welcome-letter/2-uncategorised/12-terms-and-conditions
Reusing existing connection to www.spokares.org:443.
HTTP request sent, awaiting response... 200 OK
Length: unspecified [text/html]
Saving to: ‘www.spokares.org/index.php/contact/welcome-letter/2-uncategorised/12-terms-and-conditions.html’

     0K .......... .......... ........                          317K=0.09s

2026-09-25 19:35:50 (317 KB/s) - ‘www.spokares.org/index.php/contact/welcome-letter/2-uncategorised/12-terms-and-conditions.html’ saved [29417]

--2026-09-25 19:35:50--  https://www.spokares.org/index.php/downloads/forms-and-information/routedownload/forms-and-information/ares-races-membership-appplication
Reusing existing connection to www.spokares.org:443.
HTTP request sent, awaiting response... 500 Internal Server Error
2026-09-25 19:35:50 ERROR 500: Internal Server Error.

--2026-09-25 19:35:51--  https://www.spokares.org/index.php/component/jcalpro/27-weekly-net-controllers/1613-nz2s-simplex?Itemid=164
Connecting to www.spokares.org (www.spokares.org)|70.39.146.166|:443... connected.
HTTP request sent, awaiting response... 200 OK
Length: unspecified [text/html]
Saving to: ‘www.spokares.org/index.php/component/jcalpro/27-weekly-net-controllers/1613-nz2s-simplex@Itemid=164.html’

     0K .......... .......... .........                         301K=0.1s

2026-09-25 19:35:51 (301 KB/s) - ‘www.spokares.org/index.php/component/jcalpro/27-weekly-net-controllers/1613-nz2s-simplex@Itemid=164.html’ saved [30651]

--2026-09-25 19:35:51--  https://www.spokares.org/index.php/contact/join-ares-races/2-uncategorised/13-privacy-policy
Reusing existing connection to www.spokares.org:443.
HTTP request sent, awaiting response... 200 OK
Length: unspecified [text/html]
Saving to: ‘www.spokares.org/index.php/contact/join-ares-races/2-uncategorised/13-privacy-policy.html’

     0K .......... .......... .......... ....                   469K=0.07s

2026-09-25 19:35:52 (469 KB/s) - ‘www.spokares.org/index.php/contact/join-ares-races/2-uncategorised/13-privacy-policy.html’ saved [35689]

--2026-09-25 19:35:52--  https://www.spokares.org/index.php/contact/join-ares-races/2-uncategorised/12-terms-and-conditions
Reusing existing connection to www.spokares.org:443.
HTTP request sent, awaiting response... 200 OK
Length: unspecified [text/html]
Saving to: ‘www.spokares.org/index.php/contact/join-ares-races/2-uncategorised/12-terms-and-conditions.html’

     0K .......... .......... ........                          356K=0.08s

2026-09-25 19:35:52 (356 KB/s) - ‘www.spokares.org/index.php/contact/join-ares-races/2-uncategorised/12-terms-and-conditions.html’ saved [29383]

--2026-09-25 19:35:53--  https://www.spokares.org/index.php/component/jcalpro/27-weekly-net-controllers/1613-nz2s-simplex
Reusing existing connection to www.spokares.org:443.
HTTP request sent, awaiting response... 200 OK
Length: unspecified [text/html]
Saving to: ‘www.spokares.org/index.php/component/jcalpro/27-weekly-net-controllers/1613-nz2s-simplex.html’

     0K .......... .......... ..                               1.48M=0.02s

2026-09-25 19:35:53 (1.48 MB/s) - ‘www.spokares.org/index.php/component/jcalpro/27-weekly-net-controllers/1613-nz2s-simplex.html’ saved [23312]

--2026-09-25 19:35:53--  https://www.spokares.org/index.php/component/jcalpro/categories
Reusing existing connection to www.spokares.org:443.
HTTP request sent, awaiting response... 200 OK
Length: unspecified [text/html]
Saving to: ‘www.spokares.org/index.php/component/jcalpro/categories.html’

     0K .......... .......... ......                            407K=0.07s

2026-09-25 19:35:53 (407 KB/s) - ‘www.spokares.org/index.php/component/jcalpro/categories.html’ saved [27570]

--2026-09-25 19:35:54--  https://www.spokares.org/index.php/component/jcalpro/27-weekly-net-controllers
Reusing existing connection to www.spokares.org:443.
HTTP request sent, awaiting response... 200 OK
Length: unspecified [text/html]
Saving to: ‘www.spokares.org/index.php/component/jcalpro/27-weekly-net-controllers.html’

     0K .......... .......... .......... .......... .....       620K=0.07s

2026-09-25 19:35:54 (620 KB/s) - ‘www.spokares.org/index.php/component/jcalpro/27-weekly-net-controllers.html’ saved [46366]

--2026-09-25 19:35:54--  https://www.spokares.org/index.php/2-uncategorised
Reusing existing connection to www.spokares.org:443.
HTTP request sent, awaiting response... 200 OK
Length: unspecified [text/html]
Saving to: ‘www.spokares.org/index.php/2-uncategorised.html’

     0K .......... .......... .......... .......... ..........  363K
    50K .......... .......... ..                               1.60M=0.2s

2026-09-25 19:35:55 (481 KB/s) - ‘www.spokares.org/index.php/2-uncategorised.html’ saved [74713]

--2026-09-25 19:35:55--  https://www.spokares.org/index.php/about/ares-races-leadership/2-uncategorised
Reusing existing connection to www.spokares.org:443.
HTTP request sent, awaiting response... 200 OK
Length: unspecified [text/html]
Saving to: ‘www.spokares.org/index.php/about/ares-races-leadership/2-uncategorised.html’

     0K .......... .......... .......... .......... ..........  355K
    50K ........                                               62.6M=0.1s

2026-09-25 19:35:56 (418 KB/s) - ‘www.spokares.org/index.php/about/ares-races-leadership/2-uncategorised.html’ saved [60397]

--2026-09-25 19:35:56--  https://www.spokares.org/index.php/about/amateur-code/2-uncategorised
Reusing existing connection to www.spokares.org:443.
HTTP request sent, awaiting response... 200 OK
Length: unspecified [text/html]
Saving to: ‘www.spokares.org/index.php/about/amateur-code/2-uncategorised.html’

     0K .......... .......... .......... .......... ..........  351K
    50K ........                                               80.2M=0.1s

2026-09-25 19:35:57 (414 KB/s) - ‘www.spokares.org/index.php/about/amateur-code/2-uncategorised.html’ saved [60286]

--2026-09-25 19:35:57--  https://www.spokares.org/index.php/about/w7gbu-history/2-uncategorised
Reusing existing connection to www.spokares.org:443.
HTTP request sent, awaiting response... 200 OK
Length: unspecified [text/html]
Saving to: ‘www.spokares.org/index.php/about/w7gbu-history/2-uncategorised.html’

     0K .......... .......... .......... .......... ..........  350K
    50K ........                                               27.2M=0.1s

2026-09-25 19:35:58 (411 KB/s) - ‘www.spokares.org/index.php/about/w7gbu-history/2-uncategorised.html’ saved [60301]

--2026-09-25 19:35:58--  https://www.spokares.org/index.php/about/meeting-location/2-uncategorised
Reusing existing connection to www.spokares.org:443.
HTTP request sent, awaiting response... 200 OK
Length: unspecified [text/html]
Saving to: ‘www.spokares.org/index.php/about/meeting-location/2-uncategorised.html’

     0K .......... .......... .......... .......... ..........  364K
    50K ........                                               3.07M=0.1s

2026-09-25 19:35:58 (420 KB/s) - ‘www.spokares.org/index.php/about/meeting-location/2-uncategorised.html’ saved [60338]

--2026-09-25 19:35:58--  http://spokares.org/templates/js_wright/favicon.ico
Connecting to spokares.org (spokares.org)|70.39.146.166|:80... connected.
HTTP request sent, awaiting response... 200 OK
Length: 4286 (4.2K) [image/x-icon]
Saving to: ‘spokares.org/templates/js_wright/favicon.ico’

     0K ....                                                  100% 81.0K=0.05s

2026-09-25 19:35:59 (81.0 KB/s) - ‘spokares.org/templates/js_wright/favicon.ico’ saved [4286/4286]

--2026-09-25 19:35:59--  http://spokares.org/images/logos/Spokane_County_ARES-ACS_logo_slightly_smaller_550x550.png
Reusing existing connection to spokares.org:80.
HTTP request sent, awaiting response... 200 OK
Length: 972926 (950K) [image/png]
Saving to: ‘spokares.org/images/logos/Spokane_County_ARES-ACS_logo_slightly_smaller_550x550.png’

     0K .......... .......... .......... .......... ..........  5%  351K 3s
    50K .......... .......... .......... .......... .......... 10%  809K 2s
   100K .......... .......... .......... .......... .......... 15% 1.38M 1s
   150K .......... .......... .......... .......... .......... 21% 3.18M 1s
   200K .......... .......... .......... .......... .......... 26% 1.61M 1s
   250K .......... .......... .......... .......... .......... 31% 4.82M 1s
   300K .......... .......... .......... .......... .......... 36% 2.99M 1s
   350K .......... .......... .......... .......... .......... 42% 1.36M 0s
   400K .......... .......... .......... .......... .......... 47%  167M 0s
   450K .......... .......... .......... .......... .......... 52% 1000K 0s
   500K .......... .......... .......... .......... .......... 57% 11.0M 0s
   550K .......... .......... .......... .......... .......... 63% 3.19M 0s
   600K .......... .......... .......... .......... .......... 68% 7.02M 0s
   650K .......... .......... .......... .......... .......... 73% 9.57M 0s
   700K .......... .......... .......... .......... .......... 78% 3.90M 0s
   750K .......... .......... .......... .......... .......... 84% 21.1M 0s
   800K .......... .......... .......... .......... .......... 89% 6.63M 0s
   850K .......... .......... .......... .......... .......... 94% 9.52M 0s
   900K .......... .......... .......... .......... .......... 99% 2.34M 0s
   950K                                                       100% 2.46K=0.4s

2026-09-25 19:36:00 (2.17 MB/s) - ‘spokares.org/images/logos/Spokane_County_ARES-ACS_logo_slightly_smaller_550x550.png’ saved [972926/972926]

--2026-09-25 19:36:00--  http://spokares.org/images/logos/ARES_logo.png
Reusing existing connection to spokares.org:80.
HTTP request sent, awaiting response... 200 OK
Length: 20824 (20K) [image/png]
Saving to: ‘spokares.org/images/logos/ARES_logo.png’

     0K .......... ..........                                 100%  701K=0.03s

2026-09-25 19:36:00 (701 KB/s) - ‘spokares.org/images/logos/ARES_logo.png’ saved [20824/20824]

--2026-09-25 19:36:00--  http://spokares.org/images/logos/textLogoACS_dash.png
Reusing existing connection to spokares.org:80.
HTTP request sent, awaiting response... 200 OK
Length: 25785 (25K) [image/png]
Saving to: ‘spokares.org/images/logos/textLogoACS_dash.png’

     0K .......... .......... .....                           100%  998K=0.03s

2026-09-25 19:36:00 (998 KB/s) - ‘spokares.org/images/logos/textLogoACS_dash.png’ saved [25785/25785]

--2026-09-25 19:36:01--  http://spokares.org/images/logos/ACS_logo_1000x1000.png
Reusing existing connection to spokares.org:80.
HTTP request sent, awaiting response... 200 OK
Length: 408348 (399K) [image/png]
Saving to: ‘spokares.org/images/logos/ACS_logo_1000x1000.png’

     0K .......... .......... .......... .......... .......... 12% 8.02M 0s
    50K .......... .......... .......... .......... .......... 25% 12.8M 0s
   100K .......... .......... .......... .......... .......... 37%  881K 0s
   150K .......... .......... .......... .......... .......... 50% 4.97M 0s
   200K .......... .......... .......... .......... .......... 62% 12.7M 0s
   250K .......... .......... .......... .......... .......... 75% 14.7M 0s
   300K .......... .......... .......... .......... .......... 87% 16.2M 0s
   350K .......... .......... .......... .......... ........  100%  668K=0.2s

2026-09-25 19:36:01 (2.44 MB/s) - ‘spokares.org/images/logos/ACS_logo_1000x1000.png’ saved [408348/408348]

--2026-09-25 19:36:01--  http://spokares.org/images/logos/SCDEM_Logo.png
Reusing existing connection to spokares.org:80.
HTTP request sent, awaiting response... 200 OK
Length: 427961 (418K) [image/png]
Saving to: ‘spokares.org/images/logos/SCDEM_Logo.png’

     0K .......... .......... .......... .......... .......... 11% 7.85M 0s
    50K .......... .......... .......... .......... .......... 23% 10.2M 0s
   100K .......... .......... .......... .......... .......... 35% 15.2M 0s
   150K .......... .......... .......... .......... .......... 47% 16.1M 0s
   200K .......... .......... .......... .......... .......... 59% 10.5M 0s
   250K .......... .......... .......... .......... .......... 71%  902K 0s
   300K .......... .......... .......... .......... .......... 83% 17.5M 0s
   350K .......... .......... .......... .......... .......... 95% 20.3M 0s
   400K .......... .......                                    100% 16.3M=0.08s

2026-09-25 19:36:01 (4.88 MB/s) - ‘spokares.org/images/logos/SCDEM_Logo.png’ saved [427961/427961]

--2026-09-25 19:36:02--  http://spokares.org/index.php
Reusing existing connection to spokares.org:80.
HTTP request sent, awaiting response... 200 OK
Length: unspecified [text/html]
Saving to: ‘spokares.org/index.php.html’

     0K .......... .......... .......... ...                    945K=0.04s

2026-09-25 19:36:02 (945 KB/s) - ‘spokares.org/index.php.html’ saved [34087]

--2026-09-25 19:36:02--  http://spokares.org/index.php/about/ares-races-leadership
Reusing existing connection to spokares.org:80.
HTTP request sent, awaiting response... 200 OK
Length: unspecified [text/html]
Saving to: ‘spokares.org/index.php/about/ares-races-leadership.html’

     0K .......... .......... .......... .........             1.18M=0.03s

2026-09-25 19:36:02 (1.18 MB/s) - ‘spokares.org/index.php/about/ares-races-leadership.html’ saved [40429]

--2026-09-25 19:36:03--  http://spokares.org/index.php/about/amateur-code
Reusing existing connection to spokares.org:80.
HTTP request sent, awaiting response... 200 OK
Length: unspecified [text/html]
Saving to: ‘spokares.org/index.php/about/amateur-code.html’

     0K .......... .......... .....                             817K=0.03s

2026-09-25 19:36:03 (817 KB/s) - ‘spokares.org/index.php/about/amateur-code.html’ saved [25640]

--2026-09-25 19:36:03--  http://spokares.org/index.php/about/w7gbu-history
Reusing existing connection to spokares.org:80.
HTTP request sent, awaiting response... 200 OK
Length: unspecified [text/html]
Saving to: ‘spokares.org/index.php/about/w7gbu-history.html’

     0K .......... .......... ........                          287K=0.1s

2026-09-25 19:36:04 (287 KB/s) - ‘spokares.org/index.php/about/w7gbu-history.html’ saved [29621]

--2026-09-25 19:36:04--  http://spokares.org/index.php/about/meeting-location
Reusing existing connection to spokares.org:80.
HTTP request sent, awaiting response... 200 OK
Length: unspecified [text/html]
Saving to: ‘spokares.org/index.php/about/meeting-location.html’

     0K .......... .......... ....                              285K=0.08s

2026-09-25 19:36:04 (285 KB/s) - ‘spokares.org/index.php/about/meeting-location.html’ saved [24636]

--2026-09-25 19:36:04--  http://spokares.org/index.php/about/mou-with-ievhfra
Reusing existing connection to spokares.org:80.
HTTP request sent, awaiting response... 200 OK
Length: unspecified [text/html]
Saving to: ‘spokares.org/index.php/about/mou-with-ievhfra.html’

     0K .......... .......... ...                               310K=0.08s

2026-09-25 19:36:05 (310 KB/s) - ‘spokares.org/index.php/about/mou-with-ievhfra.html’ saved [24236]

--2026-09-25 19:36:05--  http://spokares.org/index.php/operations/incident-command-system
Reusing existing connection to spokares.org:80.
HTTP request sent, awaiting response... 200 OK
Length: unspecified [text/html]
Saving to: ‘spokares.org/index.php/operations/incident-command-system.html’

     0K .......... .......... .......... .......... ..........  336K
    50K .......... ....                                        51.0M=0.1s

2026-09-25 19:36:05 (435 KB/s) - ‘spokares.org/index.php/operations/incident-command-system.html’ saved [66399]

--2026-09-25 19:36:06--  http://spokares.org/index.php/operations/forms
Reusing existing connection to spokares.org:80.
HTTP request sent, awaiting response... 200 OK
Length: unspecified [text/html]
Saving to: ‘spokares.org/index.php/operations/forms.html’

     0K .......... .......... .                                 387K=0.06s

2026-09-25 19:36:06 (387 KB/s) - ‘spokares.org/index.php/operations/forms.html’ saved [22502]

--2026-09-25 19:36:06--  http://spokares.org/index.php/operations/status-codes
Reusing existing connection to spokares.org:80.
HTTP request sent, awaiting response... 200 OK
Length: unspecified [text/html]
Saving to: ‘spokares.org/index.php/operations/status-codes.html’

     0K .......... .......... ........                          290K=0.1s

2026-09-25 19:36:07 (290 KB/s) - ‘spokares.org/index.php/operations/status-codes.html’ saved [29201]

--2026-09-25 19:36:07--  http://spokares.org/index.php/operations/skywarn-weather-spotting
Reusing existing connection to spokares.org:80.
HTTP request sent, awaiting response... 200 OK
Length: unspecified [text/html]
Saving to: ‘spokares.org/index.php/operations/skywarn-weather-spotting.html’

     0K .......... .......... ......                            294K=0.09s

2026-09-25 19:36:07 (294 KB/s) - ‘spokares.org/index.php/operations/skywarn-weather-spotting.html’ saved [26696]

--2026-09-25 19:36:08--  http://spokares.org/index.php/operations/training-courses
Reusing existing connection to spokares.org:80.
HTTP request sent, awaiting response... 200 OK
Length: unspecified [text/html]
Saving to: ‘spokares.org/index.php/operations/training-courses.html’

     0K .......... .......... ...                               311K=0.08s

2026-09-25 19:36:08 (311 KB/s) - ‘spokares.org/index.php/operations/training-courses.html’ saved [24227]

--2026-09-25 19:36:08--  http://spokares.org/index.php/digital-messaging/digital-messaging/digital-tncs-and-modems
Reusing existing connection to spokares.org:80.
HTTP request sent, awaiting response... 200 OK
Length: unspecified [text/html]
Saving to: ‘spokares.org/index.php/digital-messaging/digital-messaging/digital-tncs-and-modems.html’

     0K .......... .......... ...                               275K=0.09s

2026-09-25 19:36:09 (275 KB/s) - ‘spokares.org/index.php/digital-messaging/digital-messaging/digital-tncs-and-modems.html’ saved [23967]

--2026-09-25 19:36:09--  http://spokares.org/index.php/digital-messaging/digital-messaging/software
Reusing existing connection to spokares.org:80.
HTTP request sent, awaiting response... 200 OK
Length: unspecified [text/html]
Saving to: ‘spokares.org/index.php/digital-messaging/digital-messaging/software.html’

     0K .......... .......... ..                                252K=0.09s

2026-09-25 19:36:09 (252 KB/s) - ‘spokares.org/index.php/digital-messaging/digital-messaging/software.html’ saved [23288]

--2026-09-25 19:36:10--  http://spokares.org/index.php/digital-messaging/digital-messaging/cables-and-drivers
Reusing existing connection to spokares.org:80.
HTTP request sent, awaiting response... 200 OK
Length: unspecified [text/html]
Saving to: ‘spokares.org/index.php/digital-messaging/digital-messaging/cables-and-drivers.html’

     0K .......... .......... .....                             303K=0.08s

2026-09-25 19:36:10 (303 KB/s) - ‘spokares.org/index.php/digital-messaging/digital-messaging/cables-and-drivers.html’ saved [25895]

--2026-09-25 19:36:10--  http://spokares.org/index.php/digital-messaging/digital-messaging/packet-radio-resources
Reusing existing connection to spokares.org:80.
HTTP request sent, awaiting response... 200 OK
Length: unspecified [text/html]
Saving to: ‘spokares.org/index.php/digital-messaging/digital-messaging/packet-radio-resources.html’

     0K .......... .......... ...                               328K=0.07s

2026-09-25 19:36:11 (328 KB/s) - ‘spokares.org/index.php/digital-messaging/digital-messaging/packet-radio-resources.html’ saved [24536]

--2026-09-25 19:36:11--  http://spokares.org/index.php/digital-messaging/rfi-resources/mel-ming-rfi-resources
Reusing existing connection to spokares.org:80.
HTTP request sent, awaiting response... 200 OK
Length: unspecified [text/html]
Saving to: ‘spokares.org/index.php/digital-messaging/rfi-resources/mel-ming-rfi-resources.html’

     0K .......... .......... .....                             300K=0.09s

2026-09-25 19:36:11 (300 KB/s) - ‘spokares.org/index.php/digital-messaging/rfi-resources/mel-ming-rfi-resources.html’ saved [26266]

--2026-09-25 19:36:11--  http://spokares.org/index.php/downloads/net-preambles-and-scripts
Reusing existing connection to spokares.org:80.
HTTP request sent, awaiting response... 500 Internal Server Error
2026-09-25 19:36:12 ERROR 500: Internal Server Error.

--2026-09-25 19:36:12--  http://spokares.org/index.php/downloads/presentations
Connecting to spokares.org (spokares.org)|70.39.146.166|:80... connected.
HTTP request sent, awaiting response... 500 Internal Server Error
2026-09-25 19:36:12 ERROR 500: Internal Server Error.

--2026-09-25 19:36:13--  http://spokares.org/index.php/downloads/forms-and-information
Connecting to spokares.org (spokares.org)|70.39.146.166|:80... connected.
HTTP request sent, awaiting response... 500 Internal Server Error
2026-09-25 19:36:13 ERROR 500: Internal Server Error.

--2026-09-25 19:36:13--  http://spokares.org/index.php/downloads/digital-traffic-information-and-files
Connecting to spokares.org (spokares.org)|70.39.146.166|:80... connected.
HTTP request sent, awaiting response... 500 Internal Server Error
2026-09-25 19:36:13 ERROR 500: Internal Server Error.

--2026-09-25 19:36:14--  http://spokares.org/index.php/downloads/general
Connecting to spokares.org (spokares.org)|70.39.146.166|:80... connected.
HTTP request sent, awaiting response... 500 Internal Server Error
2026-09-25 19:36:14 ERROR 500: Internal Server Error.

--2026-09-25 19:36:14--  http://spokares.org/index.php/membership/member-login
Connecting to spokares.org (spokares.org)|70.39.146.166|:80... connected.
HTTP request sent, awaiting response... 200 OK
Length: unspecified [text/html]
Saving to: ‘spokares.org/index.php/membership/member-login.html’

     0K .......... .......... ..                                243K=0.09s

2026-09-25 19:36:15 (243 KB/s) - ‘spokares.org/index.php/membership/member-login.html’ saved [22685]

--2026-09-25 19:36:15--  http://spokares.org/index.php/membership/amateur-training
Reusing existing connection to spokares.org:80.
HTTP request sent, awaiting response... 200 OK
Length: unspecified [text/html]
Saving to: ‘spokares.org/index.php/membership/amateur-training.html’

     0K .......... .......... ......                            275K=0.09s

2026-09-25 19:36:15 (275 KB/s) - ‘spokares.org/index.php/membership/amateur-training.html’ saved [26669]

--2026-09-25 19:36:15--  http://spokares.org/index.php/membership/ham-radio-links
Reusing existing connection to spokares.org:80.
HTTP request sent, awaiting response... 200 OK
Length: unspecified [text/html]
Saving to: ‘spokares.org/index.php/membership/ham-radio-links.html’

     0K .......... .......... .....                             219K=0.1s

2026-09-25 19:36:16 (219 KB/s) - ‘spokares.org/index.php/membership/ham-radio-links.html’ saved [25831]

--2026-09-25 19:36:16--  http://spokares.org/index.php/contact/welcome-letter
Reusing existing connection to spokares.org:80.
HTTP request sent, awaiting response... 200 OK
Length: unspecified [text/html]
Saving to: ‘spokares.org/index.php/contact/welcome-letter.html’

     0K .......... .......... .......... .                      354K=0.09s

2026-09-25 19:36:16 (354 KB/s) - ‘spokares.org/index.php/contact/welcome-letter.html’ saved [32045]

--2026-09-25 19:36:16--  http://spokares.org/index.php/contact/join-ares-races
Reusing existing connection to spokares.org:80.
HTTP request sent, awaiting response... 200 OK
Length: unspecified [text/html]
Saving to: ‘spokares.org/index.php/contact/join-ares-races.html’

     0K .......... .......... ......                            346K=0.08s

2026-09-25 19:36:17 (346 KB/s) - ‘spokares.org/index.php/contact/join-ares-races.html’ saved [27606]

--2026-09-25 19:36:17--  http://spokares.org/images/HomePageSlider/1920x1200sunset.jpg
Reusing existing connection to spokares.org:80.
HTTP request sent, awaiting response... 200 OK
Length: 503428 (492K) [image/jpeg]
Saving to: ‘spokares.org/images/HomePageSlider/1920x1200sunset.jpg’

     0K .......... .......... .......... .......... .......... 10%  427K 1s
    50K .......... .......... .......... .......... .......... 20%  788K 1s
   100K .......... .......... .......... .......... .......... 30% 1.39M 0s
   150K .......... .......... .......... .......... .......... 40% 1.37M 0s
   200K .......... .......... .......... .......... .......... 50% 2.43M 0s
   250K .......... .......... .......... .......... .......... 61% 2.39M 0s
   300K .......... .......... .......... .......... .......... 71% 1.73M 0s
   350K .......... .......... .......... .......... .......... 81% 2.64M 0s
   400K .......... .......... .......... .......... .......... 91% 3.28M 0s
   450K .......... .......... .......... .......... .         100% 5.19M=0.4s

2026-09-25 19:36:18 (1.33 MB/s) - ‘spokares.org/images/HomePageSlider/1920x1200sunset.jpg’ saved [503428/503428]

--2026-09-25 19:36:18--  http://spokares.org/images/HomePageSlider/Operating-in-VAN_4.jpg
Reusing existing connection to spokares.org:80.
HTTP request sent, awaiting response... 200 OK
Length: 178576 (174K) [image/jpeg]
Saving to: ‘spokares.org/images/HomePageSlider/Operating-in-VAN_4.jpg’

     0K .......... .......... .......... .......... .......... 28% 12.2M 0s
    50K .......... .......... .......... .......... .......... 57% 19.1M 0s
   100K .......... .......... .......... .......... .......... 86% 9.03M 0s
   150K .......... .......... ....                            100%  848K=0.04s

2026-09-25 19:36:18 (4.18 MB/s) - ‘spokares.org/images/HomePageSlider/Operating-in-VAN_4.jpg’ saved [178576/178576]

--2026-09-25 19:36:18--  http://spokares.org/images/HomePageSlider/IMG_6574.jpg
Reusing existing connection to spokares.org:80.
HTTP request sent, awaiting response... 200 OK
Length: 2699592 (2.6M) [image/jpeg]
Saving to: ‘spokares.org/images/HomePageSlider/IMG_6574.jpg’

     0K .......... .......... .......... .......... ..........  1% 9.69M 0s
    50K .......... .......... .......... .......... ..........  3% 2.89M 1s
   100K .......... .......... .......... .......... ..........  5% 1000K 0s
   150K .......... .......... .......... .......... ..........  7%  793K 1s
   200K .......... .......... .......... .......... ..........  9% 5.68M 1s
   250K .......... .......... .......... .......... .......... 11% 16.2M 1s
   300K .......... .......... .......... .......... .......... 13% 9.06M 1s
   350K .......... .......... .......... .......... .......... 15% 21.0M 1s
   400K .......... .......... .......... .......... .......... 17% 4.50M 1s
   450K .......... .......... .......... .......... .......... 18% 5.73M 1s
   500K .......... .......... .......... .......... .......... 20% 1.16M 1s
   550K .......... .......... .......... .......... .......... 22% 7.07M 1s
   600K .......... .......... .......... .......... .......... 24% 20.7M 1s
   650K .......... .......... .......... .......... .......... 26% 11.9M 0s
   700K .......... .......... .......... .......... .......... 28% 9.87M 0s
   750K .......... .......... .......... .......... .......... 30% 26.4M 0s
   800K .......... .......... .......... .......... .......... 32% 10.4M 0s
   850K .......... .......... .......... .......... .......... 34% 10.3M 0s
   900K .......... .......... .......... .......... .......... 36% 7.73M 0s
   950K .......... .......... .......... .......... .......... 37% 20.5M 0s
  1000K .......... .......... .......... .......... .......... 39% 1.12M 0s
  1050K .......... .......... .......... .......... .......... 41% 16.3M 0s
  1100K .......... .......... .......... .......... .......... 43% 2.81M 0s
  1150K .......... .......... .......... .......... .......... 45% 5.94M 0s
  1200K .......... .......... .......... .......... .......... 47% 11.5M 0s
  1250K .......... .......... .......... .......... .......... 49% 7.31M 0s
  1300K .......... .......... .......... .......... .......... 51% 12.8M 0s
  1350K .......... .......... .......... .......... .......... 53% 12.3M 0s
  1400K .......... .......... .......... .......... .......... 55% 22.0M 0s
  1450K .......... .......... .......... .......... .......... 56% 12.2M 0s
  1500K .......... .......... .......... .......... .......... 58% 49.8M 0s
  1550K .......... .......... .......... .......... .......... 60% 13.8M 0s
  1600K .......... .......... .......... .......... .......... 62% 23.6M 0s
  1650K .......... .......... .......... .......... .......... 64% 14.4M 0s
  1700K .......... .......... .......... .......... .......... 66% 16.0M 0s
  1750K .......... .......... .......... .......... .......... 68% 11.4M 0s
  1800K .......... .......... .......... .......... .......... 70% 50.6M 0s
  1850K .......... .......... .......... .......... .......... 72% 15.6M 0s
  1900K .......... .......... .......... .......... .......... 73% 14.4M 0s
  1950K .......... .......... .......... .......... .......... 75% 18.4M 0s
  2000K .......... .......... .......... .......... .......... 77% 8.97M 0s
  2050K .......... .......... .......... .......... .......... 79%  525M 0s
  2100K .......... .......... .......... .......... .......... 81% 11.8M 0s
  2150K .......... .......... .......... .......... .......... 83% 8.05M 0s
  2200K .......... .......... .......... .......... .......... 85% 10.5M 0s
  2250K .......... .......... .......... .......... .......... 87% 6.22M 0s
  2300K .......... .......... .......... .......... .......... 89% 5.44M 0s
  2350K .......... .......... .......... .......... .......... 91% 97.9M 0s
  2400K .......... .......... .......... .......... .......... 92% 3.72M 0s
  2450K .......... .......... .......... .......... .......... 94% 35.3M 0s
  2500K .......... .......... .......... .......... .......... 96% 10.6M 0s
  2550K .......... .......... .......... .......... .......... 98% 7.41M 0s
  2600K .......... .......... .......... ......               100% 38.3M=0.4s

2026-09-25 19:36:19 (6.56 MB/s) - ‘spokares.org/images/HomePageSlider/IMG_6574.jpg’ saved [2699592/2699592]

--2026-09-25 19:36:19--  http://spokares.org/images/HomePageSlider/8091bb_6c9b42987e484f27a66a6a7748a7db9c.jpg
Reusing existing connection to spokares.org:80.
HTTP request sent, awaiting response... 200 OK
Length: 66281 (65K) [image/jpeg]
Saving to: ‘spokares.org/images/HomePageSlider/8091bb_6c9b42987e484f27a66a6a7748a7db9c.jpg’

     0K .......... .......... .......... .......... .......... 77% 4.64M 0s
    50K .......... ....                                       100%  424K=0.05s

2026-09-25 19:36:19 (1.40 MB/s) - ‘spokares.org/images/HomePageSlider/8091bb_6c9b42987e484f27a66a6a7748a7db9c.jpg’ saved [66281/66281]

--2026-09-25 19:36:20--  http://spokares.org/images/HomePageSlider/8091bb_cfac747e80b142cf8c06b2286c1c6e0b.jpg
Reusing existing connection to spokares.org:80.
HTTP request sent, awaiting response... 200 OK
Length: 127929 (125K) [image/jpeg]
Saving to: ‘spokares.org/images/HomePageSlider/8091bb_cfac747e80b142cf8c06b2286c1c6e0b.jpg’

     0K .......... .......... .......... .......... .......... 40% 4.33M 0s
    50K .......... .......... .......... .......... .......... 80% 7.26M 0s
   100K .......... .......... ....                            100% 18.4M=0.02s

2026-09-25 19:36:20 (6.31 MB/s) - ‘spokares.org/images/HomePageSlider/8091bb_cfac747e80b142cf8c06b2286c1c6e0b.jpg’ saved [127929/127929]

--2026-09-25 19:36:20--  http://spokares.org/images/HomePageSlider/8091bb_f2f27737b12847819b5e343bf18efa27.jpg
Reusing existing connection to spokares.org:80.
HTTP request sent, awaiting response... 200 OK
Length: 31132 (30K) [image/jpeg]
Saving to: ‘spokares.org/images/HomePageSlider/8091bb_f2f27737b12847819b5e343bf18efa27.jpg’

     0K .......... .......... ..........                      100%  718K=0.04s

2026-09-25 19:36:20 (718 KB/s) - ‘spokares.org/images/HomePageSlider/8091bb_f2f27737b12847819b5e343bf18efa27.jpg’ saved [31132/31132]

--2026-09-25 19:36:21--  http://spokares.org/images/HomePageSlider/Don-on-the-air.jpg
Reusing existing connection to spokares.org:80.
HTTP request sent, awaiting response... 200 OK
Length: 424006 (414K) [image/jpeg]
Saving to: ‘spokares.org/images/HomePageSlider/Don-on-the-air.jpg’

     0K .......... .......... .......... .......... .......... 12% 4.13M 0s
    50K .......... .......... .......... .......... .......... 24% 9.58M 0s
   100K .......... .......... .......... .......... .......... 36% 6.08M 0s
   150K .......... .......... .......... .......... .......... 48%  816K 0s
   200K .......... .......... .......... .......... .......... 60% 6.27M 0s
   250K .......... .......... .......... .......... .......... 72% 8.04M 0s
   300K .......... .......... .......... .......... .......... 84% 14.6M 0s
   350K .......... .......... .......... .......... .......... 96% 18.5M 0s
   400K .......... ....                                       100%  790K=0.1s

2026-09-25 19:36:21 (3.26 MB/s) - ‘spokares.org/images/HomePageSlider/Don-on-the-air.jpg’ saved [424006/424006]

--2026-09-25 19:36:21--  http://spokares.org/images/HomePageSlider/KD7GHZ.jpg
Reusing existing connection to spokares.org:80.
HTTP request sent, awaiting response... 200 OK
Length: 49476 (48K) [image/jpeg]
Saving to: ‘spokares.org/images/HomePageSlider/KD7GHZ.jpg’

     0K .......... .......... .......... .......... ........  100% 1.47M=0.03s

2026-09-25 19:36:21 (1.47 MB/s) - ‘spokares.org/images/HomePageSlider/KD7GHZ.jpg’ saved [49476/49476]

--2026-09-25 19:36:21--  http://spokares.org/index.php/4-about-spokane-county-ares-races
Reusing existing connection to spokares.org:80.
HTTP request sent, awaiting response... 200 OK
Length: unspecified [text/html]
Saving to: ‘spokares.org/index.php/4-about-spokane-county-ares-races.html’

     0K .......... .......... .......... ....                   987K=0.04s

2026-09-25 19:36:22 (987 KB/s) - ‘spokares.org/index.php/4-about-spokane-county-ares-races.html’ saved [35563]

--2026-09-25 19:36:22--  http://spokares.org/index.php/component/jcalpro/27-weekly-net-controllers/1613-nz2s-simplex?Itemid=101
Reusing existing connection to spokares.org:80.
HTTP request sent, awaiting response... 200 OK
Length: unspecified [text/html]
Saving to: ‘spokares.org/index.php/component/jcalpro/27-weekly-net-controllers/1613-nz2s-simplex@Itemid=101.html’

     0K .......... .......... .......... ..........             429K=0.09s

2026-09-25 19:36:23 (429 KB/s) - ‘spokares.org/index.php/component/jcalpro/27-weekly-net-controllers/1613-nz2s-simplex@Itemid=101.html’ saved [41096]

--2026-09-25 19:36:23--  http://spokares.org/index.php/2-uncategorised/13-privacy-policy
Reusing existing connection to spokares.org:80.
HTTP request sent, awaiting response... 200 OK
Length: unspecified [text/html]
Saving to: ‘spokares.org/index.php/2-uncategorised/13-privacy-policy.html’

     0K .......... .......... .......... .......... ....        358K=0.1s

2026-09-25 19:36:23 (358 KB/s) - ‘spokares.org/index.php/2-uncategorised/13-privacy-policy.html’ saved [45703]

--2026-09-25 19:36:24--  http://spokares.org/index.php/2-uncategorised/12-terms-and-conditions
Reusing existing connection to spokares.org:80.
HTTP request sent, awaiting response... 200 OK
Length: unspecified [text/html]
Saving to: ‘spokares.org/index.php/2-uncategorised/12-terms-and-conditions.html’

     0K .......... .......... .......... ........               436K=0.09s

2026-09-25 19:36:24 (436 KB/s) - ‘spokares.org/index.php/2-uncategorised/12-terms-and-conditions.html’ saved [39397]

--2026-09-25 19:36:24--  https://www.spokares.org/index.php/operations/incident-command-system/2-uncategorised
Connecting to www.spokares.org (www.spokares.org)|70.39.146.166|:443... connected.
HTTP request sent, awaiting response... 200 OK
Length: unspecified [text/html]
Saving to: ‘www.spokares.org/index.php/operations/incident-command-system/2-uncategorised.html’

     0K .......... .......... .......... .......... ..........  289K
    50K .........                                              40.8M=0.2s

2026-09-25 19:36:25 (341 KB/s) - ‘www.spokares.org/index.php/operations/incident-command-system/2-uncategorised.html’ saved [60492]

--2026-09-25 19:36:25--  https://www.spokares.org/index.php/operations/status-codes/2-uncategorised
Reusing existing connection to www.spokares.org:443.
HTTP request sent, awaiting response... 200 OK
Length: unspecified [text/html]
Saving to: ‘www.spokares.org/index.php/operations/status-codes/2-uncategorised.html’

     0K .......... .......... .......... .......... ..........  317K
    50K ........                                               88.1M=0.2s

2026-09-25 19:36:26 (373 KB/s) - ‘www.spokares.org/index.php/operations/status-codes/2-uncategorised.html’ saved [60349]

--2026-09-25 19:36:26--  https://www.spokares.org/index.php/operations/skywarn-weather-spotting/2-uncategorised
Reusing existing connection to www.spokares.org:443.
HTTP request sent, awaiting response... 200 OK
Length: unspecified [text/html]
Saving to: ‘www.spokares.org/index.php/operations/skywarn-weather-spotting/2-uncategorised.html’

     0K .......... .......... .......... .......... ..........  324K
    50K .........                                              33.2M=0.2s

2026-09-25 19:36:27 (382 KB/s) - ‘www.spokares.org/index.php/operations/skywarn-weather-spotting/2-uncategorised.html’ saved [60505]

--2026-09-25 19:36:27--  https://www.spokares.org/index.php/membership/amateur-training/2-uncategorised
Reusing existing connection to www.spokares.org:443.
HTTP request sent, awaiting response... 200 OK
Length: unspecified [text/html]
Saving to: ‘www.spokares.org/index.php/membership/amateur-training/2-uncategorised.html’

     0K .......... .......... .......... .......... ..........  255K
    50K ........                                               31.7M=0.2s

2026-09-25 19:36:28 (301 KB/s) - ‘www.spokares.org/index.php/membership/amateur-training/2-uncategorised.html’ saved [60397]

--2026-09-25 19:36:28--  https://www.spokares.org/index.php/membership/ham-radio-links/2-uncategorised
Reusing existing connection to www.spokares.org:443.
HTTP request sent, awaiting response... 200 OK
Length: unspecified [text/html]
Saving to: ‘www.spokares.org/index.php/membership/ham-radio-links/2-uncategorised.html’

     0K .......... .......... .......... .......... ..........  544K
    50K ........                                                136K=0.2s

2026-09-25 19:36:29 (374 KB/s) - ‘www.spokares.org/index.php/membership/ham-radio-links/2-uncategorised.html’ saved [60386]

--2026-09-25 19:36:29--  https://www.spokares.org/index.php/contact/welcome-letter/2-uncategorised
Reusing existing connection to www.spokares.org:443.
HTTP request sent, awaiting response... 200 OK
Length: unspecified [text/html]
Saving to: ‘www.spokares.org/index.php/contact/welcome-letter/2-uncategorised.html’

     0K .......... .......... .......... .......... ..........  297K
    50K ........                                               64.2M=0.2s

2026-09-25 19:36:30 (350 KB/s) - ‘www.spokares.org/index.php/contact/welcome-letter/2-uncategorised.html’ saved [60362]

--2026-09-25 19:36:30--  https://www.spokares.org/index.php/contact/join-ares-races/2-uncategorised
Reusing existing connection to www.spokares.org:443.
HTTP request sent, awaiting response... 200 OK
Length: unspecified [text/html]
Saving to: ‘www.spokares.org/index.php/contact/join-ares-races/2-uncategorised.html’

     0K .......... .......... .......... .......... ..........  294K
    50K ........                                               6.95M=0.2s

2026-09-25 19:36:31 (344 KB/s) - ‘www.spokares.org/index.php/contact/join-ares-races/2-uncategorised.html’ saved [60351]

--2026-09-25 19:36:31--  https://www.spokares.org/index.php/component/jcalpro/events/month
Reusing existing connection to www.spokares.org:443.
HTTP request sent, awaiting response... 200 OK
Length: unspecified [text/html]
Saving to: ‘www.spokares.org/index.php/component/jcalpro/events/month.html’

     0K .......... .......... .......... .......... ........    296K=0.2s

2026-09-25 19:36:31 (296 KB/s) - ‘www.spokares.org/index.php/component/jcalpro/events/month.html’ saved [49915]

--2026-09-25 19:36:32--  https://www.spokares.org/index.php/component/jcalpro/events/flat
Reusing existing connection to www.spokares.org:443.
HTTP request sent, awaiting response... 200 OK
Length: unspecified [text/html]
Saving to: ‘www.spokares.org/index.php/component/jcalpro/events/flat.html’

     0K .......... .......... .......... .                      421K=0.07s

2026-09-25 19:36:32 (421 KB/s) - ‘www.spokares.org/index.php/component/jcalpro/events/flat.html’ saved [32346]

--2026-09-25 19:36:32--  https://www.spokares.org/index.php/component/jcalpro/events/week
Reusing existing connection to www.spokares.org:443.
HTTP request sent, awaiting response... 200 OK
Length: unspecified [text/html]
Saving to: ‘www.spokares.org/index.php/component/jcalpro/events/week.html’

     0K .......... .......... .......                           231K=0.1s

2026-09-25 19:36:33 (231 KB/s) - ‘www.spokares.org/index.php/component/jcalpro/events/week.html’ saved [27823]

--2026-09-25 19:36:33--  https://www.spokares.org/index.php/component/jcalpro/events/day
Reusing existing connection to www.spokares.org:443.
HTTP request sent, awaiting response... 200 OK
Length: unspecified [text/html]
Saving to: ‘www.spokares.org/index.php/component/jcalpro/events/day.html’

     0K .......... .......... ....                              217K=0.1s

2026-09-25 19:36:33 (217 KB/s) - ‘www.spokares.org/index.php/component/jcalpro/events/day.html’ saved [25124]

--2026-09-25 19:36:34--  https://www.spokares.org/index.php/component/jcalpro/28-upcoming-exercises
Reusing existing connection to www.spokares.org:443.
HTTP request sent, awaiting response... 200 OK
Length: unspecified [text/html]
Saving to: ‘www.spokares.org/index.php/component/jcalpro/28-upcoming-exercises.html’

     0K .......... .......... ........                          333K=0.09s

2026-09-25 19:36:34 (333 KB/s) - ‘www.spokares.org/index.php/component/jcalpro/28-upcoming-exercises.html’ saved [29059]

--2026-09-25 19:36:34--  https://www.spokares.org/index.php/component/jcalpro/29-qualifications-training
Reusing existing connection to www.spokares.org:443.
HTTP request sent, awaiting response... 200 OK
Length: unspecified [text/html]
Saving to: ‘www.spokares.org/index.php/component/jcalpro/29-qualifications-training.html’

     0K .......... .......... ....                              278K=0.09s

2026-09-25 19:36:35 (278 KB/s) - ‘www.spokares.org/index.php/component/jcalpro/29-qualifications-training.html’ saved [24753]

--2026-09-25 19:36:35--  https://www.spokares.org/index.php/component/jcalpro/30-regular-meetings-training
Reusing existing connection to www.spokares.org:443.
HTTP request sent, awaiting response... 200 OK
Length: unspecified [text/html]
Saving to: ‘www.spokares.org/index.php/component/jcalpro/30-regular-meetings-training.html’

     0K .......... .......... .......... .......... ..........  291K
    50K ..........                                             81.2K=0.3s

2026-09-25 19:36:36 (200 KB/s) - ‘www.spokares.org/index.php/component/jcalpro/30-regular-meetings-training.html’ saved [62030]

--2026-09-25 19:36:36--  https://www.spokares.org/index.php/component/jcalpro/31-other-events
Reusing existing connection to www.spokares.org:443.
HTTP request sent, awaiting response... 200 OK
Length: unspecified [text/html]
Saving to: ‘www.spokares.org/index.php/component/jcalpro/31-other-events.html’

     0K .......... .......... ......                            158K=0.2s

2026-09-25 19:36:36 (158 KB/s) - ‘www.spokares.org/index.php/component/jcalpro/31-other-events.html’ saved [26957]

--2026-09-25 19:36:37--  https://www.spokares.org/index.php/component/jcalpro/41-wsen-monday-night-net-control
Reusing existing connection to www.spokares.org:443.
HTTP request sent, awaiting response... 200 OK
Length: unspecified [text/html]
Saving to: ‘www.spokares.org/index.php/component/jcalpro/41-wsen-monday-night-net-control.html’

     0K .......... .......... ......                            123K=0.2s

2026-09-25 19:36:37 (123 KB/s) - ‘www.spokares.org/index.php/component/jcalpro/41-wsen-monday-night-net-control.html’ saved [27350]

--2026-09-25 19:36:37--  https://www.spokares.org/index.php/component/jcalpro/42-wsen-district-9-net-control
Reusing existing connection to www.spokares.org:443.
HTTP request sent, awaiting response... 200 OK
Length: unspecified [text/html]
Saving to: ‘www.spokares.org/index.php/component/jcalpro/42-wsen-district-9-net-control.html’

     0K .......... .......... .....                             130K=0.2s

2026-09-25 19:36:38 (130 KB/s) - ‘www.spokares.org/index.php/component/jcalpro/42-wsen-district-9-net-control.html’ saved [25732]

--2026-09-25 19:36:38--  https://www.spokares.org/index.php/component/jcalpro/27-weekly-net-controllers/242-kg7gfq
Reusing existing connection to www.spokares.org:443.
HTTP request sent, awaiting response... 200 OK
Length: unspecified [text/html]
Saving to: ‘www.spokares.org/index.php/component/jcalpro/27-weekly-net-controllers/242-kg7gfq.html’

     0K .......... .......... ......                            184K=0.1s

2026-09-25 19:36:39 (184 KB/s) - ‘www.spokares.org/index.php/component/jcalpro/27-weekly-net-controllers/242-kg7gfq.html’ saved [26756]

--2026-09-25 19:36:39--  https://www.spokares.org/index.php/component/jcalpro/27-weekly-net-controllers/622-ag7ig
Reusing existing connection to www.spokares.org:443.
HTTP request sent, awaiting response... 200 OK
Length: unspecified [text/html]
Saving to: ‘www.spokares.org/index.php/component/jcalpro/27-weekly-net-controllers/622-ag7ig.html’

     0K .......... .......... ......                            206K=0.1s

2026-09-25 19:36:39 (206 KB/s) - ‘www.spokares.org/index.php/component/jcalpro/27-weekly-net-controllers/622-ag7ig.html’ saved [26750]

--2026-09-25 19:36:40--  https://www.spokares.org/index.php/component/jcalpro/27-weekly-net-controllers/625-wa7aqh
Reusing existing connection to www.spokares.org:443.
HTTP request sent, awaiting response... 200 OK
Length: unspecified [text/html]
Saving to: ‘www.spokares.org/index.php/component/jcalpro/27-weekly-net-controllers/625-wa7aqh.html’

     0K .......... .......... ..                                257K=0.09s

2026-09-25 19:36:40 (257 KB/s) - ‘www.spokares.org/index.php/component/jcalpro/27-weekly-net-controllers/625-wa7aqh.html’ saved [23264]

--2026-09-25 19:36:40--  https://www.spokares.org/index.php/component/jcalpro/27-weekly-net-controllers/626-k7dsr
Reusing existing connection to www.spokares.org:443.
HTTP request sent, awaiting response... 200 OK
Length: unspecified [text/html]
Saving to: ‘www.spokares.org/index.php/component/jcalpro/27-weekly-net-controllers/626-k7dsr.html’

     0K .......... .......... ..                                252K=0.09s

2026-09-25 19:36:41 (252 KB/s) - ‘www.spokares.org/index.php/component/jcalpro/27-weekly-net-controllers/626-k7dsr.html’ saved [23258]

--2026-09-25 19:36:41--  https://www.spokares.org/index.php/component/jcalpro/27-weekly-net-controllers/624-w7hee
Reusing existing connection to www.spokares.org:443.
HTTP request sent, awaiting response... 200 OK
Length: unspecified [text/html]
Saving to: ‘www.spokares.org/index.php/component/jcalpro/27-weekly-net-controllers/624-w7hee.html’

     0K .......... .......... ..                                260K=0.09s

2026-09-25 19:36:41 (260 KB/s) - ‘www.spokares.org/index.php/component/jcalpro/27-weekly-net-controllers/624-w7hee.html’ saved [23258]

--2026-09-25 19:36:42--  https://www.spokares.org/index.php/component/jcalpro/27-weekly-net-controllers/627-ki7dqb
Reusing existing connection to www.spokares.org:443.
HTTP request sent, awaiting response... 200 OK
Length: unspecified [text/html]
Saving to: ‘www.spokares.org/index.php/component/jcalpro/27-weekly-net-controllers/627-ki7dqb.html’

     0K .......... .......... ..                                267K=0.09s

2026-09-25 19:36:42 (267 KB/s) - ‘www.spokares.org/index.php/component/jcalpro/27-weekly-net-controllers/627-ki7dqb.html’ saved [23264]

--2026-09-25 19:36:42--  https://www.spokares.org/index.php/component/jcalpro/27-weekly-net-controllers/628-ke7rap
Reusing existing connection to www.spokares.org:443.
HTTP request sent, awaiting response... 200 OK
Length: unspecified [text/html]
Saving to: ‘www.spokares.org/index.php/component/jcalpro/27-weekly-net-controllers/628-ke7rap.html’

     0K .......... .......... ..                                209K=0.1s

2026-09-25 19:36:43 (209 KB/s) - ‘www.spokares.org/index.php/component/jcalpro/27-weekly-net-controllers/628-ke7rap.html’ saved [23264]

--2026-09-25 19:36:43--  https://www.spokares.org/index.php/component/jcalpro/27-weekly-net-controllers/630-ke7iat
Reusing existing connection to www.spokares.org:443.
HTTP request sent, awaiting response... 200 OK
Length: unspecified [text/html]
Saving to: ‘www.spokares.org/index.php/component/jcalpro/27-weekly-net-controllers/630-ke7iat.html’

     0K .......... .......... ..                                301K=0.08s

2026-09-25 19:36:43 (301 KB/s) - ‘www.spokares.org/index.php/component/jcalpro/27-weekly-net-controllers/630-ke7iat.html’ saved [23264]

--2026-09-25 19:36:44--  https://www.spokares.org/index.php/component/jcalpro/27-weekly-net-controllers/629-ag7ig
Reusing existing connection to www.spokares.org:443.
HTTP request sent, awaiting response... 200 OK
Length: unspecified [text/html]
Saving to: ‘www.spokares.org/index.php/component/jcalpro/27-weekly-net-controllers/629-ag7ig.html’

     0K .......... .......... ......                            261K=0.1s

2026-09-25 19:36:44 (261 KB/s) - ‘www.spokares.org/index.php/component/jcalpro/27-weekly-net-controllers/629-ag7ig.html’ saved [26750]

--2026-09-25 19:36:44--  https://www.spokares.org/index.php/component/jcalpro/27-weekly-net-controllers/632-ke7rap
Reusing existing connection to www.spokares.org:443.
HTTP request sent, awaiting response... 200 OK
Length: unspecified [text/html]
Saving to: ‘www.spokares.org/index.php/component/jcalpro/27-weekly-net-controllers/632-ke7rap.html’

     0K .......... .......... ......                            275K=0.09s

2026-09-25 19:36:45 (275 KB/s) - ‘www.spokares.org/index.php/component/jcalpro/27-weekly-net-controllers/632-ke7rap.html’ saved [26755]

--2026-09-25 19:36:45--  https://www.spokares.org/index.php/component/jcalpro/27-weekly-net-controllers/633-ag7ig
Reusing existing connection to www.spokares.org:443.
HTTP request sent, awaiting response... 200 OK
Length: unspecified [text/html]
Saving to: ‘www.spokares.org/index.php/component/jcalpro/27-weekly-net-controllers/633-ag7ig.html’

     0K .......... .......... ......                            239K=0.1s

2026-09-25 19:36:46 (239 KB/s) - ‘www.spokares.org/index.php/component/jcalpro/27-weekly-net-controllers/633-ag7ig.html’ saved [26750]

--2026-09-25 19:36:46--  https://www.spokares.org/index.php/component/jcalpro/27-weekly-net-controllers/634-n7mcb
Reusing existing connection to www.spokares.org:443.
HTTP request sent, awaiting response... 200 OK
Length: unspecified [text/html]
Saving to: ‘www.spokares.org/index.php/component/jcalpro/27-weekly-net-controllers/634-n7mcb.html’

     0K .......... .......... ..                                314K=0.07s

2026-09-25 19:36:46 (314 KB/s) - ‘www.spokares.org/index.php/component/jcalpro/27-weekly-net-controllers/634-n7mcb.html’ saved [23258]

--2026-09-25 19:36:47--  https://www.spokares.org/index.php/component/jcalpro/27-weekly-net-controllers/635-ke7iat
Reusing existing connection to www.spokares.org:443.
HTTP request sent, awaiting response... 200 OK
Length: unspecified [text/html]
Saving to: ‘www.spokares.org/index.php/component/jcalpro/27-weekly-net-controllers/635-ke7iat.html’

     0K .......... .......... ..                                262K=0.09s

2026-09-25 19:36:47 (262 KB/s) - ‘www.spokares.org/index.php/component/jcalpro/27-weekly-net-controllers/635-ke7iat.html’ saved [23264]

--2026-09-25 19:36:47--  https://www.spokares.org/index.php/component/jcalpro/27-weekly-net-controllers/636-ke7iat
Reusing existing connection to www.spokares.org:443.
HTTP request sent, awaiting response... 200 OK
Length: unspecified [text/html]
Saving to: ‘www.spokares.org/index.php/component/jcalpro/27-weekly-net-controllers/636-ke7iat.html’

     0K .......... .......... ......                            255K=0.1s

2026-09-25 19:36:48 (255 KB/s) - ‘www.spokares.org/index.php/component/jcalpro/27-weekly-net-controllers/636-ke7iat.html’ saved [26755]

--2026-09-25 19:36:48--  https://www.spokares.org/index.php/component/jcalpro/27-weekly-net-controllers/637-ad7dd
Reusing existing connection to www.spokares.org:443.
HTTP request sent, awaiting response... 200 OK
Length: unspecified [text/html]
Saving to: ‘www.spokares.org/index.php/component/jcalpro/27-weekly-net-controllers/637-ad7dd.html’

     0K .......... .......... ..                                246K=0.09s

2026-09-25 19:36:48 (246 KB/s) - ‘www.spokares.org/index.php/component/jcalpro/27-weekly-net-controllers/637-ad7dd.html’ saved [23257]

--2026-09-25 19:36:48--  https://www.spokares.org/index.php/component/jcalpro/27-weekly-net-controllers/639-ke7rap
Reusing existing connection to www.spokares.org:443.
HTTP request sent, awaiting response... 200 OK
Length: unspecified [text/html]
Saving to: ‘www.spokares.org/index.php/component/jcalpro/27-weekly-net-controllers/639-ke7rap.html’

     0K .......... .......... ..                                253K=0.09s

2026-09-25 19:36:49 (253 KB/s) - ‘www.spokares.org/index.php/component/jcalpro/27-weekly-net-controllers/639-ke7rap.html’ saved [23264]

--2026-09-25 19:36:49--  https://www.spokares.org/index.php/component/jcalpro/27-weekly-net-controllers/640-w7hee
Reusing existing connection to www.spokares.org:443.
HTTP request sent, awaiting response... 200 OK
Length: unspecified [text/html]
Saving to: ‘www.spokares.org/index.php/component/jcalpro/27-weekly-net-controllers/640-w7hee.html’

     0K .......... .......... ..                                267K=0.09s

2026-09-25 19:36:50 (267 KB/s) - ‘www.spokares.org/index.php/component/jcalpro/27-weekly-net-controllers/640-w7hee.html’ saved [23258]

--2026-09-25 19:36:50--  https://www.spokares.org/index.php/component/jcalpro/27-weekly-net-controllers/641-ag7ig
Reusing existing connection to www.spokares.org:443.
HTTP request sent, awaiting response... 200 OK
Length: unspecified [text/html]
Saving to: ‘www.spokares.org/index.php/component/jcalpro/27-weekly-net-controllers/641-ag7ig.html’

     0K .......... .......... ......                            253K=0.1s

2026-09-25 19:36:50 (253 KB/s) - ‘www.spokares.org/index.php/component/jcalpro/27-weekly-net-controllers/641-ag7ig.html’ saved [26750]

--2026-09-25 19:36:50--  https://www.spokares.org/index.php/component/jcalpro/27-weekly-net-controllers/642-w7tsc
Reusing existing connection to www.spokares.org:443.
HTTP request sent, awaiting response... 200 OK
Length: unspecified [text/html]
Saving to: ‘www.spokares.org/index.php/component/jcalpro/27-weekly-net-controllers/642-w7tsc.html’

     0K .......... .......... ......                            360K=0.07s

2026-09-25 19:36:51 (360 KB/s) - ‘www.spokares.org/index.php/component/jcalpro/27-weekly-net-controllers/642-w7tsc.html’ saved [26749]

--2026-09-25 19:36:51--  https://www.spokares.org/index.php/component/jcalpro/27-weekly-net-controllers/643-ke7rap
Reusing existing connection to www.spokares.org:443.
HTTP request sent, awaiting response... 200 OK
Length: unspecified [text/html]
Saving to: ‘www.spokares.org/index.php/component/jcalpro/27-weekly-net-controllers/643-ke7rap.html’

     0K .......... .......... ..                                236K=0.1s

2026-09-25 19:36:52 (236 KB/s) - ‘www.spokares.org/index.php/component/jcalpro/27-weekly-net-controllers/643-ke7rap.html’ saved [23264]

--2026-09-25 19:36:52--  https://www.spokares.org/index.php/component/jcalpro/27-weekly-net-controllers?start=20
Reusing existing connection to www.spokares.org:443.
HTTP request sent, awaiting response... 200 OK
Length: unspecified [text/html]
Saving to: ‘www.spokares.org/index.php/component/jcalpro/27-weekly-net-controllers@start=20.html’

     0K .......... .......... .......... .......... ..          265K=0.2s

2026-09-25 19:36:53 (265 KB/s) - ‘www.spokares.org/index.php/component/jcalpro/27-weekly-net-controllers@start=20.html’ saved [43990]

--2026-09-25 19:36:53--  https://www.spokares.org/index.php/component/jcalpro/27-weekly-net-controllers?start=40
Reusing existing connection to www.spokares.org:443.
HTTP request sent, awaiting response... 200 OK
Length: unspecified [text/html]
Saving to: ‘www.spokares.org/index.php/component/jcalpro/27-weekly-net-controllers@start=40.html’

     0K .......... .......... .......... .......... .           252K=0.2s

2026-09-25 19:36:54 (252 KB/s) - ‘www.spokares.org/index.php/component/jcalpro/27-weekly-net-controllers@start=40.html’ saved [42192]

--2026-09-25 19:36:54--  https://www.spokares.org/index.php/component/jcalpro/27-weekly-net-controllers?start=60
Reusing existing connection to www.spokares.org:443.
HTTP request sent, awaiting response... 200 OK
Length: unspecified [text/html]
Saving to: ‘www.spokares.org/index.php/component/jcalpro/27-weekly-net-controllers@start=60.html’

     0K .......... .......... .......... .......... ..          237K=0.2s

2026-09-25 19:36:54 (237 KB/s) - ‘www.spokares.org/index.php/component/jcalpro/27-weekly-net-controllers@start=60.html’ saved [43969]

--2026-09-25 19:36:55--  https://www.spokares.org/index.php/component/jcalpro/27-weekly-net-controllers?start=80
Reusing existing connection to www.spokares.org:443.
HTTP request sent, awaiting response... 200 OK
Length: unspecified [text/html]
Saving to: ‘www.spokares.org/index.php/component/jcalpro/27-weekly-net-controllers@start=80.html’

     0K .......... .......... .......... .......... ..          179K=0.2s

2026-09-25 19:36:55 (179 KB/s) - ‘www.spokares.org/index.php/component/jcalpro/27-weekly-net-controllers@start=80.html’ saved [43448]

--2026-09-25 19:36:55--  https://www.spokares.org/index.php/2-uncategorised/61-ham-radio-forms-a-planet-sized-space-weather-sensor-network
Reusing existing connection to www.spokares.org:443.
HTTP request sent, awaiting response... 200 OK
Length: unspecified [text/html]
Saving to: ‘www.spokares.org/index.php/2-uncategorised/61-ham-radio-forms-a-planet-sized-space-weather-sensor-network.html’

     0K .......... .......... .......... ....                   289K=0.1s

2026-09-25 19:36:56 (289 KB/s) - ‘www.spokares.org/index.php/2-uncategorised/61-ham-radio-forms-a-planet-sized-space-weather-sensor-network.html’ saved [35535]

--2026-09-25 19:36:56--  https://www.spokares.org/index.php/2-uncategorised?start=6
Reusing existing connection to www.spokares.org:443.
HTTP request sent, awaiting response... 200 OK
Length: unspecified [text/html]
Saving to: ‘www.spokares.org/index.php/2-uncategorised@start=6.html’

     0K .......... .......... .......... .......... ..........  321K
    50K ........                                               39.8M=0.2s

2026-09-25 19:36:56 (375 KB/s) - ‘www.spokares.org/index.php/2-uncategorised@start=6.html’ saved [59873]

--2026-09-25 19:36:57--  https://www.spokares.org/index.php/2-uncategorised?start=12
Reusing existing connection to www.spokares.org:443.
HTTP request sent, awaiting response... 200 OK
Length: unspecified [text/html]
Saving to: ‘www.spokares.org/index.php/2-uncategorised@start=12.html’

     0K .......... .......... .......... .......... ..........  307K
    50K .......... .......... .......... .......... ..........  442K
   100K .......... .....                                        592K=0.3s

2026-09-25 19:36:57 (383 KB/s) - ‘www.spokares.org/index.php/2-uncategorised@start=12.html’ saved [118542]

--2026-09-25 19:36:58--  https://www.spokares.org/index.php/2-uncategorised?start=18
Reusing existing connection to www.spokares.org:443.
HTTP request sent, awaiting response... 200 OK
Length: unspecified [text/html]
Saving to: ‘www.spokares.org/index.php/2-uncategorised@start=18.html’

     0K .......... .......... .......... .......... ..........  384K
    50K .......... .......... .......... .......... ..........  536K
   100K .......... .......... .......... .......... ..........  596K
   150K .......... .......... .......... .......... ..........  508K
   200K .......... .......... .......... .......... ..........  636K
   250K .......... .......... .......... .......... ..........  703K
   300K .......... .......... .......... ...                    735K=0.6s

2026-09-25 19:36:59 (555 KB/s) - ‘www.spokares.org/index.php/2-uncategorised@start=18.html’ saved [341317]

--2026-09-25 19:36:59--  https://www.spokares.org/index.php/2-uncategorised?start=24
Reusing existing connection to www.spokares.org:443.
HTTP request sent, awaiting response... 200 OK
Length: unspecified [text/html]
Saving to: ‘www.spokares.org/index.php/2-uncategorised@start=24.html’

     0K .......... .......... .......... ...                    539K=0.06s

2026-09-25 19:36:59 (539 KB/s) - ‘www.spokares.org/index.php/2-uncategorised@start=24.html’ saved [34620]

--2026-09-25 19:36:59--  https://www.spokares.org/index.php/about/ares-races-leadership/2-uncategorised/61-ham-radio-forms-a-planet-sized-space-weather-sensor-network
Reusing existing connection to www.spokares.org:443.
HTTP request sent, awaiting response... 200 OK
Length: unspecified [text/html]
Saving to: ‘www.spokares.org/index.php/about/ares-races-leadership/2-uncategorised/61-ham-radio-forms-a-planet-sized-space-weather-sensor-network.html’

     0K .......... .......... ....                             1.24M=0.02s

2026-09-25 19:37:00 (1.24 MB/s) - ‘www.spokares.org/index.php/about/ares-races-leadership/2-uncategorised/61-ham-radio-forms-a-planet-sized-space-weather-sensor-network.html’ saved [25505]

--2026-09-25 19:37:00--  https://www.spokares.org/index.php/about/ares-races-leadership/2-uncategorised/25-mentor-programs
Reusing existing connection to www.spokares.org:443.
HTTP request sent, awaiting response... Read error (Operation timed out) in headers.
Retrying.

--2026-09-25 19:37:31--  (try: 2)  https://www.spokares.org/index.php/about/ares-races-leadership/2-uncategorised/25-mentor-programs
Connecting to www.spokares.org (www.spokares.org)|70.39.146.166|:443... connected.
HTTP request sent, awaiting response... 200 OK
Length: unspecified [text/html]
Saving to: ‘www.spokares.org/index.php/about/ares-races-leadership/2-uncategorised/25-mentor-programs.html’

     0K .......... .......... ....                              278K=0.09s

2026-09-25 19:37:51 (278 KB/s) - ‘www.spokares.org/index.php/about/ares-races-leadership/2-uncategorised/25-mentor-programs.html’ saved [25176]

--2026-09-25 19:37:52--  https://www.spokares.org/index.php/about/amateur-code/2-uncategorised/61-ham-radio-forms-a-planet-sized-space-weather-sensor-network
Reusing existing connection to www.spokares.org:443.
HTTP request sent, awaiting response... 200 OK
Length: unspecified [text/html]
Saving to: ‘www.spokares.org/index.php/about/amateur-code/2-uncategorised/61-ham-radio-forms-a-planet-sized-space-weather-sensor-network.html’

     0K .......... .......... ....                              249K=0.1s

2026-09-25 19:37:52 (249 KB/s) - ‘www.spokares.org/index.php/about/amateur-code/2-uncategorised/61-ham-radio-forms-a-planet-sized-space-weather-sensor-network.html’ saved [25403]

--2026-09-25 19:37:52--  https://www.spokares.org/index.php/about/amateur-code/2-uncategorised/25-mentor-programs
Reusing existing connection to www.spokares.org:443.
HTTP request sent, awaiting response... 200 OK
Length: unspecified [text/html]
Saving to: ‘www.spokares.org/index.php/about/amateur-code/2-uncategorised/25-mentor-programs.html’

     0K .......... .......... ....                              330K=0.07s

2026-09-25 19:37:53 (330 KB/s) - ‘www.spokares.org/index.php/about/amateur-code/2-uncategorised/25-mentor-programs.html’ saved [25074]

--2026-09-25 19:37:53--  https://www.spokares.org/index.php/about/w7gbu-history/2-uncategorised/61-ham-radio-forms-a-planet-sized-space-weather-sensor-network
Reusing existing connection to www.spokares.org:443.
HTTP request sent, awaiting response... 200 OK
Length: unspecified [text/html]
Saving to: ‘www.spokares.org/index.php/about/w7gbu-history/2-uncategorised/61-ham-radio-forms-a-planet-sized-space-weather-sensor-network.html’

     0K .......... .......... ....                              342K=0.07s

2026-09-25 19:37:53 (342 KB/s) - ‘www.spokares.org/index.php/about/w7gbu-history/2-uncategorised/61-ham-radio-forms-a-planet-sized-space-weather-sensor-network.html’ saved [25417]

--2026-09-25 19:37:54--  https://www.spokares.org/index.php/about/w7gbu-history/2-uncategorised/25-mentor-programs
Reusing existing connection to www.spokares.org:443.
HTTP request sent, awaiting response... 200 OK
Length: unspecified [text/html]
Saving to: ‘www.spokares.org/index.php/about/w7gbu-history/2-uncategorised/25-mentor-programs.html’

     0K .......... .......... ....                              404K=0.06s

2026-09-25 19:37:54 (404 KB/s) - ‘www.spokares.org/index.php/about/w7gbu-history/2-uncategorised/25-mentor-programs.html’ saved [25084]

--2026-09-25 19:37:54--  https://www.spokares.org/index.php/about/meeting-location/2-uncategorised/61-ham-radio-forms-a-planet-sized-space-weather-sensor-network
Reusing existing connection to www.spokares.org:443.
HTTP request sent, awaiting response... 200 OK
Length: unspecified [text/html]
Saving to: ‘www.spokares.org/index.php/about/meeting-location/2-uncategorised/61-ham-radio-forms-a-planet-sized-space-weather-sensor-network.html’

     0K .......... .......... ....                              373K=0.07s

2026-09-25 19:37:54 (373 KB/s) - ‘www.spokares.org/index.php/about/meeting-location/2-uncategorised/61-ham-radio-forms-a-planet-sized-space-weather-sensor-network.html’ saved [25451]

--2026-09-25 19:37:55--  https://www.spokares.org/index.php/about/meeting-location/2-uncategorised/25-mentor-programs
Reusing existing connection to www.spokares.org:443.
HTTP request sent, awaiting response... 200 OK
Length: unspecified [text/html]
Saving to: ‘www.spokares.org/index.php/about/meeting-location/2-uncategorised/25-mentor-programs.html’

     0K .......... .......... ....                              289K=0.08s

2026-09-25 19:37:55 (289 KB/s) - ‘www.spokares.org/index.php/about/meeting-location/2-uncategorised/25-mentor-programs.html’ saved [25118]

--2026-09-25 19:37:56--  http://spokares.org/index.php/component/jcalpro/27-weekly-net-controllers/1613-nz2s-simplex?Itemid=104
Connecting to spokares.org (spokares.org)|70.39.146.166|:80... connected.
HTTP request sent, awaiting response... 200 OK
Length: unspecified [text/html]
Saving to: ‘spokares.org/index.php/component/jcalpro/27-weekly-net-controllers/1613-nz2s-simplex@Itemid=104.html’

     0K .......... .......... .........                         266K=0.1s

2026-09-25 19:38:16 (266 KB/s) - ‘spokares.org/index.php/component/jcalpro/27-weekly-net-controllers/1613-nz2s-simplex@Itemid=104.html’ saved [30583]

--2026-09-25 19:38:16--  http://spokares.org/index.php/about/ares-races-leadership/2-uncategorised/13-privacy-policy
Reusing existing connection to spokares.org:80.
HTTP request sent, awaiting response... 200 OK
Length: unspecified [text/html]
Saving to: ‘spokares.org/index.php/about/ares-races-leadership/2-uncategorised/13-privacy-policy.html’

     0K .......... .......... .......... ....                   322K=0.1s

2026-09-25 19:38:16 (322 KB/s) - ‘spokares.org/index.php/about/ares-races-leadership/2-uncategorised/13-privacy-policy.html’ saved [35717]

--2026-09-25 19:38:17--  http://spokares.org/index.php/about/ares-races-leadership/2-uncategorised/12-terms-and-conditions
Reusing existing connection to spokares.org:80.
HTTP request sent, awaiting response... 200 OK
Length: unspecified [text/html]
Saving to: ‘spokares.org/index.php/about/ares-races-leadership/2-uncategorised/12-terms-and-conditions.html’

     0K .......... .......... ........                          346K=0.08s

2026-09-25 19:38:17 (346 KB/s) - ‘spokares.org/index.php/about/ares-races-leadership/2-uncategorised/12-terms-and-conditions.html’ saved [29411]

--2026-09-25 19:38:17--  http://spokares.org/index.php/component/jcalpro/27-weekly-net-controllers/1613-nz2s-simplex?Itemid=112
Reusing existing connection to spokares.org:80.
HTTP request sent, awaiting response... 200 OK
Length: unspecified [text/html]
Saving to: ‘spokares.org/index.php/component/jcalpro/27-weekly-net-controllers/1613-nz2s-simplex@Itemid=112.html’

     0K .......... .......... .........                         272K=0.1s

2026-09-25 19:38:18 (272 KB/s) - ‘spokares.org/index.php/component/jcalpro/27-weekly-net-controllers/1613-nz2s-simplex@Itemid=112.html’ saved [30583]

--2026-09-25 19:38:18--  http://spokares.org/index.php/about/amateur-code/2-uncategorised/13-privacy-policy
Reusing existing connection to spokares.org:80.
HTTP request sent, awaiting response... 200 OK
Length: unspecified [text/html]
Saving to: ‘spokares.org/index.php/about/amateur-code/2-uncategorised/13-privacy-policy.html’

     0K .......... .......... .......... ....                   385K=0.09s

2026-09-25 19:38:18 (385 KB/s) - ‘spokares.org/index.php/about/amateur-code/2-uncategorised/13-privacy-policy.html’ saved [35615]

--2026-09-25 19:38:19--  http://spokares.org/index.php/about/amateur-code/2-uncategorised/12-terms-and-conditions
Reusing existing connection to spokares.org:80.
HTTP request sent, awaiting response... 200 OK
Length: unspecified [text/html]
Saving to: ‘spokares.org/index.php/about/amateur-code/2-uncategorised/12-terms-and-conditions.html’

     0K .......... .......... ........                          229K=0.1s

2026-09-25 19:38:19 (229 KB/s) - ‘spokares.org/index.php/about/amateur-code/2-uncategorised/12-terms-and-conditions.html’ saved [29309]

--2026-09-25 19:38:20--  http://spokares.org/images/floy.gif
Reusing existing connection to spokares.org:80.
HTTP request sent, awaiting response... 200 OK
Length: 26569 (26K) [image/gif]
Saving to: ‘spokares.org/images/floy.gif’

     0K .......... .......... .....                           100%  266K=0.1s

2026-09-25 19:38:20 (266 KB/s) - ‘spokares.org/images/floy.gif’ saved [26569/26569]

--2026-09-25 19:38:20--  http://spokares.org/index.php/component/jcalpro/27-weekly-net-controllers/1613-nz2s-simplex?Itemid=111
Reusing existing connection to spokares.org:80.
HTTP request sent, awaiting response... 200 OK
Length: unspecified [text/html]
Saving to: ‘spokares.org/index.php/component/jcalpro/27-weekly-net-controllers/1613-nz2s-simplex@Itemid=111.html’

     0K .......... .......... .........                         331K=0.09s

2026-09-25 19:38:20 (331 KB/s) - ‘spokares.org/index.php/component/jcalpro/27-weekly-net-controllers/1613-nz2s-simplex@Itemid=111.html’ saved [30583]

--2026-09-25 19:38:21--  http://spokares.org/index.php/about/w7gbu-history/2-uncategorised/13-privacy-policy
Reusing existing connection to spokares.org:80.
HTTP request sent, awaiting response... 200 OK
Length: unspecified [text/html]
Saving to: ‘spokares.org/index.php/about/w7gbu-history/2-uncategorised/13-privacy-policy.html’

     0K .......... .......... .......... ....                   213K=0.2s

2026-09-25 19:38:21 (213 KB/s) - ‘spokares.org/index.php/about/w7gbu-history/2-uncategorised/13-privacy-policy.html’ saved [35625]

--2026-09-25 19:38:21--  http://spokares.org/index.php/about/w7gbu-history/2-uncategorised/12-terms-and-conditions
Reusing existing connection to spokares.org:80.
HTTP request sent, awaiting response... 200 OK
Length: unspecified [text/html]
Saving to: ‘spokares.org/index.php/about/w7gbu-history/2-uncategorised/12-terms-and-conditions.html’

     0K .......... .......... ........                          282K=0.1s

2026-09-25 19:38:22 (282 KB/s) - ‘spokares.org/index.php/about/w7gbu-history/2-uncategorised/12-terms-and-conditions.html’ saved [29319]

--2026-09-25 19:38:23--  http://spokares.org/images/DEM_map.png
Reusing existing connection to spokares.org:80.
HTTP request sent, awaiting response... 200 OK
Length: 241405 (236K) [image/png]
Saving to: ‘spokares.org/images/DEM_map.png’

     0K .......... .......... .......... .......... .......... 21%  462K 0s
    50K .......... .......... .......... .......... .......... 42%  583K 0s
   100K .......... .......... .......... .......... .......... 63%  886K 0s
   150K .......... .......... .......... .......... .......... 84% 2.72M 0s
   200K .......... .......... .......... .....                100% 5.11M=0.3s

2026-09-25 19:38:23 (857 KB/s) - ‘spokares.org/images/DEM_map.png’ saved [241405/241405]

--2026-09-25 19:38:24--  http://spokares.org/index.php/component/jcalpro/27-weekly-net-controllers/1613-nz2s-simplex?Itemid=256
Reusing existing connection to spokares.org:80.
HTTP request sent, awaiting response... 200 OK
Length: unspecified [text/html]
Saving to: ‘spokares.org/index.php/component/jcalpro/27-weekly-net-controllers/1613-nz2s-simplex@Itemid=256.html’

     0K .......... .......... .........                         315K=0.09s

2026-09-25 19:38:25 (315 KB/s) - ‘spokares.org/index.php/component/jcalpro/27-weekly-net-controllers/1613-nz2s-simplex@Itemid=256.html’ saved [30583]

--2026-09-25 19:38:25--  http://spokares.org/index.php/about/meeting-location/2-uncategorised/13-privacy-policy
Reusing existing connection to spokares.org:80.
HTTP request sent, awaiting response... 200 OK
Length: unspecified [text/html]
Saving to: ‘spokares.org/index.php/about/meeting-location/2-uncategorised/13-privacy-policy.html’

     0K .......... .......... .......... ....                   286K=0.1s

2026-09-25 19:38:26 (286 KB/s) - ‘spokares.org/index.php/about/meeting-location/2-uncategorised/13-privacy-policy.html’ saved [35659]

--2026-09-25 19:38:26--  http://spokares.org/index.php/about/meeting-location/2-uncategorised/12-terms-and-conditions
Reusing existing connection to spokares.org:80.
HTTP request sent, awaiting response... 200 OK
Length: unspecified [text/html]
Saving to: ‘spokares.org/index.php/about/meeting-location/2-uncategorised/12-terms-and-conditions.html’

     0K .......... .......... ........                          326K=0.09s

2026-09-25 19:38:27 (326 KB/s) - ‘spokares.org/index.php/about/meeting-location/2-uncategorised/12-terms-and-conditions.html’ saved [29353]

--2026-09-25 19:38:27--  http://spokares.org/index.php/about/mou-with-ievhfra/2-uncategorised/13-privacy-policy
Reusing existing connection to spokares.org:80.
HTTP request sent, awaiting response... 200 OK
Length: unspecified [text/html]
Saving to: ‘spokares.org/index.php/about/mou-with-ievhfra/2-uncategorised/13-privacy-policy.html’

     0K .......... .......... ......                            220K=0.1s

2026-09-25 19:38:28 (220 KB/s) - ‘spokares.org/index.php/about/mou-with-ievhfra/2-uncategorised/13-privacy-policy.html’ saved [27398]

--2026-09-25 19:38:29--  http://spokares.org/index.php/about/mou-with-ievhfra/2-uncategorised/12-terms-and-conditions
Reusing existing connection to spokares.org:80.
HTTP request sent, awaiting response... 200 OK
Length: unspecified [text/html]
Saving to: ‘spokares.org/index.php/about/mou-with-ievhfra/2-uncategorised/12-terms-and-conditions.html’

     0K .......... ..........                                   193K=0.1s

2026-09-25 19:38:29 (193 KB/s) - ‘spokares.org/index.php/about/mou-with-ievhfra/2-uncategorised/12-terms-and-conditions.html’ saved [21078]

--2026-09-25 19:38:29--  http://spokares.org/index.php/component/jcalpro/27-weekly-net-controllers/1613-nz2s-simplex?Itemid=117
Reusing existing connection to spokares.org:80.
HTTP request sent, awaiting response... 200 OK
Length: unspecified [text/html]
Saving to: ‘spokares.org/index.php/component/jcalpro/27-weekly-net-controllers/1613-nz2s-simplex@Itemid=117.html’

     0K .......... .......... .........                         192K=0.2s

2026-09-25 19:38:30 (192 KB/s) - ‘spokares.org/index.php/component/jcalpro/27-weekly-net-controllers/1613-nz2s-simplex@Itemid=117.html’ saved [30583]

--2026-09-25 19:38:30--  http://spokares.org/index.php/operations/incident-command-system/2-uncategorised/13-privacy-policy
Reusing existing connection to spokares.org:80.
HTTP request sent, awaiting response... 200 OK
Length: unspecified [text/html]
Saving to: ‘spokares.org/index.php/operations/incident-command-system/2-uncategorised/13-privacy-policy.html’

     0K .......... .......... .......... ....                   209K=0.2s

2026-09-25 19:38:31 (209 KB/s) - ‘spokares.org/index.php/operations/incident-command-system/2-uncategorised/13-privacy-policy.html’ saved [35802]

--2026-09-25 19:38:31--  http://spokares.org/index.php/operations/incident-command-system/2-uncategorised/12-terms-and-conditions
Reusing existing connection to spokares.org:80.
HTTP request sent, awaiting response... 200 OK
Length: unspecified [text/html]
Saving to: ‘spokares.org/index.php/operations/incident-command-system/2-uncategorised/12-terms-and-conditions.html’

     0K .......... .......... ........                          215K=0.1s

2026-09-25 19:38:31 (215 KB/s) - ‘spokares.org/index.php/operations/incident-command-system/2-uncategorised/12-terms-and-conditions.html’ saved [29496]

--2026-09-25 19:38:32--  http://spokares.org/index.php/component/jcalpro/27-weekly-net-controllers/1613-nz2s-simplex?Itemid=154
Reusing existing connection to spokares.org:80.
HTTP request sent, awaiting response... 200 OK
Length: unspecified [text/html]
Saving to: ‘spokares.org/index.php/component/jcalpro/27-weekly-net-controllers/1613-nz2s-simplex@Itemid=154.html’

     0K .......... .......... .........                         227K=0.1s

2026-09-25 19:38:32 (227 KB/s) - ‘spokares.org/index.php/component/jcalpro/27-weekly-net-controllers/1613-nz2s-simplex@Itemid=154.html’ saved [30583]

--2026-09-25 19:38:32--  http://spokares.org/index.php/component/jcalpro/27-weekly-net-controllers/1613-nz2s-simplex?Itemid=155
Reusing existing connection to spokares.org:80.
HTTP request sent, awaiting response... 200 OK
Length: unspecified [text/html]
Saving to: ‘spokares.org/index.php/component/jcalpro/27-weekly-net-controllers/1613-nz2s-simplex@Itemid=155.html’

     0K .......... .......... .........                         268K=0.1s

2026-09-25 19:38:33 (268 KB/s) - ‘spokares.org/index.php/component/jcalpro/27-weekly-net-controllers/1613-nz2s-simplex@Itemid=155.html’ saved [30583]

--2026-09-25 19:38:33--  http://spokares.org/index.php/operations/status-codes/2-uncategorised/13-privacy-policy
Reusing existing connection to spokares.org:80.
HTTP request sent, awaiting response... 200 OK
Length: unspecified [text/html]
Saving to: ‘spokares.org/index.php/operations/status-codes/2-uncategorised/13-privacy-policy.html’

     0K .......... .......... .......... ....                   237K=0.1s

2026-09-25 19:38:33 (237 KB/s) - ‘spokares.org/index.php/operations/status-codes/2-uncategorised/13-privacy-policy.html’ saved [35664]

--2026-09-25 19:38:34--  http://spokares.org/index.php/operations/status-codes/2-uncategorised/12-terms-and-conditions
Reusing existing connection to spokares.org:80.
HTTP request sent, awaiting response... 200 OK
Length: unspecified [text/html]
Saving to: ‘spokares.org/index.php/operations/status-codes/2-uncategorised/12-terms-and-conditions.html’

     0K .......... .......... ........                          262K=0.1s

2026-09-25 19:38:34 (262 KB/s) - ‘spokares.org/index.php/operations/status-codes/2-uncategorised/12-terms-and-conditions.html’ saved [29358]

--2026-09-25 19:38:35--  http://spokares.org/index.php/component/alfcontact/?view=alfcontact&Itemid=197
Reusing existing connection to spokares.org:80.
HTTP request sent, awaiting response... 500 Internal Server Error
2026-09-25 19:38:35 ERROR 500: Internal Server Error.

--2026-09-25 19:38:35--  http://spokares.org/index.php/component/jcalpro/27-weekly-net-controllers/1613-nz2s-simplex?Itemid=354
Connecting to spokares.org (spokares.org)|70.39.146.166|:80... connected.
HTTP request sent, awaiting response... 200 OK
Length: unspecified [text/html]
Saving to: ‘spokares.org/index.php/component/jcalpro/27-weekly-net-controllers/1613-nz2s-simplex@Itemid=354.html’

     0K .......... .......... .........                         336K=0.09s

2026-09-25 19:38:55 (336 KB/s) - ‘spokares.org/index.php/component/jcalpro/27-weekly-net-controllers/1613-nz2s-simplex@Itemid=354.html’ saved [30583]

--2026-09-25 19:38:55--  http://spokares.org/index.php/operations/skywarn-weather-spotting/2-uncategorised/13-privacy-policy
Reusing existing connection to spokares.org:80.
HTTP request sent, awaiting response... 200 OK
Length: unspecified [text/html]
Saving to: ‘spokares.org/index.php/operations/skywarn-weather-spotting/2-uncategorised/13-privacy-policy.html’

     0K .......... .......... .......... ....                   385K=0.09s

2026-09-25 19:38:55 (385 KB/s) - ‘spokares.org/index.php/operations/skywarn-weather-spotting/2-uncategorised/13-privacy-policy.html’ saved [35816]

--2026-09-25 19:38:56--  http://spokares.org/index.php/operations/skywarn-weather-spotting/2-uncategorised/12-terms-and-conditions
Reusing existing connection to spokares.org:80.
HTTP request sent, awaiting response... 200 OK
Length: unspecified [text/html]
Saving to: ‘spokares.org/index.php/operations/skywarn-weather-spotting/2-uncategorised/12-terms-and-conditions.html’

     0K .......... .......... ........                          236K=0.1s

2026-09-25 19:38:56 (236 KB/s) - ‘spokares.org/index.php/operations/skywarn-weather-spotting/2-uncategorised/12-terms-and-conditions.html’ saved [29510]

--2026-09-25 19:38:56--  http://spokares.org/index.php/component/jcalpro/27-weekly-net-controllers/1613-nz2s-simplex?Itemid=419
Reusing existing connection to spokares.org:80.
HTTP request sent, awaiting response... 200 OK
Length: unspecified [text/html]
Saving to: ‘spokares.org/index.php/component/jcalpro/27-weekly-net-controllers/1613-nz2s-simplex@Itemid=419.html’

     0K .......... .......... .........                         346K=0.09s

2026-09-25 19:38:57 (346 KB/s) - ‘spokares.org/index.php/component/jcalpro/27-weekly-net-controllers/1613-nz2s-simplex@Itemid=419.html’ saved [30583]

--2026-09-25 19:38:57--  http://spokares.org/index.php/component/jcalpro/27-weekly-net-controllers/1613-nz2s-simplex?Itemid=420
Reusing existing connection to spokares.org:80.
HTTP request sent, awaiting response... 200 OK
Length: unspecified [text/html]
Saving to: ‘spokares.org/index.php/component/jcalpro/27-weekly-net-controllers/1613-nz2s-simplex@Itemid=420.html’

     0K .......... .......... .........                         370K=0.08s

2026-09-25 19:38:57 (370 KB/s) - ‘spokares.org/index.php/component/jcalpro/27-weekly-net-controllers/1613-nz2s-simplex@Itemid=420.html’ saved [30583]

--2026-09-25 19:38:58--  http://spokares.org/index.php/component/jcalpro/27-weekly-net-controllers/1613-nz2s-simplex?Itemid=488
Reusing existing connection to spokares.org:80.
HTTP request sent, awaiting response... 200 OK
Length: unspecified [text/html]
Saving to: ‘spokares.org/index.php/component/jcalpro/27-weekly-net-controllers/1613-nz2s-simplex@Itemid=488.html’

     0K .......... .......... .........                         333K=0.09s

2026-09-25 19:38:58 (333 KB/s) - ‘spokares.org/index.php/component/jcalpro/27-weekly-net-controllers/1613-nz2s-simplex@Itemid=488.html’ saved [30583]

--2026-09-25 19:38:58--  http://spokares.org/index.php/component/jcalpro/27-weekly-net-controllers/1613-nz2s-simplex?Itemid=418
Reusing existing connection to spokares.org:80.
HTTP request sent, awaiting response... 200 OK
Length: unspecified [text/html]
Saving to: ‘spokares.org/index.php/component/jcalpro/27-weekly-net-controllers/1613-nz2s-simplex@Itemid=418.html’

     0K .......... .......... .........                         343K=0.09s

2026-09-25 19:38:59 (343 KB/s) - ‘spokares.org/index.php/component/jcalpro/27-weekly-net-controllers/1613-nz2s-simplex@Itemid=418.html’ saved [30583]

--2026-09-25 19:38:59--  http://spokares.org/index.php/component/jcalpro/27-weekly-net-controllers/1613-nz2s-simplex?Itemid=487
Reusing existing connection to spokares.org:80.
HTTP request sent, awaiting response... 200 OK
Length: unspecified [text/html]
Saving to: ‘spokares.org/index.php/component/jcalpro/27-weekly-net-controllers/1613-nz2s-simplex@Itemid=487.html’

     0K .......... .......... .........                         303K=0.1s

2026-09-25 19:38:59 (303 KB/s) - ‘spokares.org/index.php/component/jcalpro/27-weekly-net-controllers/1613-nz2s-simplex@Itemid=487.html’ saved [30583]

--2026-09-25 19:38:59--  http://spokares.org/index.php/digital-messaging/rfi-resources/mel-ming-rfi-resources/2-uncategorised/13-privacy-policy
Reusing existing connection to spokares.org:80.
HTTP request sent, awaiting response... 200 OK
Length: unspecified [text/html]
Saving to: ‘spokares.org/index.php/digital-messaging/rfi-resources/mel-ming-rfi-resources/2-uncategorised/13-privacy-policy.html’

     0K .......... .......... ......                            266K=0.1s

2026-09-25 19:39:00 (266 KB/s) - ‘spokares.org/index.php/digital-messaging/rfi-resources/mel-ming-rfi-resources/2-uncategorised/13-privacy-policy.html’ saved [27573]

--2026-09-25 19:39:00--  http://spokares.org/index.php/digital-messaging/rfi-resources/mel-ming-rfi-resources/2-uncategorised/12-terms-and-conditions
Reusing existing connection to spokares.org:80.
HTTP request sent, awaiting response... 200 OK
Length: unspecified [text/html]
Saving to: ‘spokares.org/index.php/digital-messaging/rfi-resources/mel-ming-rfi-resources/2-uncategorised/12-terms-and-conditions.html’

     0K .......... ..........                                   224K=0.09s

2026-09-25 19:39:00 (224 KB/s) - ‘spokares.org/index.php/digital-messaging/rfi-resources/mel-ming-rfi-resources/2-uncategorised/12-terms-and-conditions.html’ saved [21253]

--2026-09-25 19:39:01--  http://spokares.org/index.php/component/jcalpro/27-weekly-net-controllers/1613-nz2s-simplex?Itemid=124
Reusing existing connection to spokares.org:80.
HTTP request sent, awaiting response... 200 OK
Length: unspecified [text/html]
Saving to: ‘spokares.org/index.php/component/jcalpro/27-weekly-net-controllers/1613-nz2s-simplex@Itemid=124.html’

     0K .......... .......... .........                         281K=0.1s

2026-09-25 19:39:01 (281 KB/s) - ‘spokares.org/index.php/component/jcalpro/27-weekly-net-controllers/1613-nz2s-simplex@Itemid=124.html’ saved [30583]

--2026-09-25 19:39:01--  http://spokares.org/index.php/component/jcalpro/27-weekly-net-controllers/1613-nz2s-simplex?Itemid=383
Reusing existing connection to spokares.org:80.
HTTP request sent, awaiting response... 200 OK
Length: unspecified [text/html]
Saving to: ‘spokares.org/index.php/component/jcalpro/27-weekly-net-controllers/1613-nz2s-simplex@Itemid=383.html’

     0K .......... .......... .........                        51.5K=0.6s

2026-09-25 19:39:03 (51.5 KB/s) - ‘spokares.org/index.php/component/jcalpro/27-weekly-net-controllers/1613-nz2s-simplex@Itemid=383.html’ saved [30583]

--2026-09-25 19:39:03--  http://spokares.org/index.php/membership/amateur-training/2-uncategorised/13-privacy-policy
Reusing existing connection to spokares.org:80.
HTTP request sent, awaiting response... 200 OK
Length: unspecified [text/html]
Saving to: ‘spokares.org/index.php/membership/amateur-training/2-uncategorised/13-privacy-policy.html’

     0K .......... .......... .......... ....                   268K=0.1s

2026-09-25 19:39:04 (268 KB/s) - ‘spokares.org/index.php/membership/amateur-training/2-uncategorised/13-privacy-policy.html’ saved [35712]

--2026-09-25 19:39:04--  http://spokares.org/index.php/membership/amateur-training/2-uncategorised/12-terms-and-conditions
Reusing existing connection to spokares.org:80.
HTTP request sent, awaiting response... 200 OK
Length: unspecified [text/html]
Saving to: ‘spokares.org/index.php/membership/amateur-training/2-uncategorised/12-terms-and-conditions.html’

     0K .......... .......... ........                          272K=0.1s

2026-09-25 19:39:05 (272 KB/s) - ‘spokares.org/index.php/membership/amateur-training/2-uncategorised/12-terms-and-conditions.html’ saved [29406]

--2026-09-25 19:39:05--  http://spokares.org/index.php/component/jcalpro/27-weekly-net-controllers/1613-nz2s-simplex?Itemid=162
Reusing existing connection to spokares.org:80.
HTTP request sent, awaiting response... 200 OK
Length: unspecified [text/html]
Saving to: ‘spokares.org/index.php/component/jcalpro/27-weekly-net-controllers/1613-nz2s-simplex@Itemid=162.html’

     0K .......... .......... .........                        44.8K=0.7s

2026-09-25 19:39:07 (44.8 KB/s) - ‘spokares.org/index.php/component/jcalpro/27-weekly-net-controllers/1613-nz2s-simplex@Itemid=162.html’ saved [30583]

--2026-09-25 19:39:07--  http://spokares.org/index.php/membership/ham-radio-links/2-uncategorised/13-privacy-policy
Reusing existing connection to spokares.org:80.
HTTP request sent, awaiting response... 200 OK
Length: unspecified [text/html]
Saving to: ‘spokares.org/index.php/membership/ham-radio-links/2-uncategorised/13-privacy-policy.html’

     0K .......... .......... .......... ....                   304K=0.1s

2026-09-25 19:39:07 (304 KB/s) - ‘spokares.org/index.php/membership/ham-radio-links/2-uncategorised/13-privacy-policy.html’ saved [35698]

--2026-09-25 19:39:08--  http://spokares.org/index.php/membership/ham-radio-links/2-uncategorised/12-terms-and-conditions
Reusing existing connection to spokares.org:80.
HTTP request sent, awaiting response... 200 OK
Length: unspecified [text/html]
Saving to: ‘spokares.org/index.php/membership/ham-radio-links/2-uncategorised/12-terms-and-conditions.html’

     0K .......... .......... ........                          311K=0.09s

2026-09-25 19:39:08 (311 KB/s) - ‘spokares.org/index.php/membership/ham-radio-links/2-uncategorised/12-terms-and-conditions.html’ saved [29392]

--2026-09-25 19:39:08--  http://spokares.org/images/logos/Spokane_County_ARES_RACES_logo_dash.png
Reusing existing connection to spokares.org:80.
HTTP request sent, awaiting response... 200 OK
Length: 26794 (26K) [image/png]
Saving to: ‘spokares.org/images/logos/Spokane_County_ARES_RACES_logo_dash.png’

     0K .......... .......... ......                          100%  238K=0.1s

2026-09-25 19:39:08 (238 KB/s) - ‘spokares.org/images/logos/Spokane_County_ARES_RACES_logo_dash.png’ saved [26794/26794]

--2026-09-25 19:39:09--  http://spokares.org/index.php/component/jcalpro/27-weekly-net-controllers/1613-nz2s-simplex?Itemid=382
Reusing existing connection to spokares.org:80.
HTTP request sent, awaiting response... 200 OK
Length: unspecified [text/html]
Saving to: ‘spokares.org/index.php/component/jcalpro/27-weekly-net-controllers/1613-nz2s-simplex@Itemid=382.html’

     0K .......... .......... .........                         285K=0.1s

2026-09-25 19:39:09 (285 KB/s) - ‘spokares.org/index.php/component/jcalpro/27-weekly-net-controllers/1613-nz2s-simplex@Itemid=382.html’ saved [30583]

--2026-09-25 19:39:09--  http://spokares.org/index.php/contact/welcome-letter/2-uncategorised/13-privacy-policy
Reusing existing connection to spokares.org:80.
HTTP request sent, awaiting response... 200 OK
Length: unspecified [text/html]
Saving to: ‘spokares.org/index.php/contact/welcome-letter/2-uncategorised/13-privacy-policy.html’

     0K .......... .......... .......... ....                   309K=0.1s

2026-09-25 19:39:10 (309 KB/s) - ‘spokares.org/index.php/contact/welcome-letter/2-uncategorised/13-privacy-policy.html’ saved [35705]

--2026-09-25 19:39:10--  http://spokares.org/index.php/contact/welcome-letter/2-uncategorised/12-terms-and-conditions
Reusing existing connection to spokares.org:80.
HTTP request sent, awaiting response... 200 OK
Length: unspecified [text/html]
Saving to: ‘spokares.org/index.php/contact/welcome-letter/2-uncategorised/12-terms-and-conditions.html’

     0K .......... .......... ........                          319K=0.09s

2026-09-25 19:39:10 (319 KB/s) - ‘spokares.org/index.php/contact/welcome-letter/2-uncategorised/12-terms-and-conditions.html’ saved [29399]

--2026-09-25 19:39:11--  http://spokares.org/index.php/downloads/forms-and-information/routedownload/forms-and-information/ares-races-membership-appplication
Reusing existing connection to spokares.org:80.
HTTP request sent, awaiting response... 500 Internal Server Error
2026-09-25 19:39:11 ERROR 500: Internal Server Error.

--2026-09-25 19:39:11--  http://spokares.org/index.php/component/jcalpro/27-weekly-net-controllers/1613-nz2s-simplex?Itemid=164
Connecting to spokares.org (spokares.org)|70.39.146.166|:80... connected.
HTTP request sent, awaiting response... 200 OK
Length: unspecified [text/html]
Saving to: ‘spokares.org/index.php/component/jcalpro/27-weekly-net-controllers/1613-nz2s-simplex@Itemid=164.html’

     0K .......... .......... .........                         308K=0.1s

2026-09-25 19:39:12 (308 KB/s) - ‘spokares.org/index.php/component/jcalpro/27-weekly-net-controllers/1613-nz2s-simplex@Itemid=164.html’ saved [30583]

--2026-09-25 19:39:12--  http://spokares.org/index.php/contact/join-ares-races/2-uncategorised/13-privacy-policy
Reusing existing connection to spokares.org:80.
HTTP request sent, awaiting response... 200 OK
Length: unspecified [text/html]
Saving to: ‘spokares.org/index.php/contact/join-ares-races/2-uncategorised/13-privacy-policy.html’

     0K .......... .......... .......... ....                   273K=0.1s

2026-09-25 19:39:12 (273 KB/s) - ‘spokares.org/index.php/contact/join-ares-races/2-uncategorised/13-privacy-policy.html’ saved [35671]

--2026-09-25 19:39:13--  http://spokares.org/index.php/contact/join-ares-races/2-uncategorised/12-terms-and-conditions
Reusing existing connection to spokares.org:80.
HTTP request sent, awaiting response... 200 OK
Length: unspecified [text/html]
Saving to: ‘spokares.org/index.php/contact/join-ares-races/2-uncategorised/12-terms-and-conditions.html’

     0K .......... .......... ........                          307K=0.09s

2026-09-25 19:39:13 (307 KB/s) - ‘spokares.org/index.php/contact/join-ares-races/2-uncategorised/12-terms-and-conditions.html’ saved [29365]

--2026-09-25 19:39:13--  http://spokares.org/index.php/component/jcalpro/27-weekly-net-controllers/1613-nz2s-simplex
Reusing existing connection to spokares.org:80.
HTTP request sent, awaiting response... 200 OK
Length: unspecified [text/html]
Saving to: ‘spokares.org/index.php/component/jcalpro/27-weekly-net-controllers/1613-nz2s-simplex.html’

     0K .......... .......... ..                                285K=0.08s

2026-09-25 19:39:14 (285 KB/s) - ‘spokares.org/index.php/component/jcalpro/27-weekly-net-controllers/1613-nz2s-simplex.html’ saved [23252]

--2026-09-25 19:39:14--  http://spokares.org/index.php/component/jcalpro/categories
Reusing existing connection to spokares.org:80.
HTTP request sent, awaiting response... 200 OK
Length: unspecified [text/html]
Saving to: ‘spokares.org/index.php/component/jcalpro/categories.html’

     0K .......... .......... ......                            255K=0.1s

2026-09-25 19:39:14 (255 KB/s) - ‘spokares.org/index.php/component/jcalpro/categories.html’ saved [27540]

--2026-09-25 19:39:15--  http://spokares.org/index.php/component/jcalpro/27-weekly-net-controllers
Reusing existing connection to spokares.org:80.
HTTP request sent, awaiting response... 200 OK
Length: unspecified [text/html]
Saving to: ‘spokares.org/index.php/component/jcalpro/27-weekly-net-controllers.html’

     0K .......... .......... .......... .......... .....       400K=0.1s

2026-09-25 19:39:15 (400 KB/s) - ‘spokares.org/index.php/component/jcalpro/27-weekly-net-controllers.html’ saved [46231]

--2026-09-25 19:39:15--  http://spokares.org/index.php/2-uncategorised
Reusing existing connection to spokares.org:80.
HTTP request sent, awaiting response... 200 OK
Length: unspecified [text/html]
Saving to: ‘spokares.org/index.php/2-uncategorised.html’

     0K .......... .......... .......... .......... ..........  318K
    50K .......... .......... ..                               1.63M=0.2s

2026-09-25 19:39:16 (426 KB/s) - ‘spokares.org/index.php/2-uncategorised.html’ saved [74660]

--2026-09-25 19:39:16--  https://www.spokares.org/index.php/operations/incident-command-system/2-uncategorised/61-ham-radio-forms-a-planet-sized-space-weather-sensor-network
Connecting to www.spokares.org (www.spokares.org)|70.39.146.166|:443... connected.
HTTP request sent, awaiting response... 200 OK
Length: unspecified [text/html]
Saving to: ‘www.spokares.org/index.php/operations/incident-command-system/2-uncategorised/61-ham-radio-forms-a-planet-sized-space-weather-sensor-network.html’

     0K .......... .......... ....                              368K=0.07s

2026-09-25 19:39:17 (368 KB/s) - ‘www.spokares.org/index.php/operations/incident-command-system/2-uncategorised/61-ham-radio-forms-a-planet-sized-space-weather-sensor-network.html’ saved [25594]

--2026-09-25 19:39:17--  https://www.spokares.org/index.php/operations/incident-command-system/2-uncategorised/25-mentor-programs
Reusing existing connection to www.spokares.org:443.
HTTP request sent, awaiting response... 200 OK
Length: unspecified [text/html]
Saving to: ‘www.spokares.org/index.php/operations/incident-command-system/2-uncategorised/25-mentor-programs.html’

     0K .......... .......... ....                              247K=0.1s

2026-09-25 19:39:18 (247 KB/s) - ‘www.spokares.org/index.php/operations/incident-command-system/2-uncategorised/25-mentor-programs.html’ saved [25261]

--2026-09-25 19:39:18--  https://www.spokares.org/index.php/operations/status-codes/2-uncategorised/61-ham-radio-forms-a-planet-sized-space-weather-sensor-network
Reusing existing connection to www.spokares.org:443.
HTTP request sent, awaiting response... 200 OK
Length: unspecified [text/html]
Saving to: ‘www.spokares.org/index.php/operations/status-codes/2-uncategorised/61-ham-radio-forms-a-planet-sized-space-weather-sensor-network.html’

     0K .......... .......... ....                              333K=0.07s

2026-09-25 19:39:18 (333 KB/s) - ‘www.spokares.org/index.php/operations/status-codes/2-uncategorised/61-ham-radio-forms-a-planet-sized-space-weather-sensor-network.html’ saved [25456]

--2026-09-25 19:39:18--  https://www.spokares.org/index.php/operations/status-codes/2-uncategorised/25-mentor-programs
Reusing existing connection to www.spokares.org:443.
HTTP request sent, awaiting response... 200 OK
Length: unspecified [text/html]
Saving to: ‘www.spokares.org/index.php/operations/status-codes/2-uncategorised/25-mentor-programs.html’

     0K .......... .......... ....                              228K=0.1s

2026-09-25 19:39:19 (228 KB/s) - ‘www.spokares.org/index.php/operations/status-codes/2-uncategorised/25-mentor-programs.html’ saved [25123]

--2026-09-25 19:39:19--  https://www.spokares.org/index.php/operations/skywarn-weather-spotting/2-uncategorised/61-ham-radio-forms-a-planet-sized-space-weather-sensor-network
Reusing existing connection to www.spokares.org:443.
HTTP request sent, awaiting response... 200 OK
Length: unspecified [text/html]
Saving to: ‘www.spokares.org/index.php/operations/skywarn-weather-spotting/2-uncategorised/61-ham-radio-forms-a-planet-sized-space-weather-sensor-network.html’

     0K .......... .......... .....                             379K=0.07s

2026-09-25 19:39:19 (379 KB/s) - ‘www.spokares.org/index.php/operations/skywarn-weather-spotting/2-uncategorised/61-ham-radio-forms-a-planet-sized-space-weather-sensor-network.html’ saved [25608]

--2026-09-25 19:39:19--  https://www.spokares.org/index.php/operations/skywarn-weather-spotting/2-uncategorised/25-mentor-programs
Reusing existing connection to www.spokares.org:443.
HTTP request sent, awaiting response... 200 OK
Length: unspecified [text/html]
Saving to: ‘www.spokares.org/index.php/operations/skywarn-weather-spotting/2-uncategorised/25-mentor-programs.html’

     0K .......... .......... ....                              391K=0.06s

2026-09-25 19:39:20 (391 KB/s) - ‘www.spokares.org/index.php/operations/skywarn-weather-spotting/2-uncategorised/25-mentor-programs.html’ saved [25275]

--2026-09-25 19:39:20--  https://www.spokares.org/index.php/membership/amateur-training/2-uncategorised/61-ham-radio-forms-a-planet-sized-space-weather-sensor-network
Reusing existing connection to www.spokares.org:443.
HTTP request sent, awaiting response... 200 OK
Length: unspecified [text/html]
Saving to: ‘www.spokares.org/index.php/membership/amateur-training/2-uncategorised/61-ham-radio-forms-a-planet-sized-space-weather-sensor-network.html’

     0K .......... .......... ....                              423K=0.06s

2026-09-25 19:39:20 (423 KB/s) - ‘www.spokares.org/index.php/membership/amateur-training/2-uncategorised/61-ham-radio-forms-a-planet-sized-space-weather-sensor-network.html’ saved [25500]

--2026-09-25 19:39:21--  https://www.spokares.org/index.php/membership/amateur-training/2-uncategorised/25-mentor-programs
Reusing existing connection to www.spokares.org:443.
HTTP request sent, awaiting response... 200 OK
Length: unspecified [text/html]
Saving to: ‘www.spokares.org/index.php/membership/amateur-training/2-uncategorised/25-mentor-programs.html’

     0K .......... .......... ....                              231K=0.1s

2026-09-25 19:39:21 (231 KB/s) - ‘www.spokares.org/index.php/membership/amateur-training/2-uncategorised/25-mentor-programs.html’ saved [25171]

--2026-09-25 19:39:21--  https://www.spokares.org/index.php/membership/ham-radio-links/2-uncategorised/61-ham-radio-forms-a-planet-sized-space-weather-sensor-network
Reusing existing connection to www.spokares.org:443.
HTTP request sent, awaiting response... 200 OK
Length: unspecified [text/html]
Saving to: ‘www.spokares.org/index.php/membership/ham-radio-links/2-uncategorised/61-ham-radio-forms-a-planet-sized-space-weather-sensor-network.html’

     0K .......... .......... ....                              331K=0.08s

2026-09-25 19:39:22 (331 KB/s) - ‘www.spokares.org/index.php/membership/ham-radio-links/2-uncategorised/61-ham-radio-forms-a-planet-sized-space-weather-sensor-network.html’ saved [25490]

--2026-09-25 19:39:22--  https://www.spokares.org/index.php/membership/ham-radio-links/2-uncategorised/25-mentor-programs
Reusing existing connection to www.spokares.org:443.
HTTP request sent, awaiting response... 200 OK
Length: unspecified [text/html]
Saving to: ‘www.spokares.org/index.php/membership/ham-radio-links/2-uncategorised/25-mentor-programs.html’

     0K .......... .......... ....                              351K=0.07s

2026-09-25 19:39:22 (351 KB/s) - ‘www.spokares.org/index.php/membership/ham-radio-links/2-uncategorised/25-mentor-programs.html’ saved [25157]

--2026-09-25 19:39:22--  https://www.spokares.org/index.php/contact/welcome-letter/2-uncategorised/61-ham-radio-forms-a-planet-sized-space-weather-sensor-network
Reusing existing connection to www.spokares.org:443.
HTTP request sent, awaiting response... 200 OK
Length: unspecified [text/html]
Saving to: ‘www.spokares.org/index.php/contact/welcome-letter/2-uncategorised/61-ham-radio-forms-a-planet-sized-space-weather-sensor-network.html’

     0K .......... .......... ....                              355K=0.07s

2026-09-25 19:39:23 (355 KB/s) - ‘www.spokares.org/index.php/contact/welcome-letter/2-uncategorised/61-ham-radio-forms-a-planet-sized-space-weather-sensor-network.html’ saved [25497]

--2026-09-25 19:39:23--  https://www.spokares.org/index.php/contact/welcome-letter/2-uncategorised/25-mentor-programs
Reusing existing connection to www.spokares.org:443.
HTTP request sent, awaiting response... 200 OK
Length: unspecified [text/html]
Saving to: ‘www.spokares.org/index.php/contact/welcome-letter/2-uncategorised/25-mentor-programs.html’

     0K .......... .......... ....                              385K=0.06s

2026-09-25 19:39:23 (385 KB/s) - ‘www.spokares.org/index.php/contact/welcome-letter/2-uncategorised/25-mentor-programs.html’ saved [25164]

--2026-09-25 19:39:23--  https://www.spokares.org/index.php/contact/join-ares-races/2-uncategorised/61-ham-radio-forms-a-planet-sized-space-weather-sensor-network
Reusing existing connection to www.spokares.org:443.
HTTP request sent, awaiting response... 200 OK
Length: unspecified [text/html]
Saving to: ‘www.spokares.org/index.php/contact/join-ares-races/2-uncategorised/61-ham-radio-forms-a-planet-sized-space-weather-sensor-network.html’

     0K .......... .......... ....                              353K=0.07s

2026-09-25 19:39:24 (353 KB/s) - ‘www.spokares.org/index.php/contact/join-ares-races/2-uncategorised/61-ham-radio-forms-a-planet-sized-space-weather-sensor-network.html’ saved [25463]

--2026-09-25 19:39:24--  https://www.spokares.org/index.php/contact/join-ares-races/2-uncategorised/25-mentor-programs
Reusing existing connection to www.spokares.org:443.
HTTP request sent, awaiting response... 200 OK
Length: unspecified [text/html]
Saving to: ‘www.spokares.org/index.php/contact/join-ares-races/2-uncategorised/25-mentor-programs.html’

     0K .......... .......... ....                              249K=0.1s

2026-09-25 19:39:24 (249 KB/s) - ‘www.spokares.org/index.php/contact/join-ares-races/2-uncategorised/25-mentor-programs.html’ saved [25130]

--2026-09-25 19:39:25--  https://www.spokares.org/index.php/component/jcalpro/27-weekly-net-controllers/1612-kk7sab
Reusing existing connection to www.spokares.org:443.
HTTP request sent, awaiting response... 200 OK
Length: unspecified [text/html]
Saving to: ‘www.spokares.org/index.php/component/jcalpro/27-weekly-net-controllers/1612-kk7sab.html’

     0K .......... .......... ..                                257K=0.09s

2026-09-25 19:39:25 (257 KB/s) - ‘www.spokares.org/index.php/component/jcalpro/27-weekly-net-controllers/1612-kk7sab.html’ saved [23271]

--2026-09-25 19:39:25--  https://www.spokares.org/media/com_jcalpro/images/events/icon-event-onedate.gif
Reusing existing connection to www.spokares.org:443.
HTTP request sent, awaiting response... 200 OK
Length: 102 [image/gif]
Saving to: ‘www.spokares.org/media/com_jcalpro/images/events/icon-event-onedate.gif’

     0K                                                       100% 1.99K=0s

2026-09-25 19:39:25 (1.99 KB/s) - ‘www.spokares.org/media/com_jcalpro/images/events/icon-event-onedate.gif’ saved [102/102]

--2026-09-25 19:39:25--  https://www.spokares.org/index.php/component/jcalpro/27-weekly-net-controllers/1609-ae7rj
Reusing existing connection to www.spokares.org:443.
HTTP request sent, awaiting response... 200 OK
Length: unspecified [text/html]
Saving to: ‘www.spokares.org/index.php/component/jcalpro/27-weekly-net-controllers/1609-ae7rj.html’

     0K .......... .......... ..                                259K=0.09s

2026-09-25 19:39:26 (259 KB/s) - ‘www.spokares.org/index.php/component/jcalpro/27-weekly-net-controllers/1609-ae7rj.html’ saved [23265]

--2026-09-25 19:39:26--  https://www.spokares.org/index.php/component/jcalpro/27-weekly-net-controllers/1610-wa7lnc
Reusing existing connection to www.spokares.org:443.
HTTP request sent, awaiting response... 200 OK
Length: unspecified [text/html]
Saving to: ‘www.spokares.org/index.php/component/jcalpro/27-weekly-net-controllers/1610-wa7lnc.html’

     0K .......... .......... ..                                359K=0.06s

2026-09-25 19:39:26 (359 KB/s) - ‘www.spokares.org/index.php/component/jcalpro/27-weekly-net-controllers/1610-wa7lnc.html’ saved [23272]

--2026-09-25 19:39:27--  https://www.spokares.org/index.php/component/jcalpro/27-weekly-net-controllers/1611-ke7rap
Reusing existing connection to www.spokares.org:443.
HTTP request sent, awaiting response... 200 OK
Length: unspecified [text/html]
Saving to: ‘www.spokares.org/index.php/component/jcalpro/27-weekly-net-controllers/1611-ke7rap.html’

     0K .......... .......... ..                                307K=0.07s

2026-09-25 19:39:27 (307 KB/s) - ‘www.spokares.org/index.php/component/jcalpro/27-weekly-net-controllers/1611-ke7rap.html’ saved [23272]

--2026-09-25 19:39:27--  https://www.spokares.org/index.php/component/jcalpro/28-upcoming-exercises/638-5th-saturday-exercise-2018-march-31
Reusing existing connection to www.spokares.org:443.
HTTP request sent, awaiting response... 200 OK
Length: unspecified [text/html]
Saving to: ‘www.spokares.org/index.php/component/jcalpro/28-upcoming-exercises/638-5th-saturday-exercise-2018-march-31.html’

     0K .......... .......... ...                               253K=0.09s

2026-09-25 19:39:28 (253 KB/s) - ‘www.spokares.org/index.php/component/jcalpro/28-upcoming-exercises/638-5th-saturday-exercise-2018-march-31.html’ saved [23661]

--2026-09-25 19:39:28--  https://www.spokares.org/index.php/component/jcalpro/28-upcoming-exercises/820-eoc-to-eoc-5th-saturday-exercise-march-2019
Reusing existing connection to www.spokares.org:443.
HTTP request sent, awaiting response... 200 OK
Length: unspecified [text/html]
Saving to: ‘www.spokares.org/index.php/component/jcalpro/28-upcoming-exercises/820-eoc-to-eoc-5th-saturday-exercise-march-2019.html’

     0K .......... .......... ..                                336K=0.07s

2026-09-25 19:39:28 (336 KB/s) - ‘www.spokares.org/index.php/component/jcalpro/28-upcoming-exercises/820-eoc-to-eoc-5th-saturday-exercise-march-2019.html’ saved [23460]

--2026-09-25 19:39:29--  https://www.spokares.org/index.php/component/jcalpro/28-upcoming-exercises/1009-kootenai-county-exercise
Reusing existing connection to www.spokares.org:443.
HTTP request sent, awaiting response... 200 OK
Length: unspecified [text/html]
Saving to: ‘www.spokares.org/index.php/component/jcalpro/28-upcoming-exercises/1009-kootenai-county-exercise.html’

     0K .......... .......... ..                                336K=0.07s

2026-09-25 19:39:29 (336 KB/s) - ‘www.spokares.org/index.php/component/jcalpro/28-upcoming-exercises/1009-kootenai-county-exercise.html’ saved [23412]

--2026-09-25 19:39:29--  https://www.spokares.org/index.php/component/jcalpro/28-upcoming-exercises/1010-quarterly-exercise-all-members
Reusing existing connection to www.spokares.org:443.
HTTP request sent, awaiting response... 200 OK
Length: unspecified [text/html]
Saving to: ‘www.spokares.org/index.php/component/jcalpro/28-upcoming-exercises/1010-quarterly-exercise-all-members.html’

     0K .......... .......... ..                                324K=0.07s

2026-09-25 19:39:30 (324 KB/s) - ‘www.spokares.org/index.php/component/jcalpro/28-upcoming-exercises/1010-quarterly-exercise-all-members.html’ saved [23394]

--2026-09-25 19:39:30--  https://www.spokares.org/index.php/component/jcalpro/28-upcoming-exercises/1011-quarterly-exercise-hazard-city-deployment
Reusing existing connection to www.spokares.org:443.
HTTP request sent, awaiting response... 200 OK
Length: unspecified [text/html]
Saving to: ‘www.spokares.org/index.php/component/jcalpro/28-upcoming-exercises/1011-quarterly-exercise-hazard-city-deployment.html’

     0K .......... .......... ...                               326K=0.07s

2026-09-25 19:39:30 (326 KB/s) - ‘www.spokares.org/index.php/component/jcalpro/28-upcoming-exercises/1011-quarterly-exercise-hazard-city-deployment.html’ saved [23907]

--2026-09-25 19:39:30--  https://www.spokares.org/index.php/component/jcalpro/28-upcoming-exercises/1341-stimulated-exercise-test-set
Reusing existing connection to www.spokares.org:443.
HTTP request sent, awaiting response... 200 OK
Length: unspecified [text/html]
Saving to: ‘www.spokares.org/index.php/component/jcalpro/28-upcoming-exercises/1341-stimulated-exercise-test-set.html’

     0K .......... .......... ..                                280K=0.08s

2026-09-25 19:39:31 (280 KB/s) - ‘www.spokares.org/index.php/component/jcalpro/28-upcoming-exercises/1341-stimulated-exercise-test-set.html’ saved [23383]

--2026-09-25 19:39:31--  https://www.spokares.org/index.php/component/jcalpro/28-upcoming-exercises/1389-rockford-exercise
Reusing existing connection to www.spokares.org:443.
HTTP request sent, awaiting response... 200 OK
Length: unspecified [text/html]
Saving to: ‘www.spokares.org/index.php/component/jcalpro/28-upcoming-exercises/1389-rockford-exercise.html’

     0K .......... .......... ..                                329K=0.07s

2026-09-25 19:39:31 (329 KB/s) - ‘www.spokares.org/index.php/component/jcalpro/28-upcoming-exercises/1389-rockford-exercise.html’ saved [23312]

--2026-09-25 19:39:32--  https://www.spokares.org/index.php/component/jcalpro/29-qualifications-training/650-helicopter-training
Reusing existing connection to www.spokares.org:443.
HTTP request sent, awaiting response... 200 OK
Length: unspecified [text/html]
Saving to: ‘www.spokares.org/index.php/component/jcalpro/29-qualifications-training/650-helicopter-training.html’

     0K .......... .......... .......                           438K=0.06s

2026-09-25 19:39:32 (438 KB/s) - ‘www.spokares.org/index.php/component/jcalpro/29-qualifications-training/650-helicopter-training.html’ saved [28314]

--2026-09-25 19:39:32--  https://www.spokares.org/index.php/component/jcalpro/30-regular-meetings-training/1-digital-training
Reusing existing connection to www.spokares.org:443.
HTTP request sent, awaiting response... 200 OK
Length: unspecified [text/html]
Saving to: ‘www.spokares.org/index.php/component/jcalpro/30-regular-meetings-training/1-digital-training.html’

     0K .......... .......... ......                            410K=0.07s

2026-09-25 19:39:33 (410 KB/s) - ‘www.spokares.org/index.php/component/jcalpro/30-regular-meetings-training/1-digital-training.html’ saved [27525]

--2026-09-25 19:39:33--  https://www.spokares.org/index.php/component/jcalpro/30-regular-meetings-training/950-digital-training
Reusing existing connection to www.spokares.org:443.
HTTP request sent, awaiting response... 200 OK
Length: unspecified [text/html]
Saving to: ‘www.spokares.org/index.php/component/jcalpro/30-regular-meetings-training/950-digital-training.html’

     0K .......... .......... ......                            335K=0.08s

2026-09-25 19:39:33 (335 KB/s) - ‘www.spokares.org/index.php/component/jcalpro/30-regular-meetings-training/950-digital-training.html’ saved [27540]

--2026-09-25 19:39:34--  https://www.spokares.org/index.php/component/jcalpro/30-regular-meetings-training/951-digital-training
Reusing existing connection to www.spokares.org:443.
HTTP request sent, awaiting response... 200 OK
Length: unspecified [text/html]
Saving to: ‘www.spokares.org/index.php/component/jcalpro/30-regular-meetings-training/951-digital-training.html’

     0K .......... .......... ......                            234K=0.1s

2026-09-25 19:39:34 (234 KB/s) - ‘www.spokares.org/index.php/component/jcalpro/30-regular-meetings-training/951-digital-training.html’ saved [27541]

--2026-09-25 19:39:34--  https://www.spokares.org/index.php/component/jcalpro/30-regular-meetings-training/952-digital-training
Reusing existing connection to www.spokares.org:443.
HTTP request sent, awaiting response... 200 OK
Length: unspecified [text/html]
Saving to: ‘www.spokares.org/index.php/component/jcalpro/30-regular-meetings-training/952-digital-training.html’

     0K .......... .......... ......                            304K=0.09s

2026-09-25 19:39:35 (304 KB/s) - ‘www.spokares.org/index.php/component/jcalpro/30-regular-meetings-training/952-digital-training.html’ saved [27541]

--2026-09-25 19:39:35--  https://www.spokares.org/index.php/component/jcalpro/30-regular-meetings-training/953-digital-training
Reusing existing connection to www.spokares.org:443.
HTTP request sent, awaiting response... 200 OK
Length: unspecified [text/html]
Saving to: ‘www.spokares.org/index.php/component/jcalpro/30-regular-meetings-training/953-digital-training.html’

     0K .......... .......... ......                            320K=0.08s

2026-09-25 19:39:35 (320 KB/s) - ‘www.spokares.org/index.php/component/jcalpro/30-regular-meetings-training/953-digital-training.html’ saved [27540]

--2026-09-25 19:39:36--  https://www.spokares.org/index.php/component/jcalpro/30-regular-meetings-training/954-digital-training
Reusing existing connection to www.spokares.org:443.
HTTP request sent, awaiting response... 200 OK
Length: unspecified [text/html]
Saving to: ‘www.spokares.org/index.php/component/jcalpro/30-regular-meetings-training/954-digital-training.html’

     0K .......... .......... ......                            316K=0.09s

2026-09-25 19:39:36 (316 KB/s) - ‘www.spokares.org/index.php/component/jcalpro/30-regular-meetings-training/954-digital-training.html’ saved [27541]

--2026-09-25 19:39:36--  https://www.spokares.org/index.php/component/jcalpro/30-regular-meetings-training/567-ares-races-meeting
Reusing existing connection to www.spokares.org:443.
HTTP request sent, awaiting response... 200 OK
Length: unspecified [text/html]
Saving to: ‘www.spokares.org/index.php/component/jcalpro/30-regular-meetings-training/567-ares-races-meeting.html’

     0K .......... .......... .......                           361K=0.08s

2026-09-25 19:39:37 (361 KB/s) - ‘www.spokares.org/index.php/component/jcalpro/30-regular-meetings-training/567-ares-races-meeting.html’ saved [27790]

--2026-09-25 19:39:37--  https://www.spokares.org/index.php/component/jcalpro/30-regular-meetings-training/509-digital-training
Reusing existing connection to www.spokares.org:443.
HTTP request sent, awaiting response... 200 OK
Length: unspecified [text/html]
Saving to: ‘www.spokares.org/index.php/component/jcalpro/30-regular-meetings-training/509-digital-training.html’

     0K .......... .......... .......                           311K=0.09s

2026-09-25 19:39:37 (311 KB/s) - ‘www.spokares.org/index.php/component/jcalpro/30-regular-meetings-training/509-digital-training.html’ saved [27667]

--2026-09-25 19:39:38--  https://www.spokares.org/index.php/component/jcalpro/30-regular-meetings-training/955-digital-training
Reusing existing connection to www.spokares.org:443.
HTTP request sent, awaiting response... 200 OK
Length: unspecified [text/html]
Saving to: ‘www.spokares.org/index.php/component/jcalpro/30-regular-meetings-training/955-digital-training.html’

     0K .......... .......... ......                            315K=0.09s

2026-09-25 19:39:38 (315 KB/s) - ‘www.spokares.org/index.php/component/jcalpro/30-regular-meetings-training/955-digital-training.html’ saved [27541]

--2026-09-25 19:39:38--  https://www.spokares.org/index.php/component/jcalpro/30-regular-meetings-training/956-digital-training
Reusing existing connection to www.spokares.org:443.
HTTP request sent, awaiting response... 200 OK
Length: unspecified [text/html]
Saving to: ‘www.spokares.org/index.php/component/jcalpro/30-regular-meetings-training/956-digital-training.html’

     0K .......... .......... ......                            403K=0.07s

2026-09-25 19:39:39 (403 KB/s) - ‘www.spokares.org/index.php/component/jcalpro/30-regular-meetings-training/956-digital-training.html’ saved [27541]

--2026-09-25 19:39:39--  https://www.spokares.org/index.php/component/jcalpro/30-regular-meetings-training/957-digital-training
Reusing existing connection to www.spokares.org:443.
HTTP request sent, awaiting response... 200 OK
Length: unspecified [text/html]
Saving to: ‘www.spokares.org/index.php/component/jcalpro/30-regular-meetings-training/957-digital-training.html’

     0K .......... .......... ......                            346K=0.08s

2026-09-25 19:39:39 (346 KB/s) - ‘www.spokares.org/index.php/component/jcalpro/30-regular-meetings-training/957-digital-training.html’ saved [27541]

--2026-09-25 19:39:40--  https://www.spokares.org/index.php/component/jcalpro/30-regular-meetings-training/958-digital-training
Reusing existing connection to www.spokares.org:443.
HTTP request sent, awaiting response... 200 OK
Length: unspecified [text/html]
Saving to: ‘www.spokares.org/index.php/component/jcalpro/30-regular-meetings-training/958-digital-training.html’

     0K .......... .......... ......                            302K=0.09s

2026-09-25 19:39:40 (302 KB/s) - ‘www.spokares.org/index.php/component/jcalpro/30-regular-meetings-training/958-digital-training.html’ saved [27541]

--2026-09-25 19:39:40--  https://www.spokares.org/index.php/component/jcalpro/30-regular-meetings-training/959-digital-training
Reusing existing connection to www.spokares.org:443.
HTTP request sent, awaiting response... 200 OK
Length: unspecified [text/html]
Saving to: ‘www.spokares.org/index.php/component/jcalpro/30-regular-meetings-training/959-digital-training.html’

     0K .......... .......... ......                            300K=0.09s

2026-09-25 19:39:41 (300 KB/s) - ‘www.spokares.org/index.php/component/jcalpro/30-regular-meetings-training/959-digital-training.html’ saved [27540]

--2026-09-25 19:39:41--  https://www.spokares.org/index.php/component/jcalpro/30-regular-meetings-training/960-digital-training
Reusing existing connection to www.spokares.org:443.
HTTP request sent, awaiting response... 200 OK
Length: unspecified [text/html]
Saving to: ‘www.spokares.org/index.php/component/jcalpro/30-regular-meetings-training/960-digital-training.html’

     0K .......... .......... ......                            329K=0.08s

2026-09-25 19:39:41 (329 KB/s) - ‘www.spokares.org/index.php/component/jcalpro/30-regular-meetings-training/960-digital-training.html’ saved [27541]

--2026-09-25 19:39:42--  https://www.spokares.org/index.php/component/jcalpro/30-regular-meetings-training/961-digital-training
Reusing existing connection to www.spokares.org:443.
HTTP request sent, awaiting response... 200 OK
Length: unspecified [text/html]
Saving to: ‘www.spokares.org/index.php/component/jcalpro/30-regular-meetings-training/961-digital-training.html’

     0K .......... .......... ......                            333K=0.08s

2026-09-25 19:39:42 (333 KB/s) - ‘www.spokares.org/index.php/component/jcalpro/30-regular-meetings-training/961-digital-training.html’ saved [27541]

--2026-09-25 19:39:42--  https://www.spokares.org/index.php/component/jcalpro/30-regular-meetings-training/962-digital-training
Reusing existing connection to www.spokares.org:443.
HTTP request sent, awaiting response... 200 OK
Length: unspecified [text/html]
Saving to: ‘www.spokares.org/index.php/component/jcalpro/30-regular-meetings-training/962-digital-training.html’

     0K .......... .......... ......                            368K=0.07s

2026-09-25 19:39:43 (368 KB/s) - ‘www.spokares.org/index.php/component/jcalpro/30-regular-meetings-training/962-digital-training.html’ saved [27540]

--2026-09-25 19:39:43--  https://www.spokares.org/index.php/component/jcalpro/30-regular-meetings-training/963-digital-training
Reusing existing connection to www.spokares.org:443.
HTTP request sent, awaiting response... 200 OK
Length: unspecified [text/html]
Saving to: ‘www.spokares.org/index.php/component/jcalpro/30-regular-meetings-training/963-digital-training.html’

     0K .......... .......... ......                            341K=0.08s

2026-09-25 19:39:44 (341 KB/s) - ‘www.spokares.org/index.php/component/jcalpro/30-regular-meetings-training/963-digital-training.html’ saved [27541]

--2026-09-25 19:39:44--  https://www.spokares.org/index.php/component/jcalpro/30-regular-meetings-training/964-digital-training
Reusing existing connection to www.spokares.org:443.
HTTP request sent, awaiting response... 200 OK
Length: unspecified [text/html]
Saving to: ‘www.spokares.org/index.php/component/jcalpro/30-regular-meetings-training/964-digital-training.html’

     0K .......... .......... ......                            331K=0.08s

2026-09-25 19:39:44 (331 KB/s) - ‘www.spokares.org/index.php/component/jcalpro/30-regular-meetings-training/964-digital-training.html’ saved [27541]

--2026-09-25 19:39:44--  https://www.spokares.org/index.php/component/jcalpro/30-regular-meetings-training/965-digital-training
Reusing existing connection to www.spokares.org:443.
HTTP request sent, awaiting response... 200 OK
Length: unspecified [text/html]
Saving to: ‘www.spokares.org/index.php/component/jcalpro/30-regular-meetings-training/965-digital-training.html’

     0K .......... .......... ......                            313K=0.09s

2026-09-25 19:39:45 (313 KB/s) - ‘www.spokares.org/index.php/component/jcalpro/30-regular-meetings-training/965-digital-training.html’ saved [27540]

--2026-09-25 19:39:45--  https://www.spokares.org/index.php/component/jcalpro/30-regular-meetings-training/966-digital-training
Reusing existing connection to www.spokares.org:443.
HTTP request sent, awaiting response... 200 OK
Length: unspecified [text/html]
Saving to: ‘www.spokares.org/index.php/component/jcalpro/30-regular-meetings-training/966-digital-training.html’

     0K .......... .......... ......                            333K=0.08s

2026-09-25 19:39:46 (333 KB/s) - ‘www.spokares.org/index.php/component/jcalpro/30-regular-meetings-training/966-digital-training.html’ saved [27541]

--2026-09-25 19:39:46--  https://www.spokares.org/index.php/component/jcalpro/30-regular-meetings-training?start=20
Reusing existing connection to www.spokares.org:443.
HTTP request sent, awaiting response... 200 OK
Length: unspecified [text/html]
Saving to: ‘www.spokares.org/index.php/component/jcalpro/30-regular-meetings-training@start=20.html’

     0K .......... .......... .......... .......... ..........  269K
    50K .........                                              1.31M=0.2s

2026-09-25 19:39:46 (309 KB/s) - ‘www.spokares.org/index.php/component/jcalpro/30-regular-meetings-training@start=20.html’ saved [61124]

--2026-09-25 19:39:47--  https://www.spokares.org/index.php/component/jcalpro/30-regular-meetings-training?start=40
Reusing existing connection to www.spokares.org:443.
HTTP request sent, awaiting response... 200 OK
Length: unspecified [text/html]
Saving to: ‘www.spokares.org/index.php/component/jcalpro/30-regular-meetings-training@start=40.html’

     0K .......... .......... .......... .......... .........   321K=0.2s

2026-09-25 19:39:47 (321 KB/s) - ‘www.spokares.org/index.php/component/jcalpro/30-regular-meetings-training@start=40.html’ saved [50791]

--2026-09-25 19:39:47--  https://www.spokares.org/index.php/component/jcalpro/30-regular-meetings-training?start=60
Reusing existing connection to www.spokares.org:443.
HTTP request sent, awaiting response... 200 OK
Length: unspecified [text/html]
Saving to: ‘www.spokares.org/index.php/component/jcalpro/30-regular-meetings-training@start=60.html’

     0K .......... .......... .......... .......... .........   334K=0.1s

2026-09-25 19:39:48 (334 KB/s) - ‘www.spokares.org/index.php/component/jcalpro/30-regular-meetings-training@start=60.html’ saved [50972]

--2026-09-25 19:39:48--  https://www.spokares.org/index.php/component/jcalpro/30-regular-meetings-training?start=80
Reusing existing connection to www.spokares.org:443.
HTTP request sent, awaiting response... 200 OK
Length: unspecified [text/html]
Saving to: ‘www.spokares.org/index.php/component/jcalpro/30-regular-meetings-training@start=80.html’

     0K .......... .......... .......... .......... .........   328K=0.2s

2026-09-25 19:39:49 (328 KB/s) - ‘www.spokares.org/index.php/component/jcalpro/30-regular-meetings-training@start=80.html’ saved [50819]

--2026-09-25 19:39:49--  https://www.spokares.org/index.php/component/jcalpro/31-other-events/631-qrp-day-on-the-noontime-net
Reusing existing connection to www.spokares.org:443.
HTTP request sent, awaiting response... 200 OK
Length: unspecified [text/html]
Saving to: ‘www.spokares.org/index.php/component/jcalpro/31-other-events/631-qrp-day-on-the-noontime-net.html’

     0K .......... .......... ...                               518K=0.04s

2026-09-25 19:39:49 (518 KB/s) - ‘www.spokares.org/index.php/component/jcalpro/31-other-events/631-qrp-day-on-the-noontime-net.html’ saved [23830]

--2026-09-25 19:39:49--  https://www.spokares.org/index.php/component/jcalpro/31-other-events/651-field-day-2018
Reusing existing connection to www.spokares.org:443.
HTTP request sent, awaiting response... 200 OK
Length: unspecified [text/html]
Saving to: ‘www.spokares.org/index.php/component/jcalpro/31-other-events/651-field-day-2018.html’

     0K .......... .......... ..                                564K=0.04s

2026-09-25 19:39:50 (564 KB/s) - ‘www.spokares.org/index.php/component/jcalpro/31-other-events/651-field-day-2018.html’ saved [23391]

--2026-09-25 19:39:50--  https://www.spokares.org/index.php/component/jcalpro/31-other-events/1013-spokane-hamfest-university-high-school
Reusing existing connection to www.spokares.org:443.
HTTP request sent, awaiting response... 200 OK
Length: unspecified [text/html]
Saving to: ‘www.spokares.org/index.php/component/jcalpro/31-other-events/1013-spokane-hamfest-university-high-school.html’

     0K .......... .......... ..                                277K=0.08s

2026-09-25 19:39:50 (277 KB/s) - ‘www.spokares.org/index.php/component/jcalpro/31-other-events/1013-spokane-hamfest-university-high-school.html’ saved [23407]

--2026-09-25 19:39:51--  https://www.spokares.org/index.php/component/jcalpro/31-other-events/1014-valleyfest
Reusing existing connection to www.spokares.org:443.
HTTP request sent, awaiting response... 200 OK
Length: unspecified [text/html]
Saving to: ‘www.spokares.org/index.php/component/jcalpro/31-other-events/1014-valleyfest.html’

     0K .......... .......... ..                                300K=0.08s

2026-09-25 19:39:51 (300 KB/s) - ‘www.spokares.org/index.php/component/jcalpro/31-other-events/1014-valleyfest.html’ saved [23253]

--2026-09-25 19:39:51--  https://www.spokares.org/index.php/component/jcalpro/31-other-events/1012-skywarn-recognition-day
Reusing existing connection to www.spokares.org:443.
HTTP request sent, awaiting response... 200 OK
Length: unspecified [text/html]
Saving to: ‘www.spokares.org/index.php/component/jcalpro/31-other-events/1012-skywarn-recognition-day.html’

     0K .......... .......... ..                                250K=0.09s

2026-09-25 19:39:52 (250 KB/s) - ‘www.spokares.org/index.php/component/jcalpro/31-other-events/1012-skywarn-recognition-day.html’ saved [23450]

--2026-09-25 19:39:52--  https://www.spokares.org/index.php/component/jcalpro/41-wsen-monday-night-net-control/1028-w7hee
Reusing existing connection to www.spokares.org:443.
HTTP request sent, awaiting response... 200 OK
Length: unspecified [text/html]
Saving to: ‘www.spokares.org/index.php/component/jcalpro/41-wsen-monday-night-net-control/1028-w7hee.html’

     0K .......... .......... ..                                288K=0.08s

2026-09-25 19:39:52 (288 KB/s) - ‘www.spokares.org/index.php/component/jcalpro/41-wsen-monday-night-net-control/1028-w7hee.html’ saved [23348]

--2026-09-25 19:39:53--  https://www.spokares.org/index.php/component/jcalpro/41-wsen-monday-night-net-control/1033-w7hee
Reusing existing connection to www.spokares.org:443.
HTTP request sent, awaiting response... 200 OK
Length: unspecified [text/html]
Saving to: ‘www.spokares.org/index.php/component/jcalpro/41-wsen-monday-night-net-control/1033-w7hee.html’

     0K .......... .......... ..                                249K=0.09s

2026-09-25 19:39:53 (249 KB/s) - ‘www.spokares.org/index.php/component/jcalpro/41-wsen-monday-night-net-control/1033-w7hee.html’ saved [23310]

--2026-09-25 19:39:53--  https://www.spokares.org/index.php/component/jcalpro/41-wsen-monday-night-net-control/1029-spokane-tbd
Reusing existing connection to www.spokares.org:443.
HTTP request sent, awaiting response... 200 OK
Length: unspecified [text/html]
Saving to: ‘www.spokares.org/index.php/component/jcalpro/41-wsen-monday-night-net-control/1029-spokane-tbd.html’

     0K .......... .......... ..                                232K=0.1s

2026-09-25 19:39:54 (232 KB/s) - ‘www.spokares.org/index.php/component/jcalpro/41-wsen-monday-night-net-control/1029-spokane-tbd.html’ saved [23371]

--2026-09-25 19:39:54--  https://www.spokares.org/index.php/component/jcalpro/41-wsen-monday-night-net-control/1032-spokane-tbd
Reusing existing connection to www.spokares.org:443.
HTTP request sent, awaiting response... 200 OK
Length: unspecified [text/html]
Saving to: ‘www.spokares.org/index.php/component/jcalpro/41-wsen-monday-night-net-control/1032-spokane-tbd.html’

     0K .......... .......... ..                                294K=0.08s

2026-09-25 19:39:54 (294 KB/s) - ‘www.spokares.org/index.php/component/jcalpro/41-wsen-monday-night-net-control/1032-spokane-tbd.html’ saved [23337]

--2026-09-25 19:39:54--  https://www.spokares.org/index.php/component/jcalpro/41-wsen-monday-night-net-control/1030-tbd
Reusing existing connection to www.spokares.org:443.
HTTP request sent, awaiting response... 200 OK
Length: unspecified [text/html]
Saving to: ‘www.spokares.org/index.php/component/jcalpro/41-wsen-monday-night-net-control/1030-tbd.html’

     0K .......... .......... ..                                319K=0.07s

2026-09-25 19:39:55 (319 KB/s) - ‘www.spokares.org/index.php/component/jcalpro/41-wsen-monday-night-net-control/1030-tbd.html’ saved [23305]

--2026-09-25 19:39:55--  https://www.spokares.org/index.php/component/jcalpro/41-wsen-monday-night-net-control/1031-walla-walla-tbd
Reusing existing connection to www.spokares.org:443.
HTTP request sent, awaiting response... 200 OK
Length: unspecified [text/html]
Saving to: ‘www.spokares.org/index.php/component/jcalpro/41-wsen-monday-night-net-control/1031-walla-walla-tbd.html’

     0K .......... .......... ..                                274K=0.08s

2026-09-25 19:39:55 (274 KB/s) - ‘www.spokares.org/index.php/component/jcalpro/41-wsen-monday-night-net-control/1031-walla-walla-tbd.html’ saved [23381]

--2026-09-25 19:39:56--  https://www.spokares.org/index.php/component/jcalpro/42-wsen-district-9-net-control/1039-stevens-county-wd7k
Reusing existing connection to www.spokares.org:443.
HTTP request sent, awaiting response... 200 OK
Length: unspecified [text/html]
Saving to: ‘www.spokares.org/index.php/component/jcalpro/42-wsen-district-9-net-control/1039-stevens-county-wd7k.html’

     0K .......... .......... ..                                404K=0.06s

2026-09-25 19:39:56 (404 KB/s) - ‘www.spokares.org/index.php/component/jcalpro/42-wsen-district-9-net-control/1039-stevens-county-wd7k.html’ saved [23382]

--2026-09-25 19:39:56--  https://www.spokares.org/index.php/component/jcalpro/42-wsen-district-9-net-control/1040-tbd
Reusing existing connection to www.spokares.org:443.
HTTP request sent, awaiting response... 200 OK
Length: unspecified [text/html]
Saving to: ‘www.spokares.org/index.php/component/jcalpro/42-wsen-district-9-net-control/1040-tbd.html’

     0K .......... .......... ..                                353K=0.06s

2026-09-25 19:39:57 (353 KB/s) - ‘www.spokares.org/index.php/component/jcalpro/42-wsen-district-9-net-control/1040-tbd.html’ saved [23283]

--2026-09-25 19:39:57--  https://www.spokares.org/index.php/component/jcalpro/42-wsen-district-9-net-control/1041-spokane-w7tsc
Reusing existing connection to www.spokares.org:443.
HTTP request sent, awaiting response... 200 OK
Length: unspecified [text/html]
Saving to: ‘www.spokares.org/index.php/component/jcalpro/42-wsen-district-9-net-control/1041-spokane-w7tsc.html’

     0K .......... .......... ..                                321K=0.07s

2026-09-25 19:39:57 (321 KB/s) - ‘www.spokares.org/index.php/component/jcalpro/42-wsen-district-9-net-control/1041-spokane-w7tsc.html’ saved [23347]

--2026-09-25 19:39:58--  https://www.spokares.org/index.php/component/jcalpro/42-wsen-district-9-net-control/1042-stevens-tbd
Reusing existing connection to www.spokares.org:443.
HTTP request sent, awaiting response... 200 OK
Length: unspecified [text/html]
Saving to: ‘www.spokares.org/index.php/component/jcalpro/42-wsen-district-9-net-control/1042-stevens-tbd.html’

     0K .......... .......... ..                                394K=0.06s

2026-09-25 19:39:58 (394 KB/s) - ‘www.spokares.org/index.php/component/jcalpro/42-wsen-district-9-net-control/1042-stevens-tbd.html’ saved [23335]

--2026-09-25 19:39:58--  https://www.spokares.org/index.php/component/jcalpro/location/1-spokane-fire-training-center
Reusing existing connection to www.spokares.org:443.
HTTP request sent, awaiting response... 200 OK
Length: unspecified [text/html]
Saving to: ‘www.spokares.org/index.php/component/jcalpro/location/1-spokane-fire-training-center.html’

     0K .......... .......... .......... .                      411K=0.08s

2026-09-25 19:39:58 (411 KB/s) - ‘www.spokares.org/index.php/component/jcalpro/location/1-spokane-fire-training-center.html’ saved [32291]

--2026-09-25 19:39:59--  https://www.spokares.org/index.php/component/jcalpro/27-weekly-net-controllers/644-need-volunteer
Reusing existing connection to www.spokares.org:443.
HTTP request sent, awaiting response... 200 OK
Length: unspecified [text/html]
Saving to: ‘www.spokares.org/index.php/component/jcalpro/27-weekly-net-controllers/644-need-volunteer.html’

     0K .......... .......... ..                                287K=0.08s

2026-09-25 19:39:59 (287 KB/s) - ‘www.spokares.org/index.php/component/jcalpro/27-weekly-net-controllers/644-need-volunteer.html’ saved [23294]

--2026-09-25 19:39:59--  https://www.spokares.org/index.php/component/jcalpro/27-weekly-net-controllers/645-w7hee
Reusing existing connection to www.spokares.org:443.
HTTP request sent, awaiting response... 200 OK
Length: unspecified [text/html]
Saving to: ‘www.spokares.org/index.php/component/jcalpro/27-weekly-net-controllers/645-w7hee.html’

     0K .......... .......... ..                                308K=0.07s

2026-09-25 19:40:00 (308 KB/s) - ‘www.spokares.org/index.php/component/jcalpro/27-weekly-net-controllers/645-w7hee.html’ saved [23258]

--2026-09-25 19:40:00--  https://www.spokares.org/index.php/component/jcalpro/27-weekly-net-controllers/646-n7mcb
Reusing existing connection to www.spokares.org:443.
HTTP request sent, awaiting response... 200 OK
Length: unspecified [text/html]
Saving to: ‘www.spokares.org/index.php/component/jcalpro/27-weekly-net-controllers/646-n7mcb.html’

     0K .......... .......... ......                            316K=0.08s

2026-09-25 19:40:01 (316 KB/s) - ‘www.spokares.org/index.php/component/jcalpro/27-weekly-net-controllers/646-n7mcb.html’ saved [26749]

--2026-09-25 19:40:01--  https://www.spokares.org/index.php/component/jcalpro/27-weekly-net-controllers/647-kg7rrg
Reusing existing connection to www.spokares.org:443.
HTTP request sent, awaiting response... 200 OK
Length: unspecified [text/html]
Saving to: ‘www.spokares.org/index.php/component/jcalpro/27-weekly-net-controllers/647-kg7rrg.html’

     0K .......... .......... ..                                320K=0.07s

2026-09-25 19:40:01 (320 KB/s) - ‘www.spokares.org/index.php/component/jcalpro/27-weekly-net-controllers/647-kg7rrg.html’ saved [23264]

--2026-09-25 19:40:02--  https://www.spokares.org/index.php/component/jcalpro/27-weekly-net-controllers/648-ke7rap
Reusing existing connection to www.spokares.org:443.
HTTP request sent, awaiting response... 200 OK
Length: unspecified [text/html]
Saving to: ‘www.spokares.org/index.php/component/jcalpro/27-weekly-net-controllers/648-ke7rap.html’

     0K .......... .......... ......                            303K=0.09s

2026-09-25 19:40:02 (303 KB/s) - ‘www.spokares.org/index.php/component/jcalpro/27-weekly-net-controllers/648-ke7rap.html’ saved [26756]

--2026-09-25 19:40:02--  https://www.spokares.org/index.php/component/jcalpro/27-weekly-net-controllers/649-ag7ig
Reusing existing connection to www.spokares.org:443.
HTTP request sent, awaiting response... 200 OK
Length: unspecified [text/html]
Saving to: ‘www.spokares.org/index.php/component/jcalpro/27-weekly-net-controllers/649-ag7ig.html’

     0K .......... .......... ......                            396K=0.07s

2026-09-25 19:40:03 (396 KB/s) - ‘www.spokares.org/index.php/component/jcalpro/27-weekly-net-controllers/649-ag7ig.html’ saved [26750]

--2026-09-25 19:40:03--  https://www.spokares.org/index.php/component/jcalpro/27-weekly-net-controllers/652-n7mcb
Reusing existing connection to www.spokares.org:443.
HTTP request sent, awaiting response... 200 OK
Length: unspecified [text/html]
Saving to: ‘www.spokares.org/index.php/component/jcalpro/27-weekly-net-controllers/652-n7mcb.html’

     0K .......... .......... ..                                291K=0.08s

2026-09-25 19:40:03 (291 KB/s) - ‘www.spokares.org/index.php/component/jcalpro/27-weekly-net-controllers/652-n7mcb.html’ saved [23257]

--2026-09-25 19:40:04--  https://www.spokares.org/index.php/component/jcalpro/27-weekly-net-controllers/653-ad7dd
Reusing existing connection to www.spokares.org:443.
HTTP request sent, awaiting response... 200 OK
Length: unspecified [text/html]
Saving to: ‘www.spokares.org/index.php/component/jcalpro/27-weekly-net-controllers/653-ad7dd.html’

     0K .......... .......... ..                                258K=0.09s

2026-09-25 19:40:04 (258 KB/s) - ‘www.spokares.org/index.php/component/jcalpro/27-weekly-net-controllers/653-ad7dd.html’ saved [23258]

--2026-09-25 19:40:04--  https://www.spokares.org/index.php/component/jcalpro/27-weekly-net-controllers/656-ke7rap
Reusing existing connection to www.spokares.org:443.
HTTP request sent, awaiting response... 200 OK
Length: unspecified [text/html]
Saving to: ‘www.spokares.org/index.php/component/jcalpro/27-weekly-net-controllers/656-ke7rap.html’

     0K .......... .......... ..                                312K=0.07s

2026-09-25 19:40:05 (312 KB/s) - ‘www.spokares.org/index.php/component/jcalpro/27-weekly-net-controllers/656-ke7rap.html’ saved [23264]

--2026-09-25 19:40:05--  https://www.spokares.org/index.php/component/jcalpro/27-weekly-net-controllers/657-kg7rrg
Reusing existing connection to www.spokares.org:443.
HTTP request sent, awaiting response... 200 OK
Length: unspecified [text/html]
Saving to: ‘www.spokares.org/index.php/component/jcalpro/27-weekly-net-controllers/657-kg7rrg.html’

     0K .......... .......... ..                                312K=0.07s

2026-09-25 19:40:05 (312 KB/s) - ‘www.spokares.org/index.php/component/jcalpro/27-weekly-net-controllers/657-kg7rrg.html’ saved [23262]

--2026-09-25 19:40:06--  https://www.spokares.org/index.php/component/jcalpro/27-weekly-net-controllers/778-open
Reusing existing connection to www.spokares.org:443.
HTTP request sent, awaiting response... 200 OK
Length: unspecified [text/html]
Saving to: ‘www.spokares.org/index.php/component/jcalpro/27-weekly-net-controllers/778-open.html’

     0K .......... .......... ..                                302K=0.08s

2026-09-25 19:40:06 (302 KB/s) - ‘www.spokares.org/index.php/component/jcalpro/27-weekly-net-controllers/778-open.html’ saved [23253]

--2026-09-25 19:40:06--  https://www.spokares.org/index.php/component/jcalpro/27-weekly-net-controllers/781-n7mcb
Reusing existing connection to www.spokares.org:443.
HTTP request sent, awaiting response... 200 OK
Length: unspecified [text/html]
Saving to: ‘www.spokares.org/index.php/component/jcalpro/27-weekly-net-controllers/781-n7mcb.html’

     0K .......... .......... ..                                380K=0.06s

2026-09-25 19:40:06 (380 KB/s) - ‘www.spokares.org/index.php/component/jcalpro/27-weekly-net-controllers/781-n7mcb.html’ saved [23257]

--2026-09-25 19:40:07--  https://www.spokares.org/index.php/component/jcalpro/27-weekly-net-controllers/776-kg7rrg
Reusing existing connection to www.spokares.org:443.
HTTP request sent, awaiting response... 200 OK
Length: unspecified [text/html]
Saving to: ‘www.spokares.org/index.php/component/jcalpro/27-weekly-net-controllers/776-kg7rrg.html’

     0K .......... .......... ..                                251K=0.09s

2026-09-25 19:40:07 (251 KB/s) - ‘www.spokares.org/index.php/component/jcalpro/27-weekly-net-controllers/776-kg7rrg.html’ saved [23264]

--2026-09-25 19:40:08--  https://www.spokares.org/index.php/component/jcalpro/27-weekly-net-controllers/777-ke7rap
Reusing existing connection to www.spokares.org:443.
HTTP request sent, awaiting response... 200 OK
Length: unspecified [text/html]
Saving to: ‘www.spokares.org/index.php/component/jcalpro/27-weekly-net-controllers/777-ke7rap.html’

     0K .......... .......... ..                                304K=0.07s

2026-09-25 19:40:08 (304 KB/s) - ‘www.spokares.org/index.php/component/jcalpro/27-weekly-net-controllers/777-ke7rap.html’ saved [23264]

--2026-09-25 19:40:08--  https://www.spokares.org/index.php/component/jcalpro/27-weekly-net-controllers/782-wa7aqh
Reusing existing connection to www.spokares.org:443.
HTTP request sent, awaiting response... 200 OK
Length: unspecified [text/html]
Saving to: ‘www.spokares.org/index.php/component/jcalpro/27-weekly-net-controllers/782-wa7aqh.html’

     0K .......... .......... ..                                270K=0.08s

2026-09-25 19:40:08 (270 KB/s) - ‘www.spokares.org/index.php/component/jcalpro/27-weekly-net-controllers/782-wa7aqh.html’ saved [23264]

--2026-09-25 19:40:09--  https://www.spokares.org/index.php/component/jcalpro/27-weekly-net-controllers/783-k7efr
Reusing existing connection to www.spokares.org:443.
HTTP request sent, awaiting response... 200 OK
Length: unspecified [text/html]
Saving to: ‘www.spokares.org/index.php/component/jcalpro/27-weekly-net-controllers/783-k7efr.html’

     0K .......... .......... ..                                317K=0.07s

2026-09-25 19:40:09 (317 KB/s) - ‘www.spokares.org/index.php/component/jcalpro/27-weekly-net-controllers/783-k7efr.html’ saved [23257]

--2026-09-25 19:40:09--  https://www.spokares.org/index.php/component/jcalpro/27-weekly-net-controllers/784-w7hee
Reusing existing connection to www.spokares.org:443.
HTTP request sent, awaiting response... 200 OK
Length: unspecified [text/html]
Saving to: ‘www.spokares.org/index.php/component/jcalpro/27-weekly-net-controllers/784-w7hee.html’

     0K .......... .......... ..                                320K=0.07s

2026-09-25 19:40:10 (320 KB/s) - ‘www.spokares.org/index.php/component/jcalpro/27-weekly-net-controllers/784-w7hee.html’ saved [23258]

--2026-09-25 19:40:10--  https://www.spokares.org/index.php/component/jcalpro/27-weekly-net-controllers/785-ke7rap
Reusing existing connection to www.spokares.org:443.
HTTP request sent, awaiting response... 200 OK
Length: unspecified [text/html]
Saving to: ‘www.spokares.org/index.php/component/jcalpro/27-weekly-net-controllers/785-ke7rap.html’

     0K .......... .......... ..                                354K=0.06s

2026-09-25 19:40:10 (354 KB/s) - ‘www.spokares.org/index.php/component/jcalpro/27-weekly-net-controllers/785-ke7rap.html’ saved [23264]

--2026-09-25 19:40:11--  https://www.spokares.org/index.php/component/jcalpro/27-weekly-net-controllers/786-ag7ig
Reusing existing connection to www.spokares.org:443.
HTTP request sent, awaiting response... 200 OK
Length: unspecified [text/html]
Saving to: ‘www.spokares.org/index.php/component/jcalpro/27-weekly-net-controllers/786-ag7ig.html’

     0K .......... .......... ......                            300K=0.09s

2026-09-25 19:40:11 (300 KB/s) - ‘www.spokares.org/index.php/component/jcalpro/27-weekly-net-controllers/786-ag7ig.html’ saved [26745]

--2026-09-25 19:40:11--  https://www.spokares.org/index.php/component/jcalpro/27-weekly-net-controllers/787-k7efr
Reusing existing connection to www.spokares.org:443.
HTTP request sent, awaiting response... 200 OK
Length: unspecified [text/html]
Saving to: ‘www.spokares.org/index.php/component/jcalpro/27-weekly-net-controllers/787-k7efr.html’

     0K .......... .......... ..                                462K=0.05s

2026-09-25 19:40:11 (462 KB/s) - ‘www.spokares.org/index.php/component/jcalpro/27-weekly-net-controllers/787-k7efr.html’ saved [23258]

--2026-09-25 19:40:12--  https://www.spokares.org/index.php/component/jcalpro/27-weekly-net-controllers?start=0
Reusing existing connection to www.spokares.org:443.
HTTP request sent, awaiting response... 200 OK
Length: unspecified [text/html]
Saving to: ‘www.spokares.org/index.php/component/jcalpro/27-weekly-net-controllers@start=0.html’

     0K .......... .......... .......... .......... .....       286K=0.2s

2026-09-25 19:40:12 (286 KB/s) - ‘www.spokares.org/index.php/component/jcalpro/27-weekly-net-controllers@start=0.html’ saved [46390]

--2026-09-25 19:40:13--  https://www.spokares.org/index.php/component/jcalpro/27-weekly-net-controllers/788-n7mcb
Reusing existing connection to www.spokares.org:443.
HTTP request sent, awaiting response... 200 OK
Length: unspecified [text/html]
Saving to: ‘www.spokares.org/index.php/component/jcalpro/27-weekly-net-controllers/788-n7mcb.html’

     0K .......... .......... ..                                315K=0.07s

2026-09-25 19:40:13 (315 KB/s) - ‘www.spokares.org/index.php/component/jcalpro/27-weekly-net-controllers/788-n7mcb.html’ saved [23258]

--2026-09-25 19:40:13--  https://www.spokares.org/index.php/component/jcalpro/27-weekly-net-controllers/789-k7efr
Reusing existing connection to www.spokares.org:443.
HTTP request sent, awaiting response... 200 OK
Length: unspecified [text/html]
Saving to: ‘www.spokares.org/index.php/component/jcalpro/27-weekly-net-controllers/789-k7efr.html’

     0K .......... .......... ..                                289K=0.08s

2026-09-25 19:40:14 (289 KB/s) - ‘www.spokares.org/index.php/component/jcalpro/27-weekly-net-controllers/789-k7efr.html’ saved [23258]

--2026-09-25 19:40:14--  https://www.spokares.org/index.php/component/jcalpro/27-weekly-net-controllers/790-nv2z
Reusing existing connection to www.spokares.org:443.
HTTP request sent, awaiting response... 200 OK
Length: unspecified [text/html]
Saving to: ‘www.spokares.org/index.php/component/jcalpro/27-weekly-net-controllers/790-nv2z.html’

     0K .......... .......... ..                                260K=0.09s

2026-09-25 19:40:14 (260 KB/s) - ‘www.spokares.org/index.php/component/jcalpro/27-weekly-net-controllers/790-nv2z.html’ saved [23252]

--2026-09-25 19:40:15--  https://www.spokares.org/index.php/component/jcalpro/27-weekly-net-controllers/791-w7hee
Reusing existing connection to www.spokares.org:443.
HTTP request sent, awaiting response... 200 OK
Length: unspecified [text/html]
Saving to: ‘www.spokares.org/index.php/component/jcalpro/27-weekly-net-controllers/791-w7hee.html’

     0K .......... .......... ..                                292K=0.08s

2026-09-25 19:40:15 (292 KB/s) - ‘www.spokares.org/index.php/component/jcalpro/27-weekly-net-controllers/791-w7hee.html’ saved [23258]

--2026-09-25 19:40:15--  https://www.spokares.org/index.php/component/jcalpro/27-weekly-net-controllers/792-ares-staff-member
Reusing existing connection to www.spokares.org:443.
HTTP request sent, awaiting response... 200 OK
Length: unspecified [text/html]
Saving to: ‘www.spokares.org/index.php/component/jcalpro/27-weekly-net-controllers/792-ares-staff-member.html’

     0K .......... .......... ......                            272K=0.1s

2026-09-25 19:40:16 (272 KB/s) - ‘www.spokares.org/index.php/component/jcalpro/27-weekly-net-controllers/792-ares-staff-member.html’ saved [26817]

--2026-09-25 19:40:16--  https://www.spokares.org/index.php/component/jcalpro/27-weekly-net-controllers/793-ke7rap
Reusing existing connection to www.spokares.org:443.
HTTP request sent, awaiting response... 200 OK
Length: unspecified [text/html]
Saving to: ‘www.spokares.org/index.php/component/jcalpro/27-weekly-net-controllers/793-ke7rap.html’

     0K .......... .......... ..                                252K=0.09s

2026-09-25 19:40:16 (252 KB/s) - ‘www.spokares.org/index.php/component/jcalpro/27-weekly-net-controllers/793-ke7rap.html’ saved [23263]

--2026-09-25 19:40:17--  https://www.spokares.org/index.php/component/jcalpro/27-weekly-net-controllers/794-nv2z
Reusing existing connection to www.spokares.org:443.
HTTP request sent, awaiting response... 200 OK
Length: unspecified [text/html]
Saving to: ‘www.spokares.org/index.php/component/jcalpro/27-weekly-net-controllers/794-nv2z.html’

     0K .......... .......... ..                                341K=0.07s

2026-09-25 19:40:17 (341 KB/s) - ‘www.spokares.org/index.php/component/jcalpro/27-weekly-net-controllers/794-nv2z.html’ saved [23252]

--2026-09-25 19:40:17--  https://www.spokares.org/index.php/component/jcalpro/27-weekly-net-controllers/796-k7efr
Reusing existing connection to www.spokares.org:443.
HTTP request sent, awaiting response... 200 OK
Length: unspecified [text/html]
Saving to: ‘www.spokares.org/index.php/component/jcalpro/27-weekly-net-controllers/796-k7efr.html’

     0K .......... .......... ..                                304K=0.07s

2026-09-25 19:40:18 (304 KB/s) - ‘www.spokares.org/index.php/component/jcalpro/27-weekly-net-controllers/796-k7efr.html’ saved [23258]

--2026-09-25 19:40:18--  https://www.spokares.org/index.php/component/jcalpro/27-weekly-net-controllers/800-tbd
Reusing existing connection to www.spokares.org:443.
HTTP request sent, awaiting response... 200 OK
Length: unspecified [text/html]
Saving to: ‘www.spokares.org/index.php/component/jcalpro/27-weekly-net-controllers/800-tbd.html’

     0K .......... .......... ..                                357K=0.06s

2026-09-25 19:40:18 (357 KB/s) - ‘www.spokares.org/index.php/component/jcalpro/27-weekly-net-controllers/800-tbd.html’ saved [23246]

--2026-09-25 19:40:18--  https://www.spokares.org/index.php/component/jcalpro/27-weekly-net-controllers/797-ke7rap
Reusing existing connection to www.spokares.org:443.
HTTP request sent, awaiting response... 200 OK
Length: unspecified [text/html]
Saving to: ‘www.spokares.org/index.php/component/jcalpro/27-weekly-net-controllers/797-ke7rap.html’

     0K .......... .......... ..                                306K=0.07s

2026-09-25 19:40:19 (306 KB/s) - ‘www.spokares.org/index.php/component/jcalpro/27-weekly-net-controllers/797-ke7rap.html’ saved [23263]

--2026-09-25 19:40:19--  https://www.spokares.org/index.php/component/jcalpro/27-weekly-net-controllers/798-nv2z
Reusing existing connection to www.spokares.org:443.
HTTP request sent, awaiting response... 200 OK
Length: unspecified [text/html]
Saving to: ‘www.spokares.org/index.php/component/jcalpro/27-weekly-net-controllers/798-nv2z.html’

     0K .......... .......... ..                                287K=0.08s

2026-09-25 19:40:19 (287 KB/s) - ‘www.spokares.org/index.php/component/jcalpro/27-weekly-net-controllers/798-nv2z.html’ saved [23252]

--2026-09-25 19:40:20--  https://www.spokares.org/index.php/component/jcalpro/27-weekly-net-controllers/799-w7hee
Reusing existing connection to www.spokares.org:443.
HTTP request sent, awaiting response... 200 OK
Length: unspecified [text/html]
Saving to: ‘www.spokares.org/index.php/component/jcalpro/27-weekly-net-controllers/799-w7hee.html’

     0K .......... .......... ..                                267K=0.09s

2026-09-25 19:40:20 (267 KB/s) - ‘www.spokares.org/index.php/component/jcalpro/27-weekly-net-controllers/799-w7hee.html’ saved [23258]

--2026-09-25 19:40:20--  https://www.spokares.org/index.php/component/jcalpro/27-weekly-net-controllers/802-w7gtj
Reusing existing connection to www.spokares.org:443.
HTTP request sent, awaiting response... 200 OK
Length: unspecified [text/html]
Saving to: ‘www.spokares.org/index.php/component/jcalpro/27-weekly-net-controllers/802-w7gtj.html’

     0K .......... .......... ..                                346K=0.07s

2026-09-25 19:40:21 (346 KB/s) - ‘www.spokares.org/index.php/component/jcalpro/27-weekly-net-controllers/802-w7gtj.html’ saved [23257]

--2026-09-25 19:40:21--  https://www.spokares.org/index.php/component/jcalpro/27-weekly-net-controllers/803-ke7rap
Connecting to www.spokares.org (www.spokares.org)|70.39.146.166|:443... connected.
HTTP request sent, awaiting response... 200 OK
Length: unspecified [text/html]
Saving to: ‘www.spokares.org/index.php/component/jcalpro/27-weekly-net-controllers/803-ke7rap.html’

     0K .......... .......... ..                                219K=0.1s

2026-09-25 19:40:41 (219 KB/s) - ‘www.spokares.org/index.php/component/jcalpro/27-weekly-net-controllers/803-ke7rap.html’ saved [23264]

--2026-09-25 19:40:42--  https://www.spokares.org/index.php/component/jcalpro/27-weekly-net-controllers/801-k7rta
Reusing existing connection to www.spokares.org:443.
HTTP request sent, awaiting response... 200 OK
Length: unspecified [text/html]
Saving to: ‘www.spokares.org/index.php/component/jcalpro/27-weekly-net-controllers/801-k7rta.html’

     0K .......... .......... ..                                242K=0.09s

2026-09-25 19:40:42 (242 KB/s) - ‘www.spokares.org/index.php/component/jcalpro/27-weekly-net-controllers/801-k7rta.html’ saved [23258]

--2026-09-25 19:40:42--  https://www.spokares.org/index.php/component/jcalpro/27-weekly-net-controllers/804-nv2z
Reusing existing connection to www.spokares.org:443.
HTTP request sent, awaiting response... 200 OK
Length: unspecified [text/html]
Saving to: ‘www.spokares.org/index.php/component/jcalpro/27-weekly-net-controllers/804-nv2z.html’

     0K .......... .......... ..                                179K=0.1s

2026-09-25 19:40:43 (179 KB/s) - ‘www.spokares.org/index.php/component/jcalpro/27-weekly-net-controllers/804-nv2z.html’ saved [23252]

--2026-09-25 19:40:43--  https://www.spokares.org/index.php/component/jcalpro/27-weekly-net-controllers/805-ke7iat
Reusing existing connection to www.spokares.org:443.
HTTP request sent, awaiting response... 200 OK
Length: unspecified [text/html]
Saving to: ‘www.spokares.org/index.php/component/jcalpro/27-weekly-net-controllers/805-ke7iat.html’

     0K .......... .......... ..                                184K=0.1s

2026-09-25 19:40:43 (184 KB/s) - ‘www.spokares.org/index.php/component/jcalpro/27-weekly-net-controllers/805-ke7iat.html’ saved [23263]

--2026-09-25 19:40:43--  https://www.spokares.org/index.php/component/jcalpro/27-weekly-net-controllers/806-ares-staff-member
Reusing existing connection to www.spokares.org:443.
HTTP request sent, awaiting response... 200 OK
Length: unspecified [text/html]
Saving to: ‘www.spokares.org/index.php/component/jcalpro/27-weekly-net-controllers/806-ares-staff-member.html’

     0K .......... .......... ..                                168K=0.1s

2026-09-25 19:40:44 (168 KB/s) - ‘www.spokares.org/index.php/component/jcalpro/27-weekly-net-controllers/806-ares-staff-member.html’ saved [23329]

--2026-09-25 19:40:44--  https://www.spokares.org/index.php/component/jcalpro/27-weekly-net-controllers/807-nv2z
Reusing existing connection to www.spokares.org:443.
HTTP request sent, awaiting response... 200 OK
Length: unspecified [text/html]
Saving to: ‘www.spokares.org/index.php/component/jcalpro/27-weekly-net-controllers/807-nv2z.html’

     0K .......... .......... ..                                167K=0.1s

2026-09-25 19:40:45 (167 KB/s) - ‘www.spokares.org/index.php/component/jcalpro/27-weekly-net-controllers/807-nv2z.html’ saved [23252]

--2026-09-25 19:40:45--  https://www.spokares.org/index.php/component/jcalpro/27-weekly-net-controllers/808-ke7rap
Reusing existing connection to www.spokares.org:443.
HTTP request sent, awaiting response... 200 OK
Length: unspecified [text/html]
Saving to: ‘www.spokares.org/index.php/component/jcalpro/27-weekly-net-controllers/808-ke7rap.html’

     0K .......... .......... ..                                200K=0.1s

2026-09-25 19:40:45 (200 KB/s) - ‘www.spokares.org/index.php/component/jcalpro/27-weekly-net-controllers/808-ke7rap.html’ saved [23262]

--2026-09-25 19:40:46--  https://www.spokares.org/index.php/component/jcalpro/27-weekly-net-controllers/809-k7efr
Reusing existing connection to www.spokares.org:443.
HTTP request sent, awaiting response... 200 OK
Length: unspecified [text/html]
Saving to: ‘www.spokares.org/index.php/component/jcalpro/27-weekly-net-controllers/809-k7efr.html’

     0K .......... .......... ..                                185K=0.1s

2026-09-25 19:40:46 (185 KB/s) - ‘www.spokares.org/index.php/component/jcalpro/27-weekly-net-controllers/809-k7efr.html’ saved [23258]

--2026-09-25 19:40:46--  https://www.spokares.org/index.php/component/jcalpro/27-weekly-net-controllers/810-n7mcb
Reusing existing connection to www.spokares.org:443.
HTTP request sent, awaiting response... 200 OK
Length: unspecified [text/html]
Saving to: ‘www.spokares.org/index.php/component/jcalpro/27-weekly-net-controllers/810-n7mcb.html’

     0K .......... .......... ......                            188K=0.1s

2026-09-25 19:40:47 (188 KB/s) - ‘www.spokares.org/index.php/component/jcalpro/27-weekly-net-controllers/810-n7mcb.html’ saved [26745]

--2026-09-25 19:40:47--  https://www.spokares.org/index.php/component/jcalpro/27-weekly-net-controllers/811-ke7rap
Reusing existing connection to www.spokares.org:443.
HTTP request sent, awaiting response... 200 OK
Length: unspecified [text/html]
Saving to: ‘www.spokares.org/index.php/component/jcalpro/27-weekly-net-controllers/811-ke7rap.html’

     0K .......... .......... ..                                192K=0.1s

2026-09-25 19:40:48 (192 KB/s) - ‘www.spokares.org/index.php/component/jcalpro/27-weekly-net-controllers/811-ke7rap.html’ saved [23264]

--2026-09-25 19:40:48--  https://www.spokares.org/index.php/component/jcalpro/27-weekly-net-controllers/812-nv2z
Reusing existing connection to www.spokares.org:443.
HTTP request sent, awaiting response... 200 OK
Length: unspecified [text/html]
Saving to: ‘www.spokares.org/index.php/component/jcalpro/27-weekly-net-controllers/812-nv2z.html’

     0K .......... .......... ..                                185K=0.1s

2026-09-25 19:40:48 (185 KB/s) - ‘www.spokares.org/index.php/component/jcalpro/27-weekly-net-controllers/812-nv2z.html’ saved [23252]

--2026-09-25 19:40:49--  https://www.spokares.org/index.php/component/jcalpro/27-weekly-net-controllers/813-k7efr
Reusing existing connection to www.spokares.org:443.
HTTP request sent, awaiting response... 200 OK
Length: unspecified [text/html]
Saving to: ‘www.spokares.org/index.php/component/jcalpro/27-weekly-net-controllers/813-k7efr.html’

     0K .......... .......... ..                                214K=0.1s

2026-09-25 19:40:49 (214 KB/s) - ‘www.spokares.org/index.php/component/jcalpro/27-weekly-net-controllers/813-k7efr.html’ saved [23258]

--2026-09-25 19:40:49--  https://www.spokares.org/index.php/component/jcalpro/27-weekly-net-controllers/814-staff
Reusing existing connection to www.spokares.org:443.
HTTP request sent, awaiting response... 200 OK
Length: unspecified [text/html]
Saving to: ‘www.spokares.org/index.php/component/jcalpro/27-weekly-net-controllers/814-staff.html’

     0K .......... .......... ......                            231K=0.1s

2026-09-25 19:40:50 (231 KB/s) - ‘www.spokares.org/index.php/component/jcalpro/27-weekly-net-controllers/814-staff.html’ saved [26745]

--2026-09-25 19:40:50--  https://www.spokares.org/index.php/component/jcalpro/27-weekly-net-controllers/815-n7mcb
Reusing existing connection to www.spokares.org:443.
HTTP request sent, awaiting response... 200 OK
Length: unspecified [text/html]
Saving to: ‘www.spokares.org/index.php/component/jcalpro/27-weekly-net-controllers/815-n7mcb.html’

     0K .......... .......... ..                                255K=0.09s

2026-09-25 19:40:51 (255 KB/s) - ‘www.spokares.org/index.php/component/jcalpro/27-weekly-net-controllers/815-n7mcb.html’ saved [23258]

--2026-09-25 19:40:51--  https://www.spokares.org/index.php/component/jcalpro/27-weekly-net-controllers/816-ke7rap
Reusing existing connection to www.spokares.org:443.
HTTP request sent, awaiting response... 200 OK
Length: unspecified [text/html]
Saving to: ‘www.spokares.org/index.php/component/jcalpro/27-weekly-net-controllers/816-ke7rap.html’

     0K .......... .......... ..                                223K=0.1s

2026-09-25 19:40:51 (223 KB/s) - ‘www.spokares.org/index.php/component/jcalpro/27-weekly-net-controllers/816-ke7rap.html’ saved [23264]

--2026-09-25 19:40:51--  https://www.spokares.org/index.php/component/jcalpro/27-weekly-net-controllers/817-ki7qpj
Reusing existing connection to www.spokares.org:443.
HTTP request sent, awaiting response... 200 OK
Length: unspecified [text/html]
Saving to: ‘www.spokares.org/index.php/component/jcalpro/27-weekly-net-controllers/817-ki7qpj.html’

     0K .......... .......... ..                                228K=0.1s

2026-09-25 19:40:52 (228 KB/s) - ‘www.spokares.org/index.php/component/jcalpro/27-weekly-net-controllers/817-ki7qpj.html’ saved [23264]

--2026-09-25 19:40:52--  https://www.spokares.org/index.php/component/jcalpro/27-weekly-net-controllers/818-ke7rap
Reusing existing connection to www.spokares.org:443.
HTTP request sent, awaiting response... 200 OK
Length: unspecified [text/html]
Saving to: ‘www.spokares.org/index.php/component/jcalpro/27-weekly-net-controllers/818-ke7rap.html’

     0K .......... .......... ..                                270K=0.08s

2026-09-25 19:40:52 (270 KB/s) - ‘www.spokares.org/index.php/component/jcalpro/27-weekly-net-controllers/818-ke7rap.html’ saved [23264]

--2026-09-25 19:40:53--  https://www.spokares.org/index.php/component/jcalpro/27-weekly-net-controllers/821-ag7ig
Reusing existing connection to www.spokares.org:443.
HTTP request sent, awaiting response... 200 OK
Length: unspecified [text/html]
Saving to: ‘www.spokares.org/index.php/component/jcalpro/27-weekly-net-controllers/821-ag7ig.html’

     0K .......... .......... ......                            211K=0.1s

2026-09-25 19:40:53 (211 KB/s) - ‘www.spokares.org/index.php/component/jcalpro/27-weekly-net-controllers/821-ag7ig.html’ saved [26746]

--2026-09-25 19:40:54--  https://www.spokares.org/index.php/component/jcalpro/27-weekly-net-controllers/819-w7hee
Reusing existing connection to www.spokares.org:443.
HTTP request sent, awaiting response... 200 OK
Length: unspecified [text/html]
Saving to: ‘www.spokares.org/index.php/component/jcalpro/27-weekly-net-controllers/819-w7hee.html’

     0K .......... .......... ..                                229K=0.1s

2026-09-25 19:40:54 (229 KB/s) - ‘www.spokares.org/index.php/component/jcalpro/27-weekly-net-controllers/819-w7hee.html’ saved [23258]

--2026-09-25 19:40:54--  https://www.spokares.org/index.php/component/jcalpro/27-weekly-net-controllers/822-ki7qpj
Reusing existing connection to www.spokares.org:443.
HTTP request sent, awaiting response... 200 OK
Length: unspecified [text/html]
Saving to: ‘www.spokares.org/index.php/component/jcalpro/27-weekly-net-controllers/822-ki7qpj.html’

     0K .......... .......... ..                                179K=0.1s

2026-09-25 19:40:55 (179 KB/s) - ‘www.spokares.org/index.php/component/jcalpro/27-weekly-net-controllers/822-ki7qpj.html’ saved [23263]

--2026-09-25 19:40:55--  https://www.spokares.org/index.php/component/jcalpro/27-weekly-net-controllers/823-ke7rap
Reusing existing connection to www.spokares.org:443.
HTTP request sent, awaiting response... 200 OK
Length: unspecified [text/html]
Saving to: ‘www.spokares.org/index.php/component/jcalpro/27-weekly-net-controllers/823-ke7rap.html’

     0K .......... .......... ..                                172K=0.1s

2026-09-25 19:40:55 (172 KB/s) - ‘www.spokares.org/index.php/component/jcalpro/27-weekly-net-controllers/823-ke7rap.html’ saved [23256]

--2026-09-25 19:40:55--  https://www.spokares.org/index.php/component/jcalpro/27-weekly-net-controllers/824-ki7qpj
Reusing existing connection to www.spokares.org:443.
HTTP request sent, awaiting response... 200 OK
Length: unspecified [text/html]
Saving to: ‘www.spokares.org/index.php/component/jcalpro/27-weekly-net-controllers/824-ki7qpj.html’

     0K .......... .......... ..                                197K=0.1s

2026-09-25 19:40:56 (197 KB/s) - ‘www.spokares.org/index.php/component/jcalpro/27-weekly-net-controllers/824-ki7qpj.html’ saved [23260]

--2026-09-25 19:40:56--  https://www.spokares.org/index.php/component/jcalpro/27-weekly-net-controllers/825-w7hee
Reusing existing connection to www.spokares.org:443.
HTTP request sent, awaiting response... 200 OK
Length: unspecified [text/html]
Saving to: ‘www.spokares.org/index.php/component/jcalpro/27-weekly-net-controllers/825-w7hee.html’

     0K .......... .......... ..                                266K=0.09s

2026-09-25 19:40:56 (266 KB/s) - ‘www.spokares.org/index.php/component/jcalpro/27-weekly-net-controllers/825-w7hee.html’ saved [23258]

--2026-09-25 19:40:57--  https://www.spokares.org/index.php/component/jcalpro/27-weekly-net-controllers/944-n7mcb
Reusing existing connection to www.spokares.org:443.
HTTP request sent, awaiting response... 200 OK
Length: unspecified [text/html]
Saving to: ‘www.spokares.org/index.php/component/jcalpro/27-weekly-net-controllers/944-n7mcb.html’

     0K .......... .......... ..                                163K=0.1s

2026-09-25 19:40:57 (163 KB/s) - ‘www.spokares.org/index.php/component/jcalpro/27-weekly-net-controllers/944-n7mcb.html’ saved [23258]

--2026-09-25 19:40:57--  https://www.spokares.org/index.php/component/jcalpro/27-weekly-net-controllers/945-ke7rap
Reusing existing connection to www.spokares.org:443.
HTTP request sent, awaiting response... 200 OK
Length: unspecified [text/html]
Saving to: ‘www.spokares.org/index.php/component/jcalpro/27-weekly-net-controllers/945-ke7rap.html’

     0K .......... .......... ..                                216K=0.1s

2026-09-25 19:40:58 (216 KB/s) - ‘www.spokares.org/index.php/component/jcalpro/27-weekly-net-controllers/945-ke7rap.html’ saved [23264]

--2026-09-25 19:40:58--  https://www.spokares.org/index.php/component/jcalpro/27-weekly-net-controllers/946-ki7qpj
Reusing existing connection to www.spokares.org:443.
HTTP request sent, awaiting response... 200 OK
Length: unspecified [text/html]
Saving to: ‘www.spokares.org/index.php/component/jcalpro/27-weekly-net-controllers/946-ki7qpj.html’

     0K .......... .......... ..                                217K=0.1s

2026-09-25 19:40:59 (217 KB/s) - ‘www.spokares.org/index.php/component/jcalpro/27-weekly-net-controllers/946-ki7qpj.html’ saved [23264]

--2026-09-25 19:40:59--  https://www.spokares.org/index.php/component/jcalpro/27-weekly-net-controllers/947-staff
Reusing existing connection to www.spokares.org:443.
HTTP request sent, awaiting response... 200 OK
Length: unspecified [text/html]
Saving to: ‘www.spokares.org/index.php/component/jcalpro/27-weekly-net-controllers/947-staff.html’

     0K .......... .......... ......                            215K=0.1s

2026-09-25 19:41:00 (215 KB/s) - ‘www.spokares.org/index.php/component/jcalpro/27-weekly-net-controllers/947-staff.html’ saved [26745]

--2026-09-25 19:41:00--  https://www.spokares.org/index.php/component/jcalpro/27-weekly-net-controllers/948-ke7rap
Reusing existing connection to www.spokares.org:443.
HTTP request sent, awaiting response... 200 OK
Length: unspecified [text/html]
Saving to: ‘www.spokares.org/index.php/component/jcalpro/27-weekly-net-controllers/948-ke7rap.html’

     0K .......... .......... ..                                202K=0.1s

2026-09-25 19:41:00 (202 KB/s) - ‘www.spokares.org/index.php/component/jcalpro/27-weekly-net-controllers/948-ke7rap.html’ saved [23264]

--2026-09-25 19:41:00--  https://www.spokares.org/index.php/component/jcalpro/27-weekly-net-controllers/949-w7hee
Reusing existing connection to www.spokares.org:443.
HTTP request sent, awaiting response... 200 OK
Length: unspecified [text/html]
Saving to: ‘www.spokares.org/index.php/component/jcalpro/27-weekly-net-controllers/949-w7hee.html’

     0K .......... .......... ..                                195K=0.1s

2026-09-25 19:41:01 (195 KB/s) - ‘www.spokares.org/index.php/component/jcalpro/27-weekly-net-controllers/949-w7hee.html’ saved [23258]

--2026-09-25 19:41:01--  https://www.spokares.org/index.php/component/jcalpro/27-weekly-net-controllers/1015-staff
Reusing existing connection to www.spokares.org:443.
HTTP request sent, awaiting response... 200 OK
Length: unspecified [text/html]
Saving to: ‘www.spokares.org/index.php/component/jcalpro/27-weekly-net-controllers/1015-staff.html’

     0K .......... .......... ......                            274K=0.1s

2026-09-25 19:41:02 (274 KB/s) - ‘www.spokares.org/index.php/component/jcalpro/27-weekly-net-controllers/1015-staff.html’ saved [26753]

--2026-09-25 19:41:02--  https://www.spokares.org/index.php/component/jcalpro/27-weekly-net-controllers/1017-w7hee
Reusing existing connection to www.spokares.org:443.
HTTP request sent, awaiting response... 200 OK
Length: unspecified [text/html]
Saving to: ‘www.spokares.org/index.php/component/jcalpro/27-weekly-net-controllers/1017-w7hee.html’

     0K .......... .......... ..                                247K=0.09s

2026-09-25 19:41:02 (247 KB/s) - ‘www.spokares.org/index.php/component/jcalpro/27-weekly-net-controllers/1017-w7hee.html’ saved [23266]

--2026-09-25 19:41:03--  https://www.spokares.org/index.php/component/jcalpro/27-weekly-net-controllers/1018-n7mcb
Reusing existing connection to www.spokares.org:443.
HTTP request sent, awaiting response... 200 OK
Length: unspecified [text/html]
Saving to: ‘www.spokares.org/index.php/component/jcalpro/27-weekly-net-controllers/1018-n7mcb.html’

     0K .......... .......... ..                                162K=0.1s

2026-09-25 19:41:03 (162 KB/s) - ‘www.spokares.org/index.php/component/jcalpro/27-weekly-net-controllers/1018-n7mcb.html’ saved [23266]

--2026-09-25 19:41:03--  https://www.spokares.org/index.php/component/jcalpro/27-weekly-net-controllers/1020-staff
Reusing existing connection to www.spokares.org:443.
HTTP request sent, awaiting response... 200 OK
Length: unspecified [text/html]
Saving to: ‘www.spokares.org/index.php/component/jcalpro/27-weekly-net-controllers/1020-staff.html’

     0K .......... .......... ......                            212K=0.1s

2026-09-25 19:41:04 (212 KB/s) - ‘www.spokares.org/index.php/component/jcalpro/27-weekly-net-controllers/1020-staff.html’ saved [26753]

--2026-09-25 19:41:04--  https://www.spokares.org/index.php/component/jcalpro/27-weekly-net-controllers/1021-ke7rap
Reusing existing connection to www.spokares.org:443.
HTTP request sent, awaiting response... 200 OK
Length: unspecified [text/html]
Saving to: ‘www.spokares.org/index.php/component/jcalpro/27-weekly-net-controllers/1021-ke7rap.html’

     0K .......... .......... ..                                199K=0.1s

2026-09-25 19:41:05 (199 KB/s) - ‘www.spokares.org/index.php/component/jcalpro/27-weekly-net-controllers/1021-ke7rap.html’ saved [23272]

--2026-09-25 19:41:05--  https://www.spokares.org/index.php/component/jcalpro/27-weekly-net-controllers/1022-nv2z
Reusing existing connection to www.spokares.org:443.
HTTP request sent, awaiting response... 200 OK
Length: unspecified [text/html]
Saving to: ‘www.spokares.org/index.php/component/jcalpro/27-weekly-net-controllers/1022-nv2z.html’

     0K .......... .......... ..                                206K=0.1s

2026-09-25 19:41:05 (206 KB/s) - ‘www.spokares.org/index.php/component/jcalpro/27-weekly-net-controllers/1022-nv2z.html’ saved [23252]

--2026-09-25 19:41:05--  https://www.spokares.org/index.php/component/jcalpro/27-weekly-net-controllers/1019-n7mcb
Reusing existing connection to www.spokares.org:443.
HTTP request sent, awaiting response... 200 OK
Length: unspecified [text/html]
Saving to: ‘www.spokares.org/index.php/component/jcalpro/27-weekly-net-controllers/1019-n7mcb.html’

     0K .......... .......... ..                                145K=0.2s

2026-09-25 19:41:06 (145 KB/s) - ‘www.spokares.org/index.php/component/jcalpro/27-weekly-net-controllers/1019-n7mcb.html’ saved [23266]

--2026-09-25 19:41:06--  https://www.spokares.org/index.php/component/jcalpro/27-weekly-net-controllers/1023-staff
Reusing existing connection to www.spokares.org:443.
HTTP request sent, awaiting response... 200 OK
Length: unspecified [text/html]
Saving to: ‘www.spokares.org/index.php/component/jcalpro/27-weekly-net-controllers/1023-staff.html’

     0K .......... .......... ......                            214K=0.1s

2026-09-25 19:41:07 (214 KB/s) - ‘www.spokares.org/index.php/component/jcalpro/27-weekly-net-controllers/1023-staff.html’ saved [26753]

--2026-09-25 19:41:07--  https://www.spokares.org/index.php/component/jcalpro/27-weekly-net-controllers/1024-kj7fhf
Reusing existing connection to www.spokares.org:443.
HTTP request sent, awaiting response... 200 OK
Length: unspecified [text/html]
Saving to: ‘www.spokares.org/index.php/component/jcalpro/27-weekly-net-controllers/1024-kj7fhf.html’

     0K .......... .......... ..                                213K=0.1s

2026-09-25 19:41:07 (213 KB/s) - ‘www.spokares.org/index.php/component/jcalpro/27-weekly-net-controllers/1024-kj7fhf.html’ saved [23271]

--2026-09-25 19:41:08--  https://www.spokares.org/index.php/component/jcalpro/27-weekly-net-controllers/1025-nv2z
Reusing existing connection to www.spokares.org:443.
HTTP request sent, awaiting response... 200 OK
Length: unspecified [text/html]
Saving to: ‘www.spokares.org/index.php/component/jcalpro/27-weekly-net-controllers/1025-nv2z.html’

     0K .......... .......... ..                                199K=0.1s

2026-09-25 19:41:08 (199 KB/s) - ‘www.spokares.org/index.php/component/jcalpro/27-weekly-net-controllers/1025-nv2z.html’ saved [23260]

--2026-09-25 19:41:09--  https://www.spokares.org/index.php/component/jcalpro/27-weekly-net-controllers/1026-ke7rap
Reusing existing connection to www.spokares.org:443.
HTTP request sent, awaiting response... 200 OK
Length: unspecified [text/html]
Saving to: ‘www.spokares.org/index.php/component/jcalpro/27-weekly-net-controllers/1026-ke7rap.html’

     0K .......... .......... ..                                232K=0.1s

2026-09-25 19:41:09 (232 KB/s) - ‘www.spokares.org/index.php/component/jcalpro/27-weekly-net-controllers/1026-ke7rap.html’ saved [23264]

--2026-09-25 19:41:09--  https://www.spokares.org/index.php/component/jcalpro/27-weekly-net-controllers/1027-w7hee
Reusing existing connection to www.spokares.org:443.
HTTP request sent, awaiting response... 200 OK
Length: unspecified [text/html]
Saving to: ‘www.spokares.org/index.php/component/jcalpro/27-weekly-net-controllers/1027-w7hee.html’

     0K .......... .......... ..                                203K=0.1s

2026-09-25 19:41:10 (203 KB/s) - ‘www.spokares.org/index.php/component/jcalpro/27-weekly-net-controllers/1027-w7hee.html’ saved [23266]

--2026-09-25 19:41:10--  https://www.spokares.org/index.php/component/jcalpro/27-weekly-net-controllers/1035-staff-member
Reusing existing connection to www.spokares.org:443.
HTTP request sent, awaiting response... 200 OK
Length: unspecified [text/html]
Saving to: ‘www.spokares.org/index.php/component/jcalpro/27-weekly-net-controllers/1035-staff-member.html’

     0K .......... .......... ..                                179K=0.1s

2026-09-25 19:41:11 (179 KB/s) - ‘www.spokares.org/index.php/component/jcalpro/27-weekly-net-controllers/1035-staff-member.html’ saved [23307]

--2026-09-25 19:41:11--  https://www.spokares.org/index.php/component/jcalpro/27-weekly-net-controllers/1036-ag7qp
Reusing existing connection to www.spokares.org:443.
HTTP request sent, awaiting response... 200 OK
Length: unspecified [text/html]
Saving to: ‘www.spokares.org/index.php/component/jcalpro/27-weekly-net-controllers/1036-ag7qp.html’

     0K .......... .......... ..                                204K=0.1s

2026-09-25 19:41:11 (204 KB/s) - ‘www.spokares.org/index.php/component/jcalpro/27-weekly-net-controllers/1036-ag7qp.html’ saved [23266]

--2026-09-25 19:41:12--  https://www.spokares.org/index.php/component/jcalpro/27-weekly-net-controllers/1037-nv2z
Reusing existing connection to www.spokares.org:443.
HTTP request sent, awaiting response... 200 OK
Length: unspecified [text/html]
Saving to: ‘www.spokares.org/index.php/component/jcalpro/27-weekly-net-controllers/1037-nv2z.html’

     0K .......... .......... ..                                196K=0.1s

2026-09-25 19:41:12 (196 KB/s) - ‘www.spokares.org/index.php/component/jcalpro/27-weekly-net-controllers/1037-nv2z.html’ saved [23260]

--2026-09-25 19:41:12--  https://www.spokares.org/index.php/component/jcalpro/27-weekly-net-controllers/1038-w7hee
Reusing existing connection to www.spokares.org:443.
HTTP request sent, awaiting response... 200 OK
Length: unspecified [text/html]
Saving to: ‘www.spokares.org/index.php/component/jcalpro/27-weekly-net-controllers/1038-w7hee.html’

     0K .......... .......... ..                                224K=0.1s

2026-09-25 19:41:13 (224 KB/s) - ‘www.spokares.org/index.php/component/jcalpro/27-weekly-net-controllers/1038-w7hee.html’ saved [23266]

--2026-09-25 19:41:13--  https://www.spokares.org/index.php/component/jcalpro/27-weekly-net-controllers/1043-staff-from-dem
Reusing existing connection to www.spokares.org:443.
HTTP request sent, awaiting response... 200 OK
Length: unspecified [text/html]
Saving to: ‘www.spokares.org/index.php/component/jcalpro/27-weekly-net-controllers/1043-staff-from-dem.html’

     0K .......... .......... ..                                180K=0.1s

2026-09-25 19:41:13 (180 KB/s) - ‘www.spokares.org/index.php/component/jcalpro/27-weekly-net-controllers/1043-staff-from-dem.html’ saved [23319]

--2026-09-25 19:41:14--  https://www.spokares.org/index.php/component/jcalpro/27-weekly-net-controllers/1046-tbd
Reusing existing connection to www.spokares.org:443.
HTTP request sent, awaiting response... 200 OK
Length: unspecified [text/html]
Saving to: ‘www.spokares.org/index.php/component/jcalpro/27-weekly-net-controllers/1046-tbd.html’

     0K .......... .......... ..                                185K=0.1s

2026-09-25 19:41:14 (185 KB/s) - ‘www.spokares.org/index.php/component/jcalpro/27-weekly-net-controllers/1046-tbd.html’ saved [23260]

--2026-09-25 19:41:14--  https://www.spokares.org/index.php/2-uncategorised/25-mentor-programs
Reusing existing connection to www.spokares.org:443.
HTTP request sent, awaiting response... 200 OK
Length: unspecified [text/html]
Saving to: ‘www.spokares.org/index.php/2-uncategorised/25-mentor-programs.html’

     0K .......... .......... .......... ....                   227K=0.2s

2026-09-25 19:41:15 (227 KB/s) - ‘www.spokares.org/index.php/2-uncategorised/25-mentor-programs.html’ saved [35202]

--2026-09-25 19:41:15--  https://www.spokares.org/index.php/downloads/mentoring/routedownload/mentoring/traffic-handler-pdf
Reusing existing connection to www.spokares.org:443.
HTTP request sent, awaiting response... 404 Not Found
2026-09-25 19:41:15 ERROR 404: Not Found.

--2026-09-25 19:41:16--  https://www.spokares.org/index.php/downloads/mentoring/routedownload/mentoring/traffic-handler-mp3
Reusing existing connection to www.spokares.org:443.
HTTP request sent, awaiting response... 404 Not Found
2026-09-25 19:41:16 ERROR 404: Not Found.

--2026-09-25 19:41:16--  https://www.spokares.org/index.php/2-uncategorised/23-the-ares-races-email-list
Reusing existing connection to www.spokares.org:443.
HTTP request sent, awaiting response... 200 OK
Length: unspecified [text/html]
Saving to: ‘www.spokares.org/index.php/2-uncategorised/23-the-ares-races-email-list.html’

     0K .......... .......... .......... .....                  227K=0.2s

2026-09-25 19:41:17 (227 KB/s) - ‘www.spokares.org/index.php/2-uncategorised/23-the-ares-races-email-list.html’ saved [35937]

--2026-09-25 19:41:17--  https://www.spokares.org/index.php/2-uncategorised/21-equipment-lists
Reusing existing connection to www.spokares.org:443.
HTTP request sent, awaiting response... 200 OK
Length: unspecified [text/html]
Saving to: ‘www.spokares.org/index.php/2-uncategorised/21-equipment-lists.html’

     0K .......... .......... .......... .......... ..          211K=0.2s

2026-09-25 19:41:18 (211 KB/s) - ‘www.spokares.org/index.php/2-uncategorised/21-equipment-lists.html’ saved [43629]

--2026-09-25 19:41:18--  https://www.spokares.org/index.php/2-uncategorised/11-amateur-radio-license-test-sessions
Reusing existing connection to www.spokares.org:443.
HTTP request sent, awaiting response... 200 OK
Length: unspecified [text/html]
Saving to: ‘www.spokares.org/index.php/2-uncategorised/11-amateur-radio-license-test-sessions.html’

     0K .......... .......... .......... .......... .           223K=0.2s

2026-09-25 19:41:18 (223 KB/s) - ‘www.spokares.org/index.php/2-uncategorised/11-amateur-radio-license-test-sessions.html’ saved [42799]

--2026-09-25 19:41:18--  https://www.spokares.org/index.php/2-uncategorised/9-principles-of-a-net-control-station
Reusing existing connection to www.spokares.org:443.
HTTP request sent, awaiting response... 200 OK
Length: unspecified [text/html]
Saving to: ‘www.spokares.org/index.php/2-uncategorised/9-principles-of-a-net-control-station.html’

     0K .......... .......... .......... .......                305K=0.1s

2026-09-25 19:41:19 (305 KB/s) - ‘www.spokares.org/index.php/2-uncategorised/9-principles-of-a-net-control-station.html’ saved [38654]

--2026-09-25 19:41:19--  https://www.spokares.org/index.php/2-uncategorised/8-net-preamble-script
Reusing existing connection to www.spokares.org:443.
HTTP request sent, awaiting response... 200 OK
Length: unspecified [text/html]
Saving to: ‘www.spokares.org/index.php/2-uncategorised/8-net-preamble-script.html’

     0K .......... .......... .......... ..........             397K=0.1s

2026-09-25 19:41:20 (397 KB/s) - ‘www.spokares.org/index.php/2-uncategorised/8-net-preamble-script.html’ saved [41397]

--2026-09-25 19:41:20--  https://www.spokares.org/index.php/2-uncategorised/7-repeater-etiquette
Reusing existing connection to www.spokares.org:443.
HTTP request sent, awaiting response... 200 OK
Length: unspecified [text/html]
Saving to: ‘www.spokares.org/index.php/2-uncategorised/7-repeater-etiquette.html’

     0K .......... .......... .......... .......... ...         433K=0.1s

2026-09-25 19:41:20 (433 KB/s) - ‘www.spokares.org/index.php/2-uncategorised/7-repeater-etiquette.html’ saved [44289]

--2026-09-25 19:41:21--  https://www.spokares.org/index.php/2-uncategorised/2-ares-races-plan
Reusing existing connection to www.spokares.org:443.
HTTP request sent, awaiting response... 200 OK
Length: unspecified [text/html]
Saving to: ‘www.spokares.org/index.php/2-uncategorised/2-ares-races-plan.html’

     0K .......... .......... .......... .......... ..........  263K
    50K .......... .......... .......... .......... ..........  499K
   100K .......... .......... .......... .......... ..........  693K
   150K .......... .......... .......... .......... ..........  542K
   200K .......... .......... .......... .......... ..........  616K
   250K .......... .......... .......... .....                  921K=0.6s

2026-09-25 19:41:21 (498 KB/s) - ‘www.spokares.org/index.php/2-uncategorised/2-ares-races-plan.html’ saved [292822]

--2026-09-25 19:41:22--  https://www.spokares.org/index.php/2-uncategorised/1-under-construction
Reusing existing connection to www.spokares.org:443.
HTTP request sent, awaiting response... 200 OK
Length: unspecified [text/html]
Saving to: ‘www.spokares.org/index.php/2-uncategorised/1-under-construction.html’

     0K .......... .......... .......... ....                   946K=0.04s

2026-09-25 19:41:22 (946 KB/s) - ‘www.spokares.org/index.php/2-uncategorised/1-under-construction.html’ saved [35149]

--2026-09-25 19:41:22--  https://www.spokares.org/images/8091bb_cfac747e80b142cf8c06b2286c1c6e0b.jpg
Reusing existing connection to www.spokares.org:443.
HTTP request sent, awaiting response... 200 OK
Length: 127929 (125K) [image/jpeg]
Saving to: ‘www.spokares.org/images/8091bb_cfac747e80b142cf8c06b2286c1c6e0b.jpg’

     0K .......... .......... .......... .......... .......... 40%  467K 0s
    50K .......... .......... .......... .......... .......... 80%  911K 0s
   100K .......... .......... ....                            100%  525K=0.2s

2026-09-25 19:41:23 (597 KB/s) - ‘www.spokares.org/images/8091bb_cfac747e80b142cf8c06b2286c1c6e0b.jpg’ saved [127929/127929]

--2026-09-25 19:41:23--  http://spokares.org/index.php/about/ares-races-leadership/2-uncategorised
Connecting to spokares.org (spokares.org)|70.39.146.166|:80... connected.
HTTP request sent, awaiting response... 200 OK
Length: unspecified [text/html]
Saving to: ‘spokares.org/index.php/about/ares-races-leadership/2-uncategorised.html’

     0K .......... .......... .......... .......... ..........  329K
    50K ........                                               2.36M=0.2s

2026-09-25 19:41:43 (379 KB/s) - ‘spokares.org/index.php/about/ares-races-leadership/2-uncategorised.html’ saved [60388]

--2026-09-25 19:41:43--  http://spokares.org/index.php/about/amateur-code/2-uncategorised
Reusing existing connection to spokares.org:80.
HTTP request sent, awaiting response... 200 OK
Length: unspecified [text/html]
Saving to: ‘spokares.org/index.php/about/amateur-code/2-uncategorised.html’

     0K .......... .......... .......... .......... ..........  337K
    50K ........                                                261K=0.2s

2026-09-25 19:41:44 (323 KB/s) - ‘spokares.org/index.php/about/amateur-code/2-uncategorised.html’ saved [60277]

--2026-09-25 19:41:44--  http://spokares.org/index.php/about/w7gbu-history/2-uncategorised
Reusing existing connection to spokares.org:80.
HTTP request sent, awaiting response... 200 OK
Length: unspecified [text/html]
Saving to: ‘spokares.org/index.php/about/w7gbu-history/2-uncategorised.html’

     0K .......... .......... .......... .......... ..........  558K
    50K ........                                                163K=0.1s

2026-09-25 19:41:45 (408 KB/s) - ‘spokares.org/index.php/about/w7gbu-history/2-uncategorised.html’ saved [60288]

--2026-09-25 19:41:45--  http://spokares.org/index.php/about/meeting-location/2-uncategorised
Reusing existing connection to spokares.org:80.
HTTP request sent, awaiting response... 200 OK
Length: unspecified [text/html]
Saving to: ‘spokares.org/index.php/about/meeting-location/2-uncategorised.html’

     0K .......... .......... .......... .......... ..........  580K
    50K ........                                                135K=0.2s

2026-09-25 19:41:46 (387 KB/s) - ‘spokares.org/index.php/about/meeting-location/2-uncategorised.html’ saved [60325]

--2026-09-25 19:41:46--  http://spokares.org/index.php/operations/incident-command-system/2-uncategorised
Reusing existing connection to spokares.org:80.
HTTP request sent, awaiting response... 200 OK
Length: unspecified [text/html]
Saving to: ‘spokares.org/index.php/operations/incident-command-system/2-uncategorised.html’

     0K .......... .......... .......... .......... ..........  307K
    50K .........                                              3.19M=0.2s

2026-09-25 19:41:47 (357 KB/s) - ‘spokares.org/index.php/operations/incident-command-system/2-uncategorised.html’ saved [60479]

--2026-09-25 19:41:47--  http://spokares.org/index.php/operations/status-codes/2-uncategorised
Reusing existing connection to spokares.org:80.
HTTP request sent, awaiting response... 200 OK
Length: unspecified [text/html]
Saving to: ‘spokares.org/index.php/operations/status-codes/2-uncategorised.html’

     0K .......... .......... .......... .......... ..........  453K
    50K ........                                                192K=0.2s

2026-09-25 19:41:47 (376 KB/s) - ‘spokares.org/index.php/operations/status-codes/2-uncategorised.html’ saved [60336]

--2026-09-25 19:41:48--  http://spokares.org/index.php/operations/skywarn-weather-spotting/2-uncategorised
Reusing existing connection to spokares.org:80.
HTTP request sent, awaiting response... 200 OK
Length: unspecified [text/html]
Saving to: ‘spokares.org/index.php/operations/skywarn-weather-spotting/2-uncategorised.html’

     0K .......... .......... .......... .......... ..........  561K
    50K .........                                              96.5K=0.2s

2026-09-25 19:41:48 (322 KB/s) - ‘spokares.org/index.php/operations/skywarn-weather-spotting/2-uncategorised.html’ saved [60492]

--2026-09-25 19:41:49--  http://spokares.org/index.php/membership/amateur-training/2-uncategorised
Reusing existing connection to spokares.org:80.
HTTP request sent, awaiting response... 200 OK
Length: unspecified [text/html]
Saving to: ‘spokares.org/index.php/membership/amateur-training/2-uncategorised.html’

     0K .......... .......... .......... .......... ..........  333K
    50K ........                                                860K=0.2s

2026-09-25 19:41:49 (367 KB/s) - ‘spokares.org/index.php/membership/amateur-training/2-uncategorised.html’ saved [60388]

--2026-09-25 19:41:50--  http://spokares.org/index.php/membership/ham-radio-links/2-uncategorised
Reusing existing connection to spokares.org:80.
HTTP request sent, awaiting response... 200 OK
Length: unspecified [text/html]
Saving to: ‘spokares.org/index.php/membership/ham-radio-links/2-uncategorised.html’

     0K .......... .......... .......... .......... ..........  319K
    50K ........                                               1.50M=0.2s

2026-09-25 19:41:50 (363 KB/s) - ‘spokares.org/index.php/membership/ham-radio-links/2-uncategorised.html’ saved [60373]

--2026-09-25 19:41:51--  http://spokares.org/index.php/contact/welcome-letter/2-uncategorised
Reusing existing connection to spokares.org:80.
HTTP request sent, awaiting response... 200 OK
Length: unspecified [text/html]
Saving to: ‘spokares.org/index.php/contact/welcome-letter/2-uncategorised.html’

     0K .......... .......... .......... .......... ..........  322K
    50K ........                                                781K=0.2s

2026-09-25 19:41:51 (353 KB/s) - ‘spokares.org/index.php/contact/welcome-letter/2-uncategorised.html’ saved [60349]

--2026-09-25 19:41:52--  http://spokares.org/index.php/contact/join-ares-races/2-uncategorised
Reusing existing connection to spokares.org:80.
HTTP request sent, awaiting response... 200 OK
Length: unspecified [text/html]
Saving to: ‘spokares.org/index.php/contact/join-ares-races/2-uncategorised.html’

     0K .......... .......... .......... .......... ..........  300K
    50K ........                                                678K=0.2s

2026-09-25 19:41:52 (327 KB/s) - ‘spokares.org/index.php/contact/join-ares-races/2-uncategorised.html’ saved [60338]

--2026-09-25 19:41:53--  http://spokares.org/index.php/component/jcalpro/events/month
Reusing existing connection to spokares.org:80.
HTTP request sent, awaiting response... 200 OK
Length: unspecified [text/html]
Saving to: ‘spokares.org/index.php/component/jcalpro/events/month.html’

     0K .......... .......... .......... .......... ........    424K=0.1s

2026-09-25 19:41:53 (424 KB/s) - ‘spokares.org/index.php/component/jcalpro/events/month.html’ saved [49790]

--2026-09-25 19:41:53--  http://spokares.org/index.php/component/jcalpro/events/flat
Reusing existing connection to spokares.org:80.
HTTP request sent, awaiting response... 200 OK
Length: unspecified [text/html]
Saving to: ‘spokares.org/index.php/component/jcalpro/events/flat.html’

     0K .......... .......... .......... .                      267K=0.1s

2026-09-25 19:41:54 (267 KB/s) - ‘spokares.org/index.php/component/jcalpro/events/flat.html’ saved [32246]

--2026-09-25 19:41:54--  http://spokares.org/index.php/component/jcalpro/events/week
Reusing existing connection to spokares.org:80.
HTTP request sent, awaiting response... 200 OK
Length: unspecified [text/html]
Saving to: ‘spokares.org/index.php/component/jcalpro/events/week.html’

     0K .......... .......... .......                           209K=0.1s

2026-09-25 19:41:55 (209 KB/s) - ‘spokares.org/index.php/component/jcalpro/events/week.html’ saved [27748]

--2026-09-25 19:41:55--  http://spokares.org/index.php/component/jcalpro/events/day
Reusing existing connection to spokares.org:80.
HTTP request sent, awaiting response... 200 OK
Length: unspecified [text/html]
Saving to: ‘spokares.org/index.php/component/jcalpro/events/day.html’

     0K .......... .......... ....                              254K=0.1s

2026-09-25 19:41:55 (254 KB/s) - ‘spokares.org/index.php/component/jcalpro/events/day.html’ saved [25049]

--2026-09-25 19:41:55--  http://spokares.org/index.php/component/jcalpro/28-upcoming-exercises
Reusing existing connection to spokares.org:80.
HTTP request sent, awaiting response... 200 OK
Length: unspecified [text/html]
Saving to: ‘spokares.org/index.php/component/jcalpro/28-upcoming-exercises.html’

     0K .......... .......... ........                          293K=0.1s

2026-09-25 19:41:56 (293 KB/s) - ‘spokares.org/index.php/component/jcalpro/28-upcoming-exercises.html’ saved [28989]

--2026-09-25 19:41:56--  http://spokares.org/index.php/component/jcalpro/29-qualifications-training
Reusing existing connection to spokares.org:80.
HTTP request sent, awaiting response... 200 OK
Length: unspecified [text/html]
Saving to: ‘spokares.org/index.php/component/jcalpro/29-qualifications-training.html’

     0K .......... .......... ....                              229K=0.1s

2026-09-25 19:41:56 (229 KB/s) - ‘spokares.org/index.php/component/jcalpro/29-qualifications-training.html’ saved [24713]

--2026-09-25 19:41:57--  http://spokares.org/index.php/component/jcalpro/30-regular-meetings-training
Reusing existing connection to spokares.org:80.
HTTP request sent, awaiting response... 200 OK
Length: unspecified [text/html]
Saving to: ‘spokares.org/index.php/component/jcalpro/30-regular-meetings-training.html’

     0K .......... .......... .......... .......... ..........  293K
    50K ..........                                              415K=0.2s

2026-09-25 19:41:57 (309 KB/s) - ‘spokares.org/index.php/component/jcalpro/30-regular-meetings-training.html’ saved [61895]

--2026-09-25 19:41:57--  http://spokares.org/index.php/component/jcalpro/31-other-events
Reusing existing connection to spokares.org:80.
HTTP request sent, awaiting response... 200 OK
Length: unspecified [text/html]
Saving to: ‘spokares.org/index.php/component/jcalpro/31-other-events.html’

     0K .......... .......... ......                            531K=0.05s

2026-09-25 19:41:58 (531 KB/s) - ‘spokares.org/index.php/component/jcalpro/31-other-events.html’ saved [26897]

--2026-09-25 19:41:58--  http://spokares.org/index.php/component/jcalpro/41-wsen-monday-night-net-control
Reusing existing connection to spokares.org:80.
HTTP request sent, awaiting response... 200 OK
Length: unspecified [text/html]
Saving to: ‘spokares.org/index.php/component/jcalpro/41-wsen-monday-night-net-control.html’

     0K .......... .......... ......                            247K=0.1s

2026-09-25 19:41:58 (247 KB/s) - ‘spokares.org/index.php/component/jcalpro/41-wsen-monday-night-net-control.html’ saved [27285]

--2026-09-25 19:41:59--  http://spokares.org/index.php/component/jcalpro/42-wsen-district-9-net-control
Reusing existing connection to spokares.org:80.
HTTP request sent, awaiting response... 200 OK
Length: unspecified [text/html]
Saving to: ‘spokares.org/index.php/component/jcalpro/42-wsen-district-9-net-control.html’

     0K .......... .......... .....                             235K=0.1s

2026-09-25 19:41:59 (235 KB/s) - ‘spokares.org/index.php/component/jcalpro/42-wsen-district-9-net-control.html’ saved [25677]

--2026-09-25 19:41:59--  http://spokares.org/index.php/component/jcalpro/27-weekly-net-controllers/242-kg7gfq
Reusing existing connection to spokares.org:80.
HTTP request sent, awaiting response... 200 OK
Length: unspecified [text/html]
Saving to: ‘spokares.org/index.php/component/jcalpro/27-weekly-net-controllers/242-kg7gfq.html’

     0K .......... .......... ......                            241K=0.1s

2026-09-25 19:42:00 (241 KB/s) - ‘spokares.org/index.php/component/jcalpro/27-weekly-net-controllers/242-kg7gfq.html’ saved [26691]

--2026-09-25 19:42:00--  http://spokares.org/index.php/component/jcalpro/27-weekly-net-controllers/622-ag7ig
Reusing existing connection to spokares.org:80.
HTTP request sent, awaiting response... 200 OK
Length: unspecified [text/html]
Saving to: ‘spokares.org/index.php/component/jcalpro/27-weekly-net-controllers/622-ag7ig.html’

     0K .......... .......... ......                            231K=0.1s

2026-09-25 19:42:00 (231 KB/s) - ‘spokares.org/index.php/component/jcalpro/27-weekly-net-controllers/622-ag7ig.html’ saved [26685]

--2026-09-25 19:42:01--  http://spokares.org/index.php/component/jcalpro/27-weekly-net-controllers/625-wa7aqh
Reusing existing connection to spokares.org:80.
HTTP request sent, awaiting response... 200 OK
Length: unspecified [text/html]
Saving to: ‘spokares.org/index.php/component/jcalpro/27-weekly-net-controllers/625-wa7aqh.html’

     0K .......... .......... ..                                240K=0.09s

2026-09-25 19:42:01 (240 KB/s) - ‘spokares.org/index.php/component/jcalpro/27-weekly-net-controllers/625-wa7aqh.html’ saved [23204]

--2026-09-25 19:42:01--  http://spokares.org/index.php/component/jcalpro/27-weekly-net-controllers/626-k7dsr
Reusing existing connection to spokares.org:80.
HTTP request sent, awaiting response... 200 OK
Length: unspecified [text/html]
Saving to: ‘spokares.org/index.php/component/jcalpro/27-weekly-net-controllers/626-k7dsr.html’

     0K .......... .......... ..                                107K=0.2s

2026-09-25 19:42:03 (107 KB/s) - ‘spokares.org/index.php/component/jcalpro/27-weekly-net-controllers/626-k7dsr.html’ saved [23198]

--2026-09-25 19:42:03--  http://spokares.org/index.php/component/jcalpro/27-weekly-net-controllers/624-w7hee
Reusing existing connection to spokares.org:80.
HTTP request sent, awaiting response... 200 OK
Length: unspecified [text/html]
Saving to: ‘spokares.org/index.php/component/jcalpro/27-weekly-net-controllers/624-w7hee.html’

     0K .......... .......... ..                                235K=0.1s

2026-09-25 19:42:03 (235 KB/s) - ‘spokares.org/index.php/component/jcalpro/27-weekly-net-controllers/624-w7hee.html’ saved [23198]

--2026-09-25 19:42:04--  http://spokares.org/index.php/component/jcalpro/27-weekly-net-controllers/627-ki7dqb
Reusing existing connection to spokares.org:80.
HTTP request sent, awaiting response... 200 OK
Length: unspecified [text/html]
Saving to: ‘spokares.org/index.php/component/jcalpro/27-weekly-net-controllers/627-ki7dqb.html’

     0K .......... .......... ..                                240K=0.09s

2026-09-25 19:42:04 (240 KB/s) - ‘spokares.org/index.php/component/jcalpro/27-weekly-net-controllers/627-ki7dqb.html’ saved [23204]

--2026-09-25 19:42:05--  http://spokares.org/index.php/component/jcalpro/27-weekly-net-controllers/628-ke7rap
Reusing existing connection to spokares.org:80.
HTTP request sent, awaiting response... 200 OK
Length: unspecified [text/html]
Saving to: ‘spokares.org/index.php/component/jcalpro/27-weekly-net-controllers/628-ke7rap.html’

     0K .......... .......... ..                                234K=0.1s

2026-09-25 19:42:05 (234 KB/s) - ‘spokares.org/index.php/component/jcalpro/27-weekly-net-controllers/628-ke7rap.html’ saved [23204]

--2026-09-25 19:42:05--  http://spokares.org/index.php/component/jcalpro/27-weekly-net-controllers/630-ke7iat
Reusing existing connection to spokares.org:80.
HTTP request sent, awaiting response... 200 OK
Length: unspecified [text/html]
Saving to: ‘spokares.org/index.php/component/jcalpro/27-weekly-net-controllers/630-ke7iat.html’

     0K .......... .......... ..                                222K=0.1s

2026-09-25 19:42:06 (222 KB/s) - ‘spokares.org/index.php/component/jcalpro/27-weekly-net-controllers/630-ke7iat.html’ saved [23204]

--2026-09-25 19:42:06--  http://spokares.org/index.php/component/jcalpro/27-weekly-net-controllers/629-ag7ig
Reusing existing connection to spokares.org:80.
HTTP request sent, awaiting response... 200 OK
Length: unspecified [text/html]
Saving to: ‘spokares.org/index.php/component/jcalpro/27-weekly-net-controllers/629-ag7ig.html’

     0K .......... .......... ......                            244K=0.1s

2026-09-25 19:42:06 (244 KB/s) - ‘spokares.org/index.php/component/jcalpro/27-weekly-net-controllers/629-ag7ig.html’ saved [26685]

--2026-09-25 19:42:07--  http://spokares.org/index.php/component/jcalpro/27-weekly-net-controllers/632-ke7rap
Reusing existing connection to spokares.org:80.
HTTP request sent, awaiting response... 200 OK
Length: unspecified [text/html]
Saving to: ‘spokares.org/index.php/component/jcalpro/27-weekly-net-controllers/632-ke7rap.html’

     0K .......... .......... ......                            234K=0.1s

2026-09-25 19:42:07 (234 KB/s) - ‘spokares.org/index.php/component/jcalpro/27-weekly-net-controllers/632-ke7rap.html’ saved [26690]

--2026-09-25 19:42:07--  http://spokares.org/index.php/component/jcalpro/27-weekly-net-controllers/633-ag7ig
Reusing existing connection to spokares.org:80.
HTTP request sent, awaiting response... 200 OK
Length: unspecified [text/html]
Saving to: ‘spokares.org/index.php/component/jcalpro/27-weekly-net-controllers/633-ag7ig.html’

     0K .......... .......... ......                            246K=0.1s

2026-09-25 19:42:08 (246 KB/s) - ‘spokares.org/index.php/component/jcalpro/27-weekly-net-controllers/633-ag7ig.html’ saved [26685]

--2026-09-25 19:42:08--  http://spokares.org/index.php/component/jcalpro/27-weekly-net-controllers/634-n7mcb
Reusing existing connection to spokares.org:80.
HTTP request sent, awaiting response... 200 OK
Length: unspecified [text/html]
Saving to: ‘spokares.org/index.php/component/jcalpro/27-weekly-net-controllers/634-n7mcb.html’

     0K .......... .......... ..                                218K=0.1s

2026-09-25 19:42:09 (218 KB/s) - ‘spokares.org/index.php/component/jcalpro/27-weekly-net-controllers/634-n7mcb.html’ saved [23198]

--2026-09-25 19:42:09--  http://spokares.org/index.php/component/jcalpro/27-weekly-net-controllers/635-ke7iat
Reusing existing connection to spokares.org:80.
HTTP request sent, awaiting response... 200 OK
Length: unspecified [text/html]
Saving to: ‘spokares.org/index.php/component/jcalpro/27-weekly-net-controllers/635-ke7iat.html’

     0K .......... .......... ..                                222K=0.1s

2026-09-25 19:42:09 (222 KB/s) - ‘spokares.org/index.php/component/jcalpro/27-weekly-net-controllers/635-ke7iat.html’ saved [23204]

--2026-09-25 19:42:09--  http://spokares.org/index.php/component/jcalpro/27-weekly-net-controllers/636-ke7iat
Reusing existing connection to spokares.org:80.
HTTP request sent, awaiting response... 200 OK
Length: unspecified [text/html]
Saving to: ‘spokares.org/index.php/component/jcalpro/27-weekly-net-controllers/636-ke7iat.html’

     0K .......... .......... ......                            275K=0.09s

2026-09-25 19:42:10 (275 KB/s) - ‘spokares.org/index.php/component/jcalpro/27-weekly-net-controllers/636-ke7iat.html’ saved [26690]

--2026-09-25 19:42:10--  http://spokares.org/index.php/component/jcalpro/27-weekly-net-controllers/637-ad7dd
Reusing existing connection to spokares.org:80.
HTTP request sent, awaiting response... 200 OK
Length: unspecified [text/html]
Saving to: ‘spokares.org/index.php/component/jcalpro/27-weekly-net-controllers/637-ad7dd.html’

     0K .......... .......... ..                                207K=0.1s

2026-09-25 19:42:11 (207 KB/s) - ‘spokares.org/index.php/component/jcalpro/27-weekly-net-controllers/637-ad7dd.html’ saved [23197]

--2026-09-25 19:42:11--  http://spokares.org/index.php/component/jcalpro/27-weekly-net-controllers/639-ke7rap
Reusing existing connection to spokares.org:80.
HTTP request sent, awaiting response... 200 OK
Length: unspecified [text/html]
Saving to: ‘spokares.org/index.php/component/jcalpro/27-weekly-net-controllers/639-ke7rap.html’

     0K .......... .......... ..                                241K=0.09s

2026-09-25 19:42:11 (241 KB/s) - ‘spokares.org/index.php/component/jcalpro/27-weekly-net-controllers/639-ke7rap.html’ saved [23204]

--2026-09-25 19:42:11--  http://spokares.org/index.php/component/jcalpro/27-weekly-net-controllers/640-w7hee
Reusing existing connection to spokares.org:80.
HTTP request sent, awaiting response... 200 OK
Length: unspecified [text/html]
Saving to: ‘spokares.org/index.php/component/jcalpro/27-weekly-net-controllers/640-w7hee.html’

     0K .......... .......... ..                                255K=0.09s

2026-09-25 19:42:12 (255 KB/s) - ‘spokares.org/index.php/component/jcalpro/27-weekly-net-controllers/640-w7hee.html’ saved [23198]

--2026-09-25 19:42:12--  http://spokares.org/index.php/component/jcalpro/27-weekly-net-controllers/641-ag7ig
Reusing existing connection to spokares.org:80.
HTTP request sent, awaiting response... 200 OK
Length: unspecified [text/html]
Saving to: ‘spokares.org/index.php/component/jcalpro/27-weekly-net-controllers/641-ag7ig.html’

     0K .......... .......... ......                            251K=0.1s

2026-09-25 19:42:12 (251 KB/s) - ‘spokares.org/index.php/component/jcalpro/27-weekly-net-controllers/641-ag7ig.html’ saved [26685]

--2026-09-25 19:42:13--  http://spokares.org/index.php/component/jcalpro/27-weekly-net-controllers/642-w7tsc
Reusing existing connection to spokares.org:80.
HTTP request sent, awaiting response... 200 OK
Length: unspecified [text/html]
Saving to: ‘spokares.org/index.php/component/jcalpro/27-weekly-net-controllers/642-w7tsc.html’

     0K .......... .......... ......                            297K=0.09s

2026-09-25 19:42:13 (297 KB/s) - ‘spokares.org/index.php/component/jcalpro/27-weekly-net-controllers/642-w7tsc.html’ saved [26684]

--2026-09-25 19:42:13--  http://spokares.org/index.php/component/jcalpro/27-weekly-net-controllers/643-ke7rap
Reusing existing connection to spokares.org:80.
HTTP request sent, awaiting response... 200 OK
Length: unspecified [text/html]
Saving to: ‘spokares.org/index.php/component/jcalpro/27-weekly-net-controllers/643-ke7rap.html’

     0K .......... .......... ..                                283K=0.08s

2026-09-25 19:42:14 (283 KB/s) - ‘spokares.org/index.php/component/jcalpro/27-weekly-net-controllers/643-ke7rap.html’ saved [23204]

--2026-09-25 19:42:14--  http://spokares.org/index.php/component/jcalpro/27-weekly-net-controllers?start=20
Reusing existing connection to spokares.org:80.
HTTP request sent, awaiting response... 200 OK
Length: unspecified [text/html]
Saving to: ‘spokares.org/index.php/component/jcalpro/27-weekly-net-controllers@start=20.html’

     0K .......... .......... .......... .......... ..          170K=0.3s

2026-09-25 19:42:14 (170 KB/s) - ‘spokares.org/index.php/component/jcalpro/27-weekly-net-controllers@start=20.html’ saved [43855]

--2026-09-25 19:42:15--  http://spokares.org/index.php/component/jcalpro/27-weekly-net-controllers?start=40
Reusing existing connection to spokares.org:80.
HTTP request sent, awaiting response... 200 OK
Length: unspecified [text/html]
Saving to: ‘spokares.org/index.php/component/jcalpro/27-weekly-net-controllers@start=40.html’

     0K .......... .......... .......... .......... .           238K=0.2s

2026-09-25 19:42:15 (238 KB/s) - ‘spokares.org/index.php/component/jcalpro/27-weekly-net-controllers@start=40.html’ saved [42057]

--2026-09-25 19:42:16--  http://spokares.org/index.php/component/jcalpro/27-weekly-net-controllers?start=60
Reusing existing connection to spokares.org:80.
HTTP request sent, awaiting response... 200 OK
Length: unspecified [text/html]
Saving to: ‘spokares.org/index.php/component/jcalpro/27-weekly-net-controllers@start=60.html’

     0K .......... .......... .......... .......... ..          244K=0.2s

2026-09-25 19:42:16 (244 KB/s) - ‘spokares.org/index.php/component/jcalpro/27-weekly-net-controllers@start=60.html’ saved [43834]

--2026-09-25 19:42:16--  http://spokares.org/index.php/component/jcalpro/27-weekly-net-controllers?start=80
Reusing existing connection to spokares.org:80.
HTTP request sent, awaiting response... 200 OK
Length: unspecified [text/html]
Saving to: ‘spokares.org/index.php/component/jcalpro/27-weekly-net-controllers@start=80.html’

     0K .......... .......... .......... .......... ..          276K=0.2s

2026-09-25 19:42:17 (276 KB/s) - ‘spokares.org/index.php/component/jcalpro/27-weekly-net-controllers@start=80.html’ saved [43313]

--2026-09-25 19:42:17--  http://spokares.org/index.php/2-uncategorised/61-ham-radio-forms-a-planet-sized-space-weather-sensor-network
Reusing existing connection to spokares.org:80.
HTTP request sent, awaiting response... 200 OK
Length: unspecified [text/html]
Saving to: ‘spokares.org/index.php/2-uncategorised/61-ham-radio-forms-a-planet-sized-space-weather-sensor-network.html’

     0K .......... .......... .......... ....                   294K=0.1s

2026-09-25 19:42:18 (294 KB/s) - ‘spokares.org/index.php/2-uncategorised/61-ham-radio-forms-a-planet-sized-space-weather-sensor-network.html’ saved [35477]

--2026-09-25 19:42:18--  http://spokares.org/index.php/2-uncategorised?start=6
Reusing existing connection to spokares.org:80.
HTTP request sent, awaiting response... 200 OK
Length: unspecified [text/html]
Saving to: ‘spokares.org/index.php/2-uncategorised@start=6.html’

     0K .......... .......... .......... .......... ..........  300K
    50K ........                                                339K=0.2s

2026-09-25 19:42:19 (305 KB/s) - ‘spokares.org/index.php/2-uncategorised@start=6.html’ saved [59820]

--2026-09-25 19:42:19--  http://spokares.org/index.php/2-uncategorised?start=12
Reusing existing connection to spokares.org:80.
HTTP request sent, awaiting response... 200 OK
Length: unspecified [text/html]
Saving to: ‘spokares.org/index.php/2-uncategorised@start=12.html’

     0K .......... .......... .......... .......... ..........  345K
    50K .......... .......... .......... .......... ..........  603K
   100K .......... .....                                        627K=0.3s

2026-09-25 19:42:19 (458 KB/s) - ‘spokares.org/index.php/2-uncategorised@start=12.html’ saved [118489]

--2026-09-25 19:42:20--  http://spokares.org/index.php/2-uncategorised?start=18
Reusing existing connection to spokares.org:80.
HTTP request sent, awaiting response... 200 OK
Length: unspecified [text/html]
Saving to: ‘spokares.org/index.php/2-uncategorised@start=18.html’

     0K .......... .......... .......... .......... ..........  727K
    50K .......... .......... .......... .......... ..........  738K
   100K .......... .......... .......... .......... ..........  652K
   150K .......... .......... .......... .......... ..........  732K
   200K .......... .......... .......... .......... ..........  663K
   250K .......... .......... .......... .......... ..........  923K
   300K .......... .......... .......... ...                    908K=0.4s

2026-09-25 19:42:20 (744 KB/s) - ‘spokares.org/index.php/2-uncategorised@start=18.html’ saved [341264]

--2026-09-25 19:42:20--  http://spokares.org/index.php/2-uncategorised?start=24
Reusing existing connection to spokares.org:80.
HTTP request sent, awaiting response... 200 OK
Length: unspecified [text/html]
Saving to: ‘spokares.org/index.php/2-uncategorised@start=24.html’

     0K .......... .......... .......... ...                    716K=0.05s

2026-09-25 19:42:21 (716 KB/s) - ‘spokares.org/index.php/2-uncategorised@start=24.html’ saved [34567]

--2026-09-25 19:42:21--  https://www.spokares.org/index.php/component/jcalpro/location/2-spokane-county-sheriffs-training-center
Connecting to www.spokares.org (www.spokares.org)|70.39.146.166|:443... connected.
HTTP request sent, awaiting response... 200 OK
Length: unspecified [text/html]
Saving to: ‘www.spokares.org/index.php/component/jcalpro/location/2-spokane-county-sheriffs-training-center.html’

     0K .......... .......                                      129K=0.1s

2026-09-25 19:42:41 (129 KB/s) - ‘www.spokares.org/index.php/component/jcalpro/location/2-spokane-county-sheriffs-training-center.html’ saved [17984]

--2026-09-25 19:42:42--  https://www.spokares.org/index.php/component/jcalpro/location/3-spokane-county-dem-building
Reusing existing connection to www.spokares.org:443.
HTTP request sent, awaiting response... 200 OK
Length: unspecified [text/html]
Saving to: ‘www.spokares.org/index.php/component/jcalpro/location/3-spokane-county-dem-building.html’

     0K .......... .......... .......... .....                  383K=0.09s

2026-09-25 19:42:42 (383 KB/s) - ‘www.spokares.org/index.php/component/jcalpro/location/3-spokane-county-dem-building.html’ saved [36338]

--2026-09-25 19:42:42--  https://www.spokares.org/index.php/component/jcalpro/30-regular-meetings-training/967-digital-training
Reusing existing connection to www.spokares.org:443.
HTTP request sent, awaiting response... 200 OK
Length: unspecified [text/html]
Saving to: ‘www.spokares.org/index.php/component/jcalpro/30-regular-meetings-training/967-digital-training.html’

     0K .......... .......... ......                            315K=0.09s

2026-09-25 19:42:43 (315 KB/s) - ‘www.spokares.org/index.php/component/jcalpro/30-regular-meetings-training/967-digital-training.html’ saved [27540]

--2026-09-25 19:42:43--  https://www.spokares.org/index.php/component/jcalpro/30-regular-meetings-training/968-digital-training
Reusing existing connection to www.spokares.org:443.
HTTP request sent, awaiting response... 200 OK
Length: unspecified [text/html]
Saving to: ‘www.spokares.org/index.php/component/jcalpro/30-regular-meetings-training/968-digital-training.html’

     0K .......... .......... ......                            353K=0.08s

2026-09-25 19:42:43 (353 KB/s) - ‘www.spokares.org/index.php/component/jcalpro/30-regular-meetings-training/968-digital-training.html’ saved [27540]

--2026-09-25 19:42:44--  https://www.spokares.org/index.php/component/jcalpro/30-regular-meetings-training/969-digital-training
Reusing existing connection to www.spokares.org:443.
HTTP request sent, awaiting response... 200 OK
Length: unspecified [text/html]
Saving to: ‘www.spokares.org/index.php/component/jcalpro/30-regular-meetings-training/969-digital-training.html’

     0K .......... .......... ......                            275K=0.1s

2026-09-25 19:42:44 (275 KB/s) - ‘www.spokares.org/index.php/component/jcalpro/30-regular-meetings-training/969-digital-training.html’ saved [27541]

--2026-09-25 19:42:44--  https://www.spokares.org/index.php/component/jcalpro/30-regular-meetings-training/970-digital-training
Reusing existing connection to www.spokares.org:443.
HTTP request sent, awaiting response... 200 OK
Length: unspecified [text/html]
Saving to: ‘www.spokares.org/index.php/component/jcalpro/30-regular-meetings-training/970-digital-training.html’

     0K .......... .......... ......                            240K=0.1s

2026-09-25 19:42:45 (240 KB/s) - ‘www.spokares.org/index.php/component/jcalpro/30-regular-meetings-training/970-digital-training.html’ saved [27541]

--2026-09-25 19:42:45--  https://www.spokares.org/index.php/component/jcalpro/30-regular-meetings-training/971-digital-training
Reusing existing connection to www.spokares.org:443.
HTTP request sent, awaiting response... 200 OK
Length: unspecified [text/html]
Saving to: ‘www.spokares.org/index.php/component/jcalpro/30-regular-meetings-training/971-digital-training.html’

     0K .......... .......... ......                            242K=0.1s

2026-09-25 19:42:45 (242 KB/s) - ‘www.spokares.org/index.php/component/jcalpro/30-regular-meetings-training/971-digital-training.html’ saved [27540]

--2026-09-25 19:42:46--  https://www.spokares.org/index.php/component/jcalpro/30-regular-meetings-training/972-digital-training
Reusing existing connection to www.spokares.org:443.
HTTP request sent, awaiting response... 200 OK
Length: unspecified [text/html]
Saving to: ‘www.spokares.org/index.php/component/jcalpro/30-regular-meetings-training/972-digital-training.html’

     0K .......... .......... ......                            275K=0.1s

2026-09-25 19:42:46 (275 KB/s) - ‘www.spokares.org/index.php/component/jcalpro/30-regular-meetings-training/972-digital-training.html’ saved [27541]

--2026-09-25 19:42:46--  https://www.spokares.org/index.php/component/jcalpro/30-regular-meetings-training/907-ares-races-meeting
Reusing existing connection to www.spokares.org:443.
HTTP request sent, awaiting response... 200 OK
Length: unspecified [text/html]
Saving to: ‘www.spokares.org/index.php/component/jcalpro/30-regular-meetings-training/907-ares-races-meeting.html’

     0K .......... .......... ......                            232K=0.1s

2026-09-25 19:42:47 (232 KB/s) - ‘www.spokares.org/index.php/component/jcalpro/30-regular-meetings-training/907-ares-races-meeting.html’ saved [27434]

--2026-09-25 19:42:47--  https://www.spokares.org/index.php/component/jcalpro/30-regular-meetings-training/973-digital-training
Reusing existing connection to www.spokares.org:443.
HTTP request sent, awaiting response... 200 OK
Length: unspecified [text/html]
Saving to: ‘www.spokares.org/index.php/component/jcalpro/30-regular-meetings-training/973-digital-training.html’

     0K .......... .......... .......                           270K=0.1s

2026-09-25 19:42:48 (270 KB/s) - ‘www.spokares.org/index.php/component/jcalpro/30-regular-meetings-training/973-digital-training.html’ saved [27671]

--2026-09-25 19:42:48--  https://www.spokares.org/index.php/component/jcalpro/30-regular-meetings-training/908-ares-races-meeting
Reusing existing connection to www.spokares.org:443.
HTTP request sent, awaiting response... 200 OK
Length: unspecified [text/html]
Saving to: ‘www.spokares.org/index.php/component/jcalpro/30-regular-meetings-training/908-ares-races-meeting.html’

     0K .......... .......... .......                           285K=0.09s

2026-09-25 19:42:48 (285 KB/s) - ‘www.spokares.org/index.php/component/jcalpro/30-regular-meetings-training/908-ares-races-meeting.html’ saved [27680]

--2026-09-25 19:42:49--  https://www.spokares.org/index.php/component/jcalpro/30-regular-meetings-training/974-digital-training
Reusing existing connection to www.spokares.org:443.
HTTP request sent, awaiting response... 200 OK
Length: unspecified [text/html]
Saving to: ‘www.spokares.org/index.php/component/jcalpro/30-regular-meetings-training/974-digital-training.html’

     0K .......... .......... ......                            221K=0.1s

2026-09-25 19:42:49 (221 KB/s) - ‘www.spokares.org/index.php/component/jcalpro/30-regular-meetings-training/974-digital-training.html’ saved [27593]

--2026-09-25 19:42:49--  https://www.spokares.org/index.php/component/jcalpro/30-regular-meetings-training/909-ares-races-meeting
Reusing existing connection to www.spokares.org:443.
HTTP request sent, awaiting response... 200 OK
Length: unspecified [text/html]
Saving to: ‘www.spokares.org/index.php/component/jcalpro/30-regular-meetings-training/909-ares-races-meeting.html’

     0K .......... .......... .......                           256K=0.1s

2026-09-25 19:42:50 (256 KB/s) - ‘www.spokares.org/index.php/component/jcalpro/30-regular-meetings-training/909-ares-races-meeting.html’ saved [27688]

--2026-09-25 19:42:50--  https://www.spokares.org/index.php/component/jcalpro/30-regular-meetings-training/975-digital-training
Reusing existing connection to www.spokares.org:443.
HTTP request sent, awaiting response... 200 OK
Length: unspecified [text/html]
Saving to: ‘www.spokares.org/index.php/component/jcalpro/30-regular-meetings-training/975-digital-training.html’

     0K .......... .......... ......                            278K=0.1s

2026-09-25 19:42:50 (278 KB/s) - ‘www.spokares.org/index.php/component/jcalpro/30-regular-meetings-training/975-digital-training.html’ saved [27621]

--2026-09-25 19:42:51--  https://www.spokares.org/index.php/component/jcalpro/30-regular-meetings-training/910-ares-races-meeting
Reusing existing connection to www.spokares.org:443.
HTTP request sent, awaiting response... 200 OK
Length: unspecified [text/html]
Saving to: ‘www.spokares.org/index.php/component/jcalpro/30-regular-meetings-training/910-ares-races-meeting.html’

     0K .......... .......... .......                           244K=0.1s

2026-09-25 19:42:51 (244 KB/s) - ‘www.spokares.org/index.php/component/jcalpro/30-regular-meetings-training/910-ares-races-meeting.html’ saved [27678]

--2026-09-25 19:42:51--  https://www.spokares.org/index.php/component/jcalpro/30-regular-meetings-training/976-digital-training
Reusing existing connection to www.spokares.org:443.
HTTP request sent, awaiting response... 200 OK
Length: unspecified [text/html]
Saving to: ‘www.spokares.org/index.php/component/jcalpro/30-regular-meetings-training/976-digital-training.html’

     0K .......... .......... ......                            305K=0.09s

2026-09-25 19:42:52 (305 KB/s) - ‘www.spokares.org/index.php/component/jcalpro/30-regular-meetings-training/976-digital-training.html’ saved [27584]

--2026-09-25 19:42:52--  https://www.spokares.org/index.php/component/jcalpro/30-regular-meetings-training/911-ares-races-meeting
Reusing existing connection to www.spokares.org:443.
HTTP request sent, awaiting response... 200 OK
Length: unspecified [text/html]
Saving to: ‘www.spokares.org/index.php/component/jcalpro/30-regular-meetings-training/911-ares-races-meeting.html’

     0K .......... .......... .......                           333K=0.08s

2026-09-25 19:42:53 (333 KB/s) - ‘www.spokares.org/index.php/component/jcalpro/30-regular-meetings-training/911-ares-races-meeting.html’ saved [27666]

--2026-09-25 19:42:53--  https://www.spokares.org/index.php/component/jcalpro/30-regular-meetings-training/912-ares-races-meeting
Reusing existing connection to www.spokares.org:443.
HTTP request sent, awaiting response... 200 OK
Length: unspecified [text/html]
Saving to: ‘www.spokares.org/index.php/component/jcalpro/30-regular-meetings-training/912-ares-races-meeting.html’

     0K .......... .......... ......                            391K=0.07s

2026-09-25 19:42:53 (391 KB/s) - ‘www.spokares.org/index.php/component/jcalpro/30-regular-meetings-training/912-ares-races-meeting.html’ saved [27636]

--2026-09-25 19:42:53--  https://www.spokares.org/index.php/component/jcalpro/30-regular-meetings-training/243-ares-net
Reusing existing connection to www.spokares.org:443.
HTTP request sent, awaiting response... 200 OK
Length: unspecified [text/html]
Saving to: ‘www.spokares.org/index.php/component/jcalpro/30-regular-meetings-training/243-ares-net.html’

     0K .......... .......... ...                               258K=0.09s

2026-09-25 19:42:54 (258 KB/s) - ‘www.spokares.org/index.php/component/jcalpro/30-regular-meetings-training/243-ares-net.html’ saved [23854]

--2026-09-25 19:42:54--  https://www.spokares.org/index.php/component/jcalpro/30-regular-meetings-training/978-digital-training
Reusing existing connection to www.spokares.org:443.
HTTP request sent, awaiting response... 200 OK
Length: unspecified [text/html]
Saving to: ‘www.spokares.org/index.php/component/jcalpro/30-regular-meetings-training/978-digital-training.html’

     0K .......... .......... ......                            282K=0.1s

2026-09-25 19:42:55 (282 KB/s) - ‘www.spokares.org/index.php/component/jcalpro/30-regular-meetings-training/978-digital-training.html’ saved [27541]

--2026-09-25 19:42:55--  https://www.spokares.org/index.php/component/jcalpro/30-regular-meetings-training/1056-ares-net
Reusing existing connection to www.spokares.org:443.
HTTP request sent, awaiting response... 200 OK
Length: unspecified [text/html]
Saving to: ‘www.spokares.org/index.php/component/jcalpro/30-regular-meetings-training/1056-ares-net.html’

     0K .......... .......... ...                               281K=0.08s

2026-09-25 19:42:55 (281 KB/s) - ‘www.spokares.org/index.php/component/jcalpro/30-regular-meetings-training/1056-ares-net.html’ saved [23864]

--2026-09-25 19:42:56--  https://www.spokares.org/index.php/component/jcalpro/30-regular-meetings-training/61-ares-races-meeting
Reusing existing connection to www.spokares.org:443.
HTTP request sent, awaiting response... 200 OK
Length: unspecified [text/html]
Saving to: ‘www.spokares.org/index.php/component/jcalpro/30-regular-meetings-training/61-ares-races-meeting.html’

     0K .......... .......... ......                            285K=0.09s

2026-09-25 19:42:56 (285 KB/s) - ‘www.spokares.org/index.php/component/jcalpro/30-regular-meetings-training/61-ares-races-meeting.html’ saved [27312]

--2026-09-25 19:42:56--  https://www.spokares.org/index.php/component/jcalpro/30-regular-meetings-training?start=0
Reusing existing connection to www.spokares.org:443.
HTTP request sent, awaiting response... 200 OK
Length: unspecified [text/html]
Saving to: ‘www.spokares.org/index.php/component/jcalpro/30-regular-meetings-training@start=0.html’

     0K .......... .......... .......... .......... ..........  282K
    50K ..........                                             1.27M=0.2s

2026-09-25 19:42:57 (327 KB/s) - ‘www.spokares.org/index.php/component/jcalpro/30-regular-meetings-training@start=0.html’ saved [62054]

--2026-09-25 19:42:57--  https://www.spokares.org/index.php/component/jcalpro/30-regular-meetings-training/1057-ares-net
Reusing existing connection to www.spokares.org:443.
HTTP request sent, awaiting response... 200 OK
Length: unspecified [text/html]
Saving to: ‘www.spokares.org/index.php/component/jcalpro/30-regular-meetings-training/1057-ares-net.html’

     0K .......... .......... ...                               237K=0.1s

2026-09-25 19:42:58 (237 KB/s) - ‘www.spokares.org/index.php/component/jcalpro/30-regular-meetings-training/1057-ares-net.html’ saved [23864]

--2026-09-25 19:42:58--  https://www.spokares.org/index.php/component/jcalpro/30-regular-meetings-training/1058-ares-net
Reusing existing connection to www.spokares.org:443.
HTTP request sent, awaiting response... 200 OK
Length: unspecified [text/html]
Saving to: ‘www.spokares.org/index.php/component/jcalpro/30-regular-meetings-training/1058-ares-net.html’

     0K .......... .......... ...                               272K=0.09s

2026-09-25 19:42:58 (272 KB/s) - ‘www.spokares.org/index.php/component/jcalpro/30-regular-meetings-training/1058-ares-net.html’ saved [23864]

--2026-09-25 19:42:59--  https://www.spokares.org/index.php/component/jcalpro/30-regular-meetings-training/1059-ares-net
Reusing existing connection to www.spokares.org:443.
HTTP request sent, awaiting response... 200 OK
Length: unspecified [text/html]
Saving to: ‘www.spokares.org/index.php/component/jcalpro/30-regular-meetings-training/1059-ares-net.html’

     0K .......... .......... ...                               275K=0.08s

2026-09-25 19:42:59 (275 KB/s) - ‘www.spokares.org/index.php/component/jcalpro/30-regular-meetings-training/1059-ares-net.html’ saved [23862]

--2026-09-25 19:42:59--  https://www.spokares.org/index.php/component/jcalpro/30-regular-meetings-training/979-digital-training
Reusing existing connection to www.spokares.org:443.
HTTP request sent, awaiting response... 200 OK
Length: unspecified [text/html]
Saving to: ‘www.spokares.org/index.php/component/jcalpro/30-regular-meetings-training/979-digital-training.html’

     0K .......... .......... ......                            304K=0.09s

2026-09-25 19:43:00 (304 KB/s) - ‘www.spokares.org/index.php/component/jcalpro/30-regular-meetings-training/979-digital-training.html’ saved [27540]

--2026-09-25 19:43:00--  https://www.spokares.org/index.php/component/jcalpro/30-regular-meetings-training/1060-ares-net
Reusing existing connection to www.spokares.org:443.
HTTP request sent, awaiting response... 200 OK
Length: unspecified [text/html]
Saving to: ‘www.spokares.org/index.php/component/jcalpro/30-regular-meetings-training/1060-ares-net.html’

     0K .......... .......... ...                               172K=0.1s

2026-09-25 19:43:00 (172 KB/s) - ‘www.spokares.org/index.php/component/jcalpro/30-regular-meetings-training/1060-ares-net.html’ saved [23864]

--2026-09-25 19:43:01--  https://www.spokares.org/index.php/component/jcalpro/30-regular-meetings-training/1061-ares-net
Reusing existing connection to www.spokares.org:443.
HTTP request sent, awaiting response... 200 OK
Length: unspecified [text/html]
Saving to: ‘www.spokares.org/index.php/component/jcalpro/30-regular-meetings-training/1061-ares-net.html’

     0K .......... .......... ...                               252K=0.09s

2026-09-25 19:43:01 (252 KB/s) - ‘www.spokares.org/index.php/component/jcalpro/30-regular-meetings-training/1061-ares-net.html’ saved [23864]

--2026-09-25 19:43:01--  https://www.spokares.org/index.php/component/jcalpro/30-regular-meetings-training/1231-ares-races-meeting
Reusing existing connection to www.spokares.org:443.
HTTP request sent, awaiting response... 200 OK
Length: unspecified [text/html]
Saving to: ‘www.spokares.org/index.php/component/jcalpro/30-regular-meetings-training/1231-ares-races-meeting.html’

     0K .......... .......... ......                            315K=0.08s

2026-09-25 19:43:02 (315 KB/s) - ‘www.spokares.org/index.php/component/jcalpro/30-regular-meetings-training/1231-ares-races-meeting.html’ saved [27328]

--2026-09-25 19:43:02--  https://www.spokares.org/index.php/component/jcalpro/30-regular-meetings-training/1062-ares-net
Reusing existing connection to www.spokares.org:443.
HTTP request sent, awaiting response... 200 OK
Length: unspecified [text/html]
Saving to: ‘www.spokares.org/index.php/component/jcalpro/30-regular-meetings-training/1062-ares-net.html’

     0K .......... .......... ...                               266K=0.09s

2026-09-25 19:43:03 (266 KB/s) - ‘www.spokares.org/index.php/component/jcalpro/30-regular-meetings-training/1062-ares-net.html’ saved [23864]

--2026-09-25 19:43:03--  https://www.spokares.org/index.php/component/jcalpro/30-regular-meetings-training/1063-ares-net
Reusing existing connection to www.spokares.org:443.
HTTP request sent, awaiting response... 200 OK
Length: unspecified [text/html]
Saving to: ‘www.spokares.org/index.php/component/jcalpro/30-regular-meetings-training/1063-ares-net.html’

     0K .......... .......... ...                               283K=0.08s

2026-09-25 19:43:03 (283 KB/s) - ‘www.spokares.org/index.php/component/jcalpro/30-regular-meetings-training/1063-ares-net.html’ saved [23862]

--2026-09-25 19:43:03--  https://www.spokares.org/index.php/component/jcalpro/30-regular-meetings-training/1064-ares-net
Reusing existing connection to www.spokares.org:443.
HTTP request sent, awaiting response... 200 OK
Length: unspecified [text/html]
Saving to: ‘www.spokares.org/index.php/component/jcalpro/30-regular-meetings-training/1064-ares-net.html’

     0K .......... .......... ...                               284K=0.08s

2026-09-25 19:43:04 (284 KB/s) - ‘www.spokares.org/index.php/component/jcalpro/30-regular-meetings-training/1064-ares-net.html’ saved [23864]

--2026-09-25 19:43:04--  https://www.spokares.org/index.php/component/jcalpro/30-regular-meetings-training/980-digital-training
Reusing existing connection to www.spokares.org:443.
HTTP request sent, awaiting response... 200 OK
Length: unspecified [text/html]
Saving to: ‘www.spokares.org/index.php/component/jcalpro/30-regular-meetings-training/980-digital-training.html’

     0K .......... .......... ......                            287K=0.09s

2026-09-25 19:43:05 (287 KB/s) - ‘www.spokares.org/index.php/component/jcalpro/30-regular-meetings-training/980-digital-training.html’ saved [27541]

--2026-09-25 19:43:05--  https://www.spokares.org/index.php/component/jcalpro/30-regular-meetings-training/1065-ares-net
Reusing existing connection to www.spokares.org:443.
HTTP request sent, awaiting response... 200 OK
Length: unspecified [text/html]
Saving to: ‘www.spokares.org/index.php/component/jcalpro/30-regular-meetings-training/1065-ares-net.html’

     0K .......... .......... ...                               266K=0.09s

2026-09-25 19:43:05 (266 KB/s) - ‘www.spokares.org/index.php/component/jcalpro/30-regular-meetings-training/1065-ares-net.html’ saved [23864]

--2026-09-25 19:43:06--  https://www.spokares.org/index.php/component/jcalpro/30-regular-meetings-training/1232-ares-races-meeting
Reusing existing connection to www.spokares.org:443.
HTTP request sent, awaiting response... 200 OK
Length: unspecified [text/html]
Saving to: ‘www.spokares.org/index.php/component/jcalpro/30-regular-meetings-training/1232-ares-races-meeting.html’

     0K .......... .......... ......                            266K=0.1s

2026-09-25 19:43:06 (266 KB/s) - ‘www.spokares.org/index.php/component/jcalpro/30-regular-meetings-training/1232-ares-races-meeting.html’ saved [27328]

--2026-09-25 19:43:06--  https://www.spokares.org/index.php/component/jcalpro/30-regular-meetings-training/1066-ares-net
Reusing existing connection to www.spokares.org:443.
HTTP request sent, awaiting response... 200 OK
Length: unspecified [text/html]
Saving to: ‘www.spokares.org/index.php/component/jcalpro/30-regular-meetings-training/1066-ares-net.html’

     0K .......... .......... ...                               336K=0.07s

2026-09-25 19:43:07 (336 KB/s) - ‘www.spokares.org/index.php/component/jcalpro/30-regular-meetings-training/1066-ares-net.html’ saved [23864]

--2026-09-25 19:43:07--  https://www.spokares.org/index.php/component/jcalpro/30-regular-meetings-training/1067-ares-net
Reusing existing connection to www.spokares.org:443.
HTTP request sent, awaiting response... 200 OK
Length: unspecified [text/html]
Saving to: ‘www.spokares.org/index.php/component/jcalpro/30-regular-meetings-training/1067-ares-net.html’

     0K .......... .......... ...                               296K=0.08s

2026-09-25 19:43:07 (296 KB/s) - ‘www.spokares.org/index.php/component/jcalpro/30-regular-meetings-training/1067-ares-net.html’ saved [23864]

--2026-09-25 19:43:08--  https://www.spokares.org/index.php/component/jcalpro/30-regular-meetings-training/1068-ares-net
Reusing existing connection to www.spokares.org:443.
HTTP request sent, awaiting response... 200 OK
Length: unspecified [text/html]
Saving to: ‘www.spokares.org/index.php/component/jcalpro/30-regular-meetings-training/1068-ares-net.html’

     0K .......... .......... ...                               232K=0.1s

2026-09-25 19:43:08 (232 KB/s) - ‘www.spokares.org/index.php/component/jcalpro/30-regular-meetings-training/1068-ares-net.html’ saved [23862]

--2026-09-25 19:43:08--  https://www.spokares.org/index.php/component/jcalpro/30-regular-meetings-training/981-digital-training
Reusing existing connection to www.spokares.org:443.
HTTP request sent, awaiting response... 200 OK
Length: unspecified [text/html]
Saving to: ‘www.spokares.org/index.php/component/jcalpro/30-regular-meetings-training/981-digital-training.html’

     0K .......... .......... ......                            278K=0.1s

2026-09-25 19:43:09 (278 KB/s) - ‘www.spokares.org/index.php/component/jcalpro/30-regular-meetings-training/981-digital-training.html’ saved [27541]

--2026-09-25 19:43:09--  https://www.spokares.org/index.php/component/jcalpro/30-regular-meetings-training/1069-ares-net
Reusing existing connection to www.spokares.org:443.
HTTP request sent, awaiting response... 200 OK
Length: unspecified [text/html]
Saving to: ‘www.spokares.org/index.php/component/jcalpro/30-regular-meetings-training/1069-ares-net.html’

     0K .......... .......... ...                               264K=0.09s

2026-09-25 19:43:09 (264 KB/s) - ‘www.spokares.org/index.php/component/jcalpro/30-regular-meetings-training/1069-ares-net.html’ saved [23864]

--2026-09-25 19:43:10--  https://www.spokares.org/index.php/component/jcalpro/30-regular-meetings-training/1233-ares-races-meeting
Reusing existing connection to www.spokares.org:443.
HTTP request sent, awaiting response... 200 OK
Length: unspecified [text/html]
Saving to: ‘www.spokares.org/index.php/component/jcalpro/30-regular-meetings-training/1233-ares-races-meeting.html’

     0K .......... .......... ......                            297K=0.09s

2026-09-25 19:43:10 (297 KB/s) - ‘www.spokares.org/index.php/component/jcalpro/30-regular-meetings-training/1233-ares-races-meeting.html’ saved [27328]

--2026-09-25 19:43:10--  https://www.spokares.org/index.php/component/jcalpro/30-regular-meetings-training/1070-ares-net
Reusing existing connection to www.spokares.org:443.
HTTP request sent, awaiting response... 200 OK
Length: unspecified [text/html]
Saving to: ‘www.spokares.org/index.php/component/jcalpro/30-regular-meetings-training/1070-ares-net.html’

     0K .......... .......... ...                               286K=0.08s

2026-09-25 19:43:11 (286 KB/s) - ‘www.spokares.org/index.php/component/jcalpro/30-regular-meetings-training/1070-ares-net.html’ saved [23864]

--2026-09-25 19:43:11--  https://www.spokares.org/index.php/component/jcalpro/30-regular-meetings-training/1071-ares-net
Reusing existing connection to www.spokares.org:443.
HTTP request sent, awaiting response... 200 OK
Length: unspecified [text/html]
Saving to: ‘www.spokares.org/index.php/component/jcalpro/30-regular-meetings-training/1071-ares-net.html’

     0K .......... .......... ...                               212K=0.1s

2026-09-25 19:43:11 (212 KB/s) - ‘www.spokares.org/index.php/component/jcalpro/30-regular-meetings-training/1071-ares-net.html’ saved [23864]

--2026-09-25 19:43:12--  https://www.spokares.org/index.php/component/jcalpro/30-regular-meetings-training/1072-ares-net
Reusing existing connection to www.spokares.org:443.
HTTP request sent, awaiting response... 200 OK
Length: unspecified [text/html]
Saving to: ‘www.spokares.org/index.php/component/jcalpro/30-regular-meetings-training/1072-ares-net.html’

     0K .......... .......... ...                               363K=0.06s

2026-09-25 19:43:12 (363 KB/s) - ‘www.spokares.org/index.php/component/jcalpro/30-regular-meetings-training/1072-ares-net.html’ saved [23862]

--2026-09-25 19:43:12--  https://www.spokares.org/index.php/component/jcalpro/30-regular-meetings-training/982-digital-training
Reusing existing connection to www.spokares.org:443.
HTTP request sent, awaiting response... 200 OK
Length: unspecified [text/html]
Saving to: ‘www.spokares.org/index.php/component/jcalpro/30-regular-meetings-training/982-digital-training.html’

     0K .......... .......... ......                            347K=0.08s

2026-09-25 19:43:13 (347 KB/s) - ‘www.spokares.org/index.php/component/jcalpro/30-regular-meetings-training/982-digital-training.html’ saved [27540]

--2026-09-25 19:43:13--  https://www.spokares.org/index.php/component/jcalpro/30-regular-meetings-training/1073-ares-net
Reusing existing connection to www.spokares.org:443.
HTTP request sent, awaiting response... 200 OK
Length: unspecified [text/html]
Saving to: ‘www.spokares.org/index.php/component/jcalpro/30-regular-meetings-training/1073-ares-net.html’

     0K .......... .......... ...                               275K=0.08s

2026-09-25 19:43:13 (275 KB/s) - ‘www.spokares.org/index.php/component/jcalpro/30-regular-meetings-training/1073-ares-net.html’ saved [23864]

--2026-09-25 19:43:14--  https://www.spokares.org/index.php/component/jcalpro/30-regular-meetings-training/1074-ares-net
Reusing existing connection to www.spokares.org:443.
HTTP request sent, awaiting response... 200 OK
Length: unspecified [text/html]
Saving to: ‘www.spokares.org/index.php/component/jcalpro/30-regular-meetings-training/1074-ares-net.html’

     0K .......... .......... ...                               278K=0.08s

2026-09-25 19:43:14 (278 KB/s) - ‘www.spokares.org/index.php/component/jcalpro/30-regular-meetings-training/1074-ares-net.html’ saved [23864]

--2026-09-25 19:43:14--  https://www.spokares.org/index.php/component/jcalpro/30-regular-meetings-training/1234-ares-races-meeting
Reusing existing connection to www.spokares.org:443.
HTTP request sent, awaiting response... 200 OK
Length: unspecified [text/html]
Saving to: ‘www.spokares.org/index.php/component/jcalpro/30-regular-meetings-training/1234-ares-races-meeting.html’

     0K .......... .......... ......                            320K=0.08s

2026-09-25 19:43:15 (320 KB/s) - ‘www.spokares.org/index.php/component/jcalpro/30-regular-meetings-training/1234-ares-races-meeting.html’ saved [27328]

--2026-09-25 19:43:15--  https://www.spokares.org/index.php/component/jcalpro/30-regular-meetings-training/1075-ares-net
Reusing existing connection to www.spokares.org:443.
HTTP request sent, awaiting response... 200 OK
Length: unspecified [text/html]
Saving to: ‘www.spokares.org/index.php/component/jcalpro/30-regular-meetings-training/1075-ares-net.html’

     0K .......... .......... ...                               246K=0.09s

2026-09-25 19:43:15 (246 KB/s) - ‘www.spokares.org/index.php/component/jcalpro/30-regular-meetings-training/1075-ares-net.html’ saved [23864]

--2026-09-25 19:43:16--  https://www.spokares.org/index.php/component/jcalpro/30-regular-meetings-training/1076-ares-net
Reusing existing connection to www.spokares.org:443.
HTTP request sent, awaiting response... 200 OK
Length: unspecified [text/html]
Saving to: ‘www.spokares.org/index.php/component/jcalpro/30-regular-meetings-training/1076-ares-net.html’

     0K .......... .......... ...                               301K=0.08s

2026-09-25 19:43:16 (301 KB/s) - ‘www.spokares.org/index.php/component/jcalpro/30-regular-meetings-training/1076-ares-net.html’ saved [23862]

--2026-09-25 19:43:16--  https://www.spokares.org/index.php/component/jcalpro/30-regular-meetings-training/1077-ares-net
Reusing existing connection to www.spokares.org:443.
HTTP request sent, awaiting response... 200 OK
Length: unspecified [text/html]
Saving to: ‘www.spokares.org/index.php/component/jcalpro/30-regular-meetings-training/1077-ares-net.html’

     0K .......... .......... ...                               286K=0.08s

2026-09-25 19:43:17 (286 KB/s) - ‘www.spokares.org/index.php/component/jcalpro/30-regular-meetings-training/1077-ares-net.html’ saved [23862]

--2026-09-25 19:43:17--  https://www.spokares.org/index.php/component/jcalpro/30-regular-meetings-training/983-digital-training
Reusing existing connection to www.spokares.org:443.
HTTP request sent, awaiting response... 200 OK
Length: unspecified [text/html]
Saving to: ‘www.spokares.org/index.php/component/jcalpro/30-regular-meetings-training/983-digital-training.html’

     0K .......... .......... ......                            273K=0.1s

2026-09-25 19:43:18 (273 KB/s) - ‘www.spokares.org/index.php/component/jcalpro/30-regular-meetings-training/983-digital-training.html’ saved [27541]

--2026-09-25 19:43:18--  https://www.spokares.org/index.php/component/jcalpro/30-regular-meetings-training/1078-ares-net
Reusing existing connection to www.spokares.org:443.
HTTP request sent, awaiting response... 200 OK
Length: unspecified [text/html]
Saving to: ‘www.spokares.org/index.php/component/jcalpro/30-regular-meetings-training/1078-ares-net.html’

     0K .......... .......... ...                               236K=0.1s

2026-09-25 19:43:18 (236 KB/s) - ‘www.spokares.org/index.php/component/jcalpro/30-regular-meetings-training/1078-ares-net.html’ saved [23878]

--2026-09-25 19:43:19--  https://www.spokares.org/index.php/component/jcalpro/30-regular-meetings-training/1235-ares-races-meeting
Reusing existing connection to www.spokares.org:443.
HTTP request sent, awaiting response... 200 OK
Length: unspecified [text/html]
Saving to: ‘www.spokares.org/index.php/component/jcalpro/30-regular-meetings-training/1235-ares-races-meeting.html’

     0K .......... .......... ......                            291K=0.09s

2026-09-25 19:43:19 (291 KB/s) - ‘www.spokares.org/index.php/component/jcalpro/30-regular-meetings-training/1235-ares-races-meeting.html’ saved [27328]

--2026-09-25 19:43:19--  https://www.spokares.org/index.php/component/jcalpro/30-regular-meetings-training/1079-ares-net
Reusing existing connection to www.spokares.org:443.
HTTP request sent, awaiting response... 200 OK
Length: unspecified [text/html]
Saving to: ‘www.spokares.org/index.php/component/jcalpro/30-regular-meetings-training/1079-ares-net.html’

     0K .......... .......... ...                               291K=0.08s

2026-09-25 19:43:20 (291 KB/s) - ‘www.spokares.org/index.php/component/jcalpro/30-regular-meetings-training/1079-ares-net.html’ saved [23880]

--2026-09-25 19:43:20--  https://www.spokares.org/index.php/component/jcalpro/30-regular-meetings-training/1080-ares-net
Reusing existing connection to www.spokares.org:443.
HTTP request sent, awaiting response... 200 OK
Length: unspecified [text/html]
Saving to: ‘www.spokares.org/index.php/component/jcalpro/30-regular-meetings-training/1080-ares-net.html’

     0K .......... .......... ...                               231K=0.1s

2026-09-25 19:43:20 (231 KB/s) - ‘www.spokares.org/index.php/component/jcalpro/30-regular-meetings-training/1080-ares-net.html’ saved [24086]

--2026-09-25 19:43:21--  https://www.spokares.org/index.php/component/jcalpro/30-regular-meetings-training/1081-ares-net
Reusing existing connection to www.spokares.org:443.
HTTP request sent, awaiting response... 200 OK
Length: unspecified [text/html]
Saving to: ‘www.spokares.org/index.php/component/jcalpro/30-regular-meetings-training/1081-ares-net.html’

     0K .......... .......... ...                               276K=0.08s

2026-09-25 19:43:21 (276 KB/s) - ‘www.spokares.org/index.php/component/jcalpro/30-regular-meetings-training/1081-ares-net.html’ saved [23862]

--2026-09-25 19:43:21--  https://www.spokares.org/index.php/component/jcalpro/30-regular-meetings-training/984-digital-training
Reusing existing connection to www.spokares.org:443.
HTTP request sent, awaiting response... 200 OK
Length: unspecified [text/html]
Saving to: ‘www.spokares.org/index.php/component/jcalpro/30-regular-meetings-training/984-digital-training.html’

     0K .......... .......... ......                            273K=0.1s

2026-09-25 19:43:22 (273 KB/s) - ‘www.spokares.org/index.php/component/jcalpro/30-regular-meetings-training/984-digital-training.html’ saved [27541]

--2026-09-25 19:43:22--  https://www.spokares.org/index.php/component/jcalpro/30-regular-meetings-training/1082-ares-net
Reusing existing connection to www.spokares.org:443.
HTTP request sent, awaiting response... 200 OK
Length: unspecified [text/html]
Saving to: ‘www.spokares.org/index.php/component/jcalpro/30-regular-meetings-training/1082-ares-net.html’

     0K .......... .......... ...                               284K=0.08s

2026-09-25 19:43:22 (284 KB/s) - ‘www.spokares.org/index.php/component/jcalpro/30-regular-meetings-training/1082-ares-net.html’ saved [23864]

--2026-09-25 19:43:23--  https://www.spokares.org/index.php/component/jcalpro/30-regular-meetings-training/1236-ares-races-meeting
Reusing existing connection to www.spokares.org:443.
HTTP request sent, awaiting response... 200 OK
Length: unspecified [text/html]
Saving to: ‘www.spokares.org/index.php/component/jcalpro/30-regular-meetings-training/1236-ares-races-meeting.html’

     0K .......... .......... ......                            293K=0.09s

2026-09-25 19:43:23 (293 KB/s) - ‘www.spokares.org/index.php/component/jcalpro/30-regular-meetings-training/1236-ares-races-meeting.html’ saved [27328]

--2026-09-25 19:43:23--  https://www.spokares.org/index.php/component/jcalpro/30-regular-meetings-training/1083-ares-net
Reusing existing connection to www.spokares.org:443.
HTTP request sent, awaiting response... 200 OK
Length: unspecified [text/html]
Saving to: ‘www.spokares.org/index.php/component/jcalpro/30-regular-meetings-training/1083-ares-net.html’

     0K .......... .......... ...                               284K=0.08s

2026-09-25 19:43:24 (284 KB/s) - ‘www.spokares.org/index.php/component/jcalpro/30-regular-meetings-training/1083-ares-net.html’ saved [23864]

--2026-09-25 19:43:24--  https://www.spokares.org/index.php/component/jcalpro/30-regular-meetings-training/1084-ares-net
Reusing existing connection to www.spokares.org:443.
HTTP request sent, awaiting response... 200 OK
Length: unspecified [text/html]
Saving to: ‘www.spokares.org/index.php/component/jcalpro/30-regular-meetings-training/1084-ares-net.html’

     0K .......... .......... ...                               226K=0.1s

2026-09-25 19:43:24 (226 KB/s) - ‘www.spokares.org/index.php/component/jcalpro/30-regular-meetings-training/1084-ares-net.html’ saved [23864]

--2026-09-25 19:43:25--  https://www.spokares.org/index.php/component/jcalpro/30-regular-meetings-training/1085-ares-net
Reusing existing connection to www.spokares.org:443.
HTTP request sent, awaiting response... 200 OK
Length: unspecified [text/html]
Saving to: ‘www.spokares.org/index.php/component/jcalpro/30-regular-meetings-training/1085-ares-net.html’

     0K .......... .......... ...                              44.0K=0.5s

2026-09-25 19:43:26 (44.0 KB/s) - ‘www.spokares.org/index.php/component/jcalpro/30-regular-meetings-training/1085-ares-net.html’ saved [23862]

--2026-09-25 19:43:26--  https://www.spokares.org/index.php/component/jcalpro/30-regular-meetings-training/985-digital-training
Reusing existing connection to www.spokares.org:443.
HTTP request sent, awaiting response... 200 OK
Length: unspecified [text/html]
Saving to: ‘www.spokares.org/index.php/component/jcalpro/30-regular-meetings-training/985-digital-training.html’

     0K .......... .......... ......                            298K=0.09s

2026-09-25 19:43:26 (298 KB/s) - ‘www.spokares.org/index.php/component/jcalpro/30-regular-meetings-training/985-digital-training.html’ saved [27540]

--2026-09-25 19:43:26--  https://www.spokares.org/index.php/component/jcalpro/30-regular-meetings-training/1086-ares-net
Reusing existing connection to www.spokares.org:443.
HTTP request sent, awaiting response... 200 OK
Length: unspecified [text/html]
Saving to: ‘www.spokares.org/index.php/component/jcalpro/30-regular-meetings-training/1086-ares-net.html’

     0K .......... .......... ...                               365K=0.06s

2026-09-25 19:43:27 (365 KB/s) - ‘www.spokares.org/index.php/component/jcalpro/30-regular-meetings-training/1086-ares-net.html’ saved [23864]

--2026-09-25 19:43:27--  https://www.spokares.org/index.php/component/jcalpro/30-regular-meetings-training/1087-ares-net
Reusing existing connection to www.spokares.org:443.
HTTP request sent, awaiting response... 200 OK
Length: unspecified [text/html]
Saving to: ‘www.spokares.org/index.php/component/jcalpro/30-regular-meetings-training/1087-ares-net.html’

     0K .......... .......... ...                               252K=0.09s

2026-09-25 19:43:28 (252 KB/s) - ‘www.spokares.org/index.php/component/jcalpro/30-regular-meetings-training/1087-ares-net.html’ saved [23864]

--2026-09-25 19:43:28--  https://www.spokares.org/index.php/component/jcalpro/30-regular-meetings-training/1237-ares-races-meeting
Reusing existing connection to www.spokares.org:443.
HTTP request sent, awaiting response... 200 OK
Length: unspecified [text/html]
Saving to: ‘www.spokares.org/index.php/component/jcalpro/30-regular-meetings-training/1237-ares-races-meeting.html’

     0K .......... .......... ......                            332K=0.08s

2026-09-25 19:43:28 (332 KB/s) - ‘www.spokares.org/index.php/component/jcalpro/30-regular-meetings-training/1237-ares-races-meeting.html’ saved [27328]

--2026-09-25 19:43:29--  https://www.spokares.org/index.php/component/jcalpro/30-regular-meetings-training/1088-ares-net
Reusing existing connection to www.spokares.org:443.
HTTP request sent, awaiting response... 200 OK
Length: unspecified [text/html]
Saving to: ‘www.spokares.org/index.php/component/jcalpro/30-regular-meetings-training/1088-ares-net.html’

     0K .......... .......... ...                               274K=0.08s

2026-09-25 19:43:29 (274 KB/s) - ‘www.spokares.org/index.php/component/jcalpro/30-regular-meetings-training/1088-ares-net.html’ saved [23864]

--2026-09-25 19:43:29--  https://www.spokares.org/index.php/component/jcalpro/30-regular-meetings-training/1089-ares-net
Reusing existing connection to www.spokares.org:443.
HTTP request sent, awaiting response... 200 OK
Length: unspecified [text/html]
Saving to: ‘www.spokares.org/index.php/component/jcalpro/30-regular-meetings-training/1089-ares-net.html’

     0K .......... .......... ...                               216K=0.1s

2026-09-25 19:43:30 (216 KB/s) - ‘www.spokares.org/index.php/component/jcalpro/30-regular-meetings-training/1089-ares-net.html’ saved [23862]

--2026-09-25 19:43:30--  https://www.spokares.org/index.php/component/jcalpro/30-regular-meetings-training/1090-ares-net
Reusing existing connection to www.spokares.org:443.
HTTP request sent, awaiting response... 200 OK
Length: unspecified [text/html]
Saving to: ‘www.spokares.org/index.php/component/jcalpro/30-regular-meetings-training/1090-ares-net.html’

     0K .......... .......... ...                               256K=0.09s

2026-09-25 19:43:31 (256 KB/s) - ‘www.spokares.org/index.php/component/jcalpro/30-regular-meetings-training/1090-ares-net.html’ saved [23862]

--2026-09-25 19:43:31--  https://www.spokares.org/index.php/component/jcalpro/30-regular-meetings-training/986-digital-training
Reusing existing connection to www.spokares.org:443.
HTTP request sent, awaiting response... 200 OK
Length: unspecified [text/html]
Saving to: ‘www.spokares.org/index.php/component/jcalpro/30-regular-meetings-training/986-digital-training.html’

     0K .......... .......... ......                            283K=0.1s

2026-09-25 19:43:31 (283 KB/s) - ‘www.spokares.org/index.php/component/jcalpro/30-regular-meetings-training/986-digital-training.html’ saved [27541]

--2026-09-25 19:43:31--  https://www.spokares.org/index.php/component/jcalpro/30-regular-meetings-training/1091-ares-net
Reusing existing connection to www.spokares.org:443.
HTTP request sent, awaiting response... 200 OK
Length: unspecified [text/html]
Saving to: ‘www.spokares.org/index.php/component/jcalpro/30-regular-meetings-training/1091-ares-net.html’

     0K .......... .......... ...                               241K=0.1s

2026-09-25 19:43:32 (241 KB/s) - ‘www.spokares.org/index.php/component/jcalpro/30-regular-meetings-training/1091-ares-net.html’ saved [23864]

--2026-09-25 19:43:32--  https://www.spokares.org/index.php/component/jcalpro/30-regular-meetings-training/1238-ares-races-meeting
Reusing existing connection to www.spokares.org:443.
HTTP request sent, awaiting response... 200 OK
Length: unspecified [text/html]
Saving to: ‘www.spokares.org/index.php/component/jcalpro/30-regular-meetings-training/1238-ares-races-meeting.html’

     0K .......... .......... ......                            270K=0.1s

2026-09-25 19:43:32 (270 KB/s) - ‘www.spokares.org/index.php/component/jcalpro/30-regular-meetings-training/1238-ares-races-meeting.html’ saved [27328]

--2026-09-25 19:43:33--  https://www.spokares.org/index.php/component/jcalpro/30-regular-meetings-training/1092-ares-net
Reusing existing connection to www.spokares.org:443.
HTTP request sent, awaiting response... 200 OK
Length: unspecified [text/html]
Saving to: ‘www.spokares.org/index.php/component/jcalpro/30-regular-meetings-training/1092-ares-net.html’

     0K .......... .......... ...                               279K=0.08s

2026-09-25 19:43:33 (279 KB/s) - ‘www.spokares.org/index.php/component/jcalpro/30-regular-meetings-training/1092-ares-net.html’ saved [23864]

--2026-09-25 19:43:33--  https://www.spokares.org/index.php/component/jcalpro/30-regular-meetings-training/1093-ares-net
Reusing existing connection to www.spokares.org:443.
HTTP request sent, awaiting response... 200 OK
Length: unspecified [text/html]
Saving to: ‘www.spokares.org/index.php/component/jcalpro/30-regular-meetings-training/1093-ares-net.html’

     0K .......... .......... ...                               284K=0.08s

2026-09-25 19:43:34 (284 KB/s) - ‘www.spokares.org/index.php/component/jcalpro/30-regular-meetings-training/1093-ares-net.html’ saved [23864]

--2026-09-25 19:43:34--  https://www.spokares.org/index.php/component/jcalpro/30-regular-meetings-training/1094-ares-net
Reusing existing connection to www.spokares.org:443.
HTTP request sent, awaiting response... 200 OK
Length: unspecified [text/html]
Saving to: ‘www.spokares.org/index.php/component/jcalpro/30-regular-meetings-training/1094-ares-net.html’

     0K .......... .......... ...                               295K=0.08s

2026-09-25 19:43:34 (295 KB/s) - ‘www.spokares.org/index.php/component/jcalpro/30-regular-meetings-training/1094-ares-net.html’ saved [23862]

--2026-09-25 19:43:35--  https://www.spokares.org/index.php/component/jcalpro/30-regular-meetings-training/987-digital-training
Reusing existing connection to www.spokares.org:443.
HTTP request sent, awaiting response... 200 OK
Length: unspecified [text/html]
Saving to: ‘www.spokares.org/index.php/component/jcalpro/30-regular-meetings-training/987-digital-training.html’

     0K .......... .......... ......                            275K=0.1s

2026-09-25 19:43:35 (275 KB/s) - ‘www.spokares.org/index.php/component/jcalpro/30-regular-meetings-training/987-digital-training.html’ saved [27541]

--2026-09-25 19:43:35--  https://www.spokares.org/index.php/component/jcalpro/30-regular-meetings-training/1095-ares-net
Reusing existing connection to www.spokares.org:443.
HTTP request sent, awaiting response... 200 OK
Length: unspecified [text/html]
Saving to: ‘www.spokares.org/index.php/component/jcalpro/30-regular-meetings-training/1095-ares-net.html’

     0K .......... .......... ...                               281K=0.08s

2026-09-25 19:43:36 (281 KB/s) - ‘www.spokares.org/index.php/component/jcalpro/30-regular-meetings-training/1095-ares-net.html’ saved [23864]

--2026-09-25 19:43:36--  https://www.spokares.org/index.php/component/jcalpro/30-regular-meetings-training/1239-ares-races-meeting
Reusing existing connection to www.spokares.org:443.
HTTP request sent, awaiting response... 200 OK
Length: unspecified [text/html]
Saving to: ‘www.spokares.org/index.php/component/jcalpro/30-regular-meetings-training/1239-ares-races-meeting.html’

     0K .......... .......... ......                            300K=0.09s

2026-09-25 19:43:36 (300 KB/s) - ‘www.spokares.org/index.php/component/jcalpro/30-regular-meetings-training/1239-ares-races-meeting.html’ saved [27328]

--2026-09-25 19:43:37--  https://www.spokares.org/index.php/component/jcalpro/30-regular-meetings-training/1096-ares-net
Reusing existing connection to www.spokares.org:443.
HTTP request sent, awaiting response... 200 OK
Length: unspecified [text/html]
Saving to: ‘www.spokares.org/index.php/component/jcalpro/30-regular-meetings-training/1096-ares-net.html’

     0K .......... .......... ...                               291K=0.08s

2026-09-25 19:43:37 (291 KB/s) - ‘www.spokares.org/index.php/component/jcalpro/30-regular-meetings-training/1096-ares-net.html’ saved [23864]

--2026-09-25 19:43:37--  https://www.spokares.org/index.php/component/jcalpro/30-regular-meetings-training/1097-ares-net
Reusing existing connection to www.spokares.org:443.
HTTP request sent, awaiting response... 200 OK
Length: unspecified [text/html]
Saving to: ‘www.spokares.org/index.php/component/jcalpro/30-regular-meetings-training/1097-ares-net.html’

     0K .......... .......... ...                               316K=0.07s

2026-09-25 19:43:38 (316 KB/s) - ‘www.spokares.org/index.php/component/jcalpro/30-regular-meetings-training/1097-ares-net.html’ saved [23864]

--2026-09-25 19:43:38--  https://www.spokares.org/index.php/component/jcalpro/30-regular-meetings-training/1098-ares-net
Reusing existing connection to www.spokares.org:443.
HTTP request sent, awaiting response... 200 OK
Length: unspecified [text/html]
Saving to: ‘www.spokares.org/index.php/component/jcalpro/30-regular-meetings-training/1098-ares-net.html’

     0K .......... .......... ...                               250K=0.09s

2026-09-25 19:43:38 (250 KB/s) - ‘www.spokares.org/index.php/component/jcalpro/30-regular-meetings-training/1098-ares-net.html’ saved [23862]

--2026-09-25 19:43:38--  https://www.spokares.org/index.php/component/jcalpro/27-weekly-net-controllers/240-ke7rap
Reusing existing connection to www.spokares.org:443.
HTTP request sent, awaiting response... 200 OK
Length: unspecified [text/html]
Saving to: ‘www.spokares.org/index.php/component/jcalpro/27-weekly-net-controllers/240-ke7rap.html’

     0K .......... .......... ......                            281K=0.09s

2026-09-25 19:43:39 (281 KB/s) - ‘www.spokares.org/index.php/component/jcalpro/27-weekly-net-controllers/240-ke7rap.html’ saved [26756]

--2026-09-25 19:43:39--  https://www.spokares.org/index.php/component/jcalpro/27-weekly-net-controllers/180-wa7dgi
Reusing existing connection to www.spokares.org:443.
HTTP request sent, awaiting response... 200 OK
Length: unspecified [text/html]
Saving to: ‘www.spokares.org/index.php/component/jcalpro/27-weekly-net-controllers/180-wa7dgi.html’

     0K .......... .......... ......                            258K=0.1s

2026-09-25 19:43:40 (258 KB/s) - ‘www.spokares.org/index.php/component/jcalpro/27-weekly-net-controllers/180-wa7dgi.html’ saved [26756]

--2026-09-25 19:43:40--  https://www.spokares.org/index.php/component/jcalpro/27-weekly-net-controllers/623-w7tsc
Reusing existing connection to www.spokares.org:443.
HTTP request sent, awaiting response... 200 OK
Length: unspecified [text/html]
Saving to: ‘www.spokares.org/index.php/component/jcalpro/27-weekly-net-controllers/623-w7tsc.html’

     0K .......... .......... ......                            287K=0.09s

2026-09-25 19:43:40 (287 KB/s) - ‘www.spokares.org/index.php/component/jcalpro/27-weekly-net-controllers/623-w7tsc.html’ saved [26749]

--2026-09-25 19:43:41--  https://www.spokares.org/index.php/component/jcalpro/27-weekly-net-controllers/241-w7tsc
Reusing existing connection to www.spokares.org:443.
HTTP request sent, awaiting response... 200 OK
Length: unspecified [text/html]
Saving to: ‘www.spokares.org/index.php/component/jcalpro/27-weekly-net-controllers/241-w7tsc.html’

     0K .......... .......... ......                            321K=0.08s

2026-09-25 19:43:41 (321 KB/s) - ‘www.spokares.org/index.php/component/jcalpro/27-weekly-net-controllers/241-w7tsc.html’ saved [26749]

--2026-09-25 19:43:41--  http://spokares.org/index.php/about/ares-races-leadership/2-uncategorised/61-ham-radio-forms-a-planet-sized-space-weather-sensor-network
Connecting to spokares.org (spokares.org)|70.39.146.166|:80... connected.
HTTP request sent, awaiting response... 200 OK
Length: unspecified [text/html]
Saving to: ‘spokares.org/index.php/about/ares-races-leadership/2-uncategorised/61-ham-radio-forms-a-planet-sized-space-weather-sensor-network.html’

     0K .......... .......... ....                              246K=0.1s

2026-09-25 19:44:01 (246 KB/s) - ‘spokares.org/index.php/about/ares-races-leadership/2-uncategorised/61-ham-radio-forms-a-planet-sized-space-weather-sensor-network.html’ saved [25491]

--2026-09-25 19:44:02--  http://spokares.org/index.php/about/ares-races-leadership/2-uncategorised/25-mentor-programs
Reusing existing connection to spokares.org:80.
HTTP request sent, awaiting response... 200 OK
Length: unspecified [text/html]
Saving to: ‘spokares.org/index.php/about/ares-races-leadership/2-uncategorised/25-mentor-programs.html’

     0K .......... .......... ....                              175K=0.1s

2026-09-25 19:44:02 (175 KB/s) - ‘spokares.org/index.php/about/ares-races-leadership/2-uncategorised/25-mentor-programs.html’ saved [25158]

--2026-09-25 19:44:02--  http://spokares.org/index.php/about/amateur-code/2-uncategorised/61-ham-radio-forms-a-planet-sized-space-weather-sensor-network
Reusing existing connection to spokares.org:80.
HTTP request sent, awaiting response... 200 OK
Length: unspecified [text/html]
Saving to: ‘spokares.org/index.php/about/amateur-code/2-uncategorised/61-ham-radio-forms-a-planet-sized-space-weather-sensor-network.html’

     0K .......... .......... ....                              292K=0.08s

2026-09-25 19:44:03 (292 KB/s) - ‘spokares.org/index.php/about/amateur-code/2-uncategorised/61-ham-radio-forms-a-planet-sized-space-weather-sensor-network.html’ saved [25389]

--2026-09-25 19:44:03--  http://spokares.org/index.php/about/amateur-code/2-uncategorised/25-mentor-programs
Reusing existing connection to spokares.org:80.
HTTP request sent, awaiting response... 200 OK
Length: unspecified [text/html]
Saving to: ‘spokares.org/index.php/about/amateur-code/2-uncategorised/25-mentor-programs.html’

     0K .......... .......... ....                              333K=0.07s

2026-09-25 19:44:03 (333 KB/s) - ‘spokares.org/index.php/about/amateur-code/2-uncategorised/25-mentor-programs.html’ saved [25056]

--2026-09-25 19:44:03--  http://spokares.org/index.php/about/w7gbu-history/2-uncategorised/61-ham-radio-forms-a-planet-sized-space-weather-sensor-network
Reusing existing connection to spokares.org:80.
HTTP request sent, awaiting response... 200 OK
Length: unspecified [text/html]
Saving to: ‘spokares.org/index.php/about/w7gbu-history/2-uncategorised/61-ham-radio-forms-a-planet-sized-space-weather-sensor-network.html’

     0K .......... .......... ....                              198K=0.1s

2026-09-25 19:44:04 (198 KB/s) - ‘spokares.org/index.php/about/w7gbu-history/2-uncategorised/61-ham-radio-forms-a-planet-sized-space-weather-sensor-network.html’ saved [25399]

--2026-09-25 19:44:04--  http://spokares.org/index.php/about/w7gbu-history/2-uncategorised/25-mentor-programs
Reusing existing connection to spokares.org:80.
HTTP request sent, awaiting response... 200 OK
Length: unspecified [text/html]
Saving to: ‘spokares.org/index.php/about/w7gbu-history/2-uncategorised/25-mentor-programs.html’

     0K .......... .......... ....                              275K=0.09s

2026-09-25 19:44:04 (275 KB/s) - ‘spokares.org/index.php/about/w7gbu-history/2-uncategorised/25-mentor-programs.html’ saved [25066]

--2026-09-25 19:44:05--  http://spokares.org/index.php/about/meeting-location/2-uncategorised/61-ham-radio-forms-a-planet-sized-space-weather-sensor-network
Reusing existing connection to spokares.org:80.
HTTP request sent, awaiting response... 200 OK
Length: unspecified [text/html]
Saving to: ‘spokares.org/index.php/about/meeting-location/2-uncategorised/61-ham-radio-forms-a-planet-sized-space-weather-sensor-network.html’

     0K .......... .......... ....                              210K=0.1s

2026-09-25 19:44:05 (210 KB/s) - ‘spokares.org/index.php/about/meeting-location/2-uncategorised/61-ham-radio-forms-a-planet-sized-space-weather-sensor-network.html’ saved [25433]

--2026-09-25 19:44:05--  http://spokares.org/index.php/about/meeting-location/2-uncategorised/25-mentor-programs
Reusing existing connection to spokares.org:80.
HTTP request sent, awaiting response... 200 OK
Length: unspecified [text/html]
Saving to: ‘spokares.org/index.php/about/meeting-location/2-uncategorised/25-mentor-programs.html’

     0K .......... .......... ....                              199K=0.1s

2026-09-25 19:44:06 (199 KB/s) - ‘spokares.org/index.php/about/meeting-location/2-uncategorised/25-mentor-programs.html’ saved [25100]

--2026-09-25 19:44:06--  http://spokares.org/index.php/operations/incident-command-system/2-uncategorised/61-ham-radio-forms-a-planet-sized-space-weather-sensor-network
Reusing existing connection to spokares.org:80.
HTTP request sent, awaiting response... 200 OK
Length: unspecified [text/html]
Saving to: ‘spokares.org/index.php/operations/incident-command-system/2-uncategorised/61-ham-radio-forms-a-planet-sized-space-weather-sensor-network.html’

     0K .......... .......... ....                              247K=0.1s

2026-09-25 19:44:06 (247 KB/s) - ‘spokares.org/index.php/operations/incident-command-system/2-uncategorised/61-ham-radio-forms-a-planet-sized-space-weather-sensor-network.html’ saved [25576]

--2026-09-25 19:44:07--  http://spokares.org/index.php/operations/incident-command-system/2-uncategorised/25-mentor-programs
Reusing existing connection to spokares.org:80.
HTTP request sent, awaiting response... 200 OK
Length: unspecified [text/html]
Saving to: ‘spokares.org/index.php/operations/incident-command-system/2-uncategorised/25-mentor-programs.html’

     0K .......... .......... ....                              295K=0.08s

2026-09-25 19:44:07 (295 KB/s) - ‘spokares.org/index.php/operations/incident-command-system/2-uncategorised/25-mentor-programs.html’ saved [25243]

--2026-09-25 19:44:07--  http://spokares.org/index.php/operations/status-codes/2-uncategorised/61-ham-radio-forms-a-planet-sized-space-weather-sensor-network
Reusing existing connection to spokares.org:80.
HTTP request sent, awaiting response... 200 OK
Length: unspecified [text/html]
Saving to: ‘spokares.org/index.php/operations/status-codes/2-uncategorised/61-ham-radio-forms-a-planet-sized-space-weather-sensor-network.html’

     0K .......... .......... ....                              209K=0.1s

2026-09-25 19:44:08 (209 KB/s) - ‘spokares.org/index.php/operations/status-codes/2-uncategorised/61-ham-radio-forms-a-planet-sized-space-weather-sensor-network.html’ saved [25438]

--2026-09-25 19:44:08--  http://spokares.org/index.php/operations/status-codes/2-uncategorised/25-mentor-programs
Reusing existing connection to spokares.org:80.
HTTP request sent, awaiting response... 200 OK
Length: unspecified [text/html]
Saving to: ‘spokares.org/index.php/operations/status-codes/2-uncategorised/25-mentor-programs.html’

     0K .......... .......... ....                              213K=0.1s

2026-09-25 19:44:09 (213 KB/s) - ‘spokares.org/index.php/operations/status-codes/2-uncategorised/25-mentor-programs.html’ saved [25109]

--2026-09-25 19:44:09--  http://spokares.org/index.php/operations/skywarn-weather-spotting/2-uncategorised/61-ham-radio-forms-a-planet-sized-space-weather-sensor-network
Reusing existing connection to spokares.org:80.
HTTP request sent, awaiting response... 200 OK
Length: unspecified [text/html]
Saving to: ‘spokares.org/index.php/operations/skywarn-weather-spotting/2-uncategorised/61-ham-radio-forms-a-planet-sized-space-weather-sensor-network.html’

     0K .......... .......... ....                              207K=0.1s

2026-09-25 19:44:09 (207 KB/s) - ‘spokares.org/index.php/operations/skywarn-weather-spotting/2-uncategorised/61-ham-radio-forms-a-planet-sized-space-weather-sensor-network.html’ saved [25590]

--2026-09-25 19:44:09--  http://spokares.org/index.php/operations/skywarn-weather-spotting/2-uncategorised/25-mentor-programs
Reusing existing connection to spokares.org:80.
HTTP request sent, awaiting response... 200 OK
Length: unspecified [text/html]
Saving to: ‘spokares.org/index.php/operations/skywarn-weather-spotting/2-uncategorised/25-mentor-programs.html’

     0K .......... .......... ....                              236K=0.1s

2026-09-25 19:44:10 (236 KB/s) - ‘spokares.org/index.php/operations/skywarn-weather-spotting/2-uncategorised/25-mentor-programs.html’ saved [25261]

--2026-09-25 19:44:10--  http://spokares.org/index.php/membership/amateur-training/2-uncategorised/61-ham-radio-forms-a-planet-sized-space-weather-sensor-network
Reusing existing connection to spokares.org:80.
HTTP request sent, awaiting response... 200 OK
Length: unspecified [text/html]
Saving to: ‘spokares.org/index.php/membership/amateur-training/2-uncategorised/61-ham-radio-forms-a-planet-sized-space-weather-sensor-network.html’

     0K .......... .......... ....                              201K=0.1s

2026-09-25 19:44:10 (201 KB/s) - ‘spokares.org/index.php/membership/amateur-training/2-uncategorised/61-ham-radio-forms-a-planet-sized-space-weather-sensor-network.html’ saved [25486]

--2026-09-25 19:44:11--  http://spokares.org/index.php/membership/amateur-training/2-uncategorised/25-mentor-programs
Reusing existing connection to spokares.org:80.
HTTP request sent, awaiting response... 200 OK
Length: unspecified [text/html]
Saving to: ‘spokares.org/index.php/membership/amateur-training/2-uncategorised/25-mentor-programs.html’

     0K .......... .......... ....                              163K=0.2s

2026-09-25 19:44:11 (163 KB/s) - ‘spokares.org/index.php/membership/amateur-training/2-uncategorised/25-mentor-programs.html’ saved [25153]

--2026-09-25 19:44:11--  http://spokares.org/index.php/membership/ham-radio-links/2-uncategorised/61-ham-radio-forms-a-planet-sized-space-weather-sensor-network
Reusing existing connection to spokares.org:80.
HTTP request sent, awaiting response... 200 OK
Length: unspecified [text/html]
Saving to: ‘spokares.org/index.php/membership/ham-radio-links/2-uncategorised/61-ham-radio-forms-a-planet-sized-space-weather-sensor-network.html’

     0K .......... .......... ....                              212K=0.1s

2026-09-25 19:44:12 (212 KB/s) - ‘spokares.org/index.php/membership/ham-radio-links/2-uncategorised/61-ham-radio-forms-a-planet-sized-space-weather-sensor-network.html’ saved [25472]

--2026-09-25 19:44:12--  http://spokares.org/index.php/membership/ham-radio-links/2-uncategorised/25-mentor-programs
Reusing existing connection to spokares.org:80.
HTTP request sent, awaiting response... 200 OK
Length: unspecified [text/html]
Saving to: ‘spokares.org/index.php/membership/ham-radio-links/2-uncategorised/25-mentor-programs.html’

     0K .......... .......... ....                              216K=0.1s

2026-09-25 19:44:12 (216 KB/s) - ‘spokares.org/index.php/membership/ham-radio-links/2-uncategorised/25-mentor-programs.html’ saved [25143]

--2026-09-25 19:44:13--  http://spokares.org/index.php/contact/welcome-letter/2-uncategorised/61-ham-radio-forms-a-planet-sized-space-weather-sensor-network
Reusing existing connection to spokares.org:80.
HTTP request sent, awaiting response... 200 OK
Length: unspecified [text/html]
Saving to: ‘spokares.org/index.php/contact/welcome-letter/2-uncategorised/61-ham-radio-forms-a-planet-sized-space-weather-sensor-network.html’

     0K .......... .......... ....                              228K=0.1s

2026-09-25 19:44:13 (228 KB/s) - ‘spokares.org/index.php/contact/welcome-letter/2-uncategorised/61-ham-radio-forms-a-planet-sized-space-weather-sensor-network.html’ saved [25479]

--2026-09-25 19:44:13--  http://spokares.org/index.php/contact/welcome-letter/2-uncategorised/25-mentor-programs
Reusing existing connection to spokares.org:80.
HTTP request sent, awaiting response... 200 OK
Length: unspecified [text/html]
Saving to: ‘spokares.org/index.php/contact/welcome-letter/2-uncategorised/25-mentor-programs.html’

     0K .......... .......... ....                              198K=0.1s

2026-09-25 19:44:14 (198 KB/s) - ‘spokares.org/index.php/contact/welcome-letter/2-uncategorised/25-mentor-programs.html’ saved [25146]

--2026-09-25 19:44:14--  http://spokares.org/index.php/contact/join-ares-races/2-uncategorised/61-ham-radio-forms-a-planet-sized-space-weather-sensor-network
Reusing existing connection to spokares.org:80.
HTTP request sent, awaiting response... 200 OK
Length: unspecified [text/html]
Saving to: ‘spokares.org/index.php/contact/join-ares-races/2-uncategorised/61-ham-radio-forms-a-planet-sized-space-weather-sensor-network.html’

     0K .......... .......... ....                              152K=0.2s

2026-09-25 19:44:15 (152 KB/s) - ‘spokares.org/index.php/contact/join-ares-races/2-uncategorised/61-ham-radio-forms-a-planet-sized-space-weather-sensor-network.html’ saved [25445]

--2026-09-25 19:44:15--  http://spokares.org/index.php/contact/join-ares-races/2-uncategorised/25-mentor-programs
Reusing existing connection to spokares.org:80.
HTTP request sent, awaiting response... 200 OK
Length: unspecified [text/html]
Saving to: ‘spokares.org/index.php/contact/join-ares-races/2-uncategorised/25-mentor-programs.html’

     0K .......... .......... ....                              267K=0.09s

2026-09-25 19:44:15 (267 KB/s) - ‘spokares.org/index.php/contact/join-ares-races/2-uncategorised/25-mentor-programs.html’ saved [25116]

--2026-09-25 19:44:15--  http://spokares.org/index.php/component/jcalpro/27-weekly-net-controllers/1612-kk7sab
Reusing existing connection to spokares.org:80.
HTTP request sent, awaiting response... 200 OK
Length: unspecified [text/html]
Saving to: ‘spokares.org/index.php/component/jcalpro/27-weekly-net-controllers/1612-kk7sab.html’

     0K .......... .......... ..                                241K=0.09s

2026-09-25 19:44:16 (241 KB/s) - ‘spokares.org/index.php/component/jcalpro/27-weekly-net-controllers/1612-kk7sab.html’ saved [23211]

--2026-09-25 19:44:16--  http://spokares.org/media/com_jcalpro/images/events/icon-event-onedate.gif
Reusing existing connection to spokares.org:80.
HTTP request sent, awaiting response... 200 OK
Length: 102 [image/gif]
Saving to: ‘spokares.org/media/com_jcalpro/images/events/icon-event-onedate.gif’

     0K                                                       100% 32.4M=0s

2026-09-25 19:44:16 (32.4 MB/s) - ‘spokares.org/media/com_jcalpro/images/events/icon-event-onedate.gif’ saved [102/102]

--2026-09-25 19:44:16--  http://spokares.org/index.php/component/jcalpro/27-weekly-net-controllers/1609-ae7rj
Reusing existing connection to spokares.org:80.
HTTP request sent, awaiting response... 200 OK
Length: unspecified [text/html]
Saving to: ‘spokares.org/index.php/component/jcalpro/27-weekly-net-controllers/1609-ae7rj.html’

     0K .......... .......... ..                                233K=0.1s

2026-09-25 19:44:17 (233 KB/s) - ‘spokares.org/index.php/component/jcalpro/27-weekly-net-controllers/1609-ae7rj.html’ saved [23205]

--2026-09-25 19:44:17--  http://spokares.org/index.php/component/jcalpro/27-weekly-net-controllers/1610-wa7lnc
Reusing existing connection to spokares.org:80.
HTTP request sent, awaiting response... 200 OK
Length: unspecified [text/html]
Saving to: ‘spokares.org/index.php/component/jcalpro/27-weekly-net-controllers/1610-wa7lnc.html’

     0K .......... .......... ..                                165K=0.1s

2026-09-25 19:44:17 (165 KB/s) - ‘spokares.org/index.php/component/jcalpro/27-weekly-net-controllers/1610-wa7lnc.html’ saved [23212]

--2026-09-25 19:44:18--  http://spokares.org/index.php/component/jcalpro/27-weekly-net-controllers/1611-ke7rap
Reusing existing connection to spokares.org:80.
HTTP request sent, awaiting response... 200 OK
Length: unspecified [text/html]
Saving to: ‘spokares.org/index.php/component/jcalpro/27-weekly-net-controllers/1611-ke7rap.html’

     0K .......... .......... ..                                223K=0.1s

2026-09-25 19:44:18 (223 KB/s) - ‘spokares.org/index.php/component/jcalpro/27-weekly-net-controllers/1611-ke7rap.html’ saved [23212]

--2026-09-25 19:44:18--  http://spokares.org/index.php/component/jcalpro/28-upcoming-exercises/638-5th-saturday-exercise-2018-march-31
Reusing existing connection to spokares.org:80.
HTTP request sent, awaiting response... 200 OK
Length: unspecified [text/html]
Saving to: ‘spokares.org/index.php/component/jcalpro/28-upcoming-exercises/638-5th-saturday-exercise-2018-march-31.html’

     0K .......... .......... ...                               208K=0.1s

2026-09-25 19:44:18 (208 KB/s) - ‘spokares.org/index.php/component/jcalpro/28-upcoming-exercises/638-5th-saturday-exercise-2018-march-31.html’ saved [23601]

--2026-09-25 19:44:19--  http://spokares.org/index.php/component/jcalpro/28-upcoming-exercises/820-eoc-to-eoc-5th-saturday-exercise-march-2019
Reusing existing connection to spokares.org:80.
HTTP request sent, awaiting response... 200 OK
Length: unspecified [text/html]
Saving to: ‘spokares.org/index.php/component/jcalpro/28-upcoming-exercises/820-eoc-to-eoc-5th-saturday-exercise-march-2019.html’

     0K .......... .......... ..                                251K=0.09s

2026-09-25 19:44:19 (251 KB/s) - ‘spokares.org/index.php/component/jcalpro/28-upcoming-exercises/820-eoc-to-eoc-5th-saturday-exercise-march-2019.html’ saved [23400]

--2026-09-25 19:44:20--  http://spokares.org/index.php/component/jcalpro/28-upcoming-exercises/1009-kootenai-county-exercise
Reusing existing connection to spokares.org:80.
HTTP request sent, awaiting response... 200 OK
Length: unspecified [text/html]
Saving to: ‘spokares.org/index.php/component/jcalpro/28-upcoming-exercises/1009-kootenai-county-exercise.html’

     0K .......... .......... ..                                199K=0.1s

2026-09-25 19:44:20 (199 KB/s) - ‘spokares.org/index.php/component/jcalpro/28-upcoming-exercises/1009-kootenai-county-exercise.html’ saved [23352]

--2026-09-25 19:44:20--  http://spokares.org/index.php/component/jcalpro/28-upcoming-exercises/1010-quarterly-exercise-all-members
Reusing existing connection to spokares.org:80.
HTTP request sent, awaiting response... 200 OK
Length: unspecified [text/html]
Saving to: ‘spokares.org/index.php/component/jcalpro/28-upcoming-exercises/1010-quarterly-exercise-all-members.html’

     0K .......... .......... ..                                209K=0.1s

2026-09-25 19:44:21 (209 KB/s) - ‘spokares.org/index.php/component/jcalpro/28-upcoming-exercises/1010-quarterly-exercise-all-members.html’ saved [23334]

--2026-09-25 19:44:21--  http://spokares.org/index.php/component/jcalpro/28-upcoming-exercises/1011-quarterly-exercise-hazard-city-deployment
Reusing existing connection to spokares.org:80.
HTTP request sent, awaiting response... 200 OK
Length: unspecified [text/html]
Saving to: ‘spokares.org/index.php/component/jcalpro/28-upcoming-exercises/1011-quarterly-exercise-hazard-city-deployment.html’

     0K .......... .......... ...                               189K=0.1s

2026-09-25 19:44:21 (189 KB/s) - ‘spokares.org/index.php/component/jcalpro/28-upcoming-exercises/1011-quarterly-exercise-hazard-city-deployment.html’ saved [23847]

--2026-09-25 19:44:21--  http://spokares.org/index.php/component/jcalpro/28-upcoming-exercises/1341-stimulated-exercise-test-set
Reusing existing connection to spokares.org:80.
HTTP request sent, awaiting response... 200 OK
Length: unspecified [text/html]
Saving to: ‘spokares.org/index.php/component/jcalpro/28-upcoming-exercises/1341-stimulated-exercise-test-set.html’

     0K .......... .......... ..                                216K=0.1s

2026-09-25 19:44:22 (216 KB/s) - ‘spokares.org/index.php/component/jcalpro/28-upcoming-exercises/1341-stimulated-exercise-test-set.html’ saved [23323]

--2026-09-25 19:44:22--  http://spokares.org/index.php/component/jcalpro/28-upcoming-exercises/1389-rockford-exercise
Reusing existing connection to spokares.org:80.
HTTP request sent, awaiting response... 200 OK
Length: unspecified [text/html]
Saving to: ‘spokares.org/index.php/component/jcalpro/28-upcoming-exercises/1389-rockford-exercise.html’

     0K .......... .......... ..                                231K=0.1s

2026-09-25 19:44:22 (231 KB/s) - ‘spokares.org/index.php/component/jcalpro/28-upcoming-exercises/1389-rockford-exercise.html’ saved [23252]

--2026-09-25 19:44:23--  http://spokares.org/index.php/component/jcalpro/29-qualifications-training/650-helicopter-training
Reusing existing connection to spokares.org:80.
HTTP request sent, awaiting response... 200 OK
Length: unspecified [text/html]
Saving to: ‘spokares.org/index.php/component/jcalpro/29-qualifications-training/650-helicopter-training.html’

     0K .......... .......... .......                           271K=0.1s

2026-09-25 19:44:23 (271 KB/s) - ‘spokares.org/index.php/component/jcalpro/29-qualifications-training/650-helicopter-training.html’ saved [28249]

--2026-09-25 19:44:23--  http://spokares.org/index.php/component/jcalpro/30-regular-meetings-training/1-digital-training
Reusing existing connection to spokares.org:80.
HTTP request sent, awaiting response... 200 OK
Length: unspecified [text/html]
Saving to: ‘spokares.org/index.php/component/jcalpro/30-regular-meetings-training/1-digital-training.html’

     0K .......... .......... ......                            208K=0.1s

2026-09-25 19:44:24 (208 KB/s) - ‘spokares.org/index.php/component/jcalpro/30-regular-meetings-training/1-digital-training.html’ saved [27460]

--2026-09-25 19:44:24--  http://spokares.org/index.php/component/jcalpro/30-regular-meetings-training/950-digital-training
Reusing existing connection to spokares.org:80.
HTTP request sent, awaiting response... 200 OK
Length: unspecified [text/html]
Saving to: ‘spokares.org/index.php/component/jcalpro/30-regular-meetings-training/950-digital-training.html’

     0K .......... .......... ......                            190K=0.1s

2026-09-25 19:44:25 (190 KB/s) - ‘spokares.org/index.php/component/jcalpro/30-regular-meetings-training/950-digital-training.html’ saved [27475]

--2026-09-25 19:44:25--  http://spokares.org/index.php/component/jcalpro/30-regular-meetings-training/951-digital-training
Reusing existing connection to spokares.org:80.
HTTP request sent, awaiting response... 200 OK
Length: unspecified [text/html]
Saving to: ‘spokares.org/index.php/component/jcalpro/30-regular-meetings-training/951-digital-training.html’

     0K .......... .......... ......                            213K=0.1s

2026-09-25 19:44:25 (213 KB/s) - ‘spokares.org/index.php/component/jcalpro/30-regular-meetings-training/951-digital-training.html’ saved [27476]

--2026-09-25 19:44:26--  http://spokares.org/index.php/component/jcalpro/30-regular-meetings-training/952-digital-training
Reusing existing connection to spokares.org:80.
HTTP request sent, awaiting response... 200 OK
Length: unspecified [text/html]
Saving to: ‘spokares.org/index.php/component/jcalpro/30-regular-meetings-training/952-digital-training.html’

     0K .......... .......... ......                            257K=0.1s

2026-09-25 19:44:26 (257 KB/s) - ‘spokares.org/index.php/component/jcalpro/30-regular-meetings-training/952-digital-training.html’ saved [27476]

--2026-09-25 19:44:26--  http://spokares.org/index.php/component/jcalpro/30-regular-meetings-training/953-digital-training
Reusing existing connection to spokares.org:80.
HTTP request sent, awaiting response... 200 OK
Length: unspecified [text/html]
Saving to: ‘spokares.org/index.php/component/jcalpro/30-regular-meetings-training/953-digital-training.html’

     0K .......... .......... ......                            188K=0.1s

2026-09-25 19:44:27 (188 KB/s) - ‘spokares.org/index.php/component/jcalpro/30-regular-meetings-training/953-digital-training.html’ saved [27475]

--2026-09-25 19:44:27--  http://spokares.org/index.php/component/jcalpro/30-regular-meetings-training/954-digital-training
Reusing existing connection to spokares.org:80.
HTTP request sent, awaiting response... 200 OK
Length: unspecified [text/html]
Saving to: ‘spokares.org/index.php/component/jcalpro/30-regular-meetings-training/954-digital-training.html’

     0K .......... .......... ......                            211K=0.1s

2026-09-25 19:44:28 (211 KB/s) - ‘spokares.org/index.php/component/jcalpro/30-regular-meetings-training/954-digital-training.html’ saved [27476]

--2026-09-25 19:44:28--  http://spokares.org/index.php/component/jcalpro/30-regular-meetings-training/567-ares-races-meeting
Reusing existing connection to spokares.org:80.
HTTP request sent, awaiting response... 200 OK
Length: unspecified [text/html]
Saving to: ‘spokares.org/index.php/component/jcalpro/30-regular-meetings-training/567-ares-races-meeting.html’

     0K .......... .......... .......                           200K=0.1s

2026-09-25 19:44:28 (200 KB/s) - ‘spokares.org/index.php/component/jcalpro/30-regular-meetings-training/567-ares-races-meeting.html’ saved [27725]

--2026-09-25 19:44:28--  http://spokares.org/index.php/component/jcalpro/30-regular-meetings-training/509-digital-training
Reusing existing connection to spokares.org:80.
HTTP request sent, awaiting response... 200 OK
Length: unspecified [text/html]
Saving to: ‘spokares.org/index.php/component/jcalpro/30-regular-meetings-training/509-digital-training.html’

     0K .......... .......... ......                            250K=0.1s

2026-09-25 19:44:29 (250 KB/s) - ‘spokares.org/index.php/component/jcalpro/30-regular-meetings-training/509-digital-training.html’ saved [27602]

--2026-09-25 19:44:29--  http://spokares.org/index.php/component/jcalpro/30-regular-meetings-training/955-digital-training
Reusing existing connection to spokares.org:80.
HTTP request sent, awaiting response... 200 OK
Length: unspecified [text/html]
Saving to: ‘spokares.org/index.php/component/jcalpro/30-regular-meetings-training/955-digital-training.html’

     0K .......... .......... ......                            237K=0.1s

2026-09-25 19:44:30 (237 KB/s) - ‘spokares.org/index.php/component/jcalpro/30-regular-meetings-training/955-digital-training.html’ saved [27476]

--2026-09-25 19:44:30--  http://spokares.org/index.php/component/jcalpro/30-regular-meetings-training/956-digital-training
Reusing existing connection to spokares.org:80.
HTTP request sent, awaiting response... 200 OK
Length: unspecified [text/html]
Saving to: ‘spokares.org/index.php/component/jcalpro/30-regular-meetings-training/956-digital-training.html’

     0K .......... .......... ......                            227K=0.1s

2026-09-25 19:44:31 (227 KB/s) - ‘spokares.org/index.php/component/jcalpro/30-regular-meetings-training/956-digital-training.html’ saved [27476]

--2026-09-25 19:44:31--  http://spokares.org/index.php/component/jcalpro/30-regular-meetings-training/957-digital-training
Reusing existing connection to spokares.org:80.
HTTP request sent, awaiting response... 200 OK
Length: unspecified [text/html]
Saving to: ‘spokares.org/index.php/component/jcalpro/30-regular-meetings-training/957-digital-training.html’

     0K .......... .......... ......                            240K=0.1s

2026-09-25 19:44:31 (240 KB/s) - ‘spokares.org/index.php/component/jcalpro/30-regular-meetings-training/957-digital-training.html’ saved [27476]

--2026-09-25 19:44:32--  http://spokares.org/index.php/component/jcalpro/30-regular-meetings-training/958-digital-training
Reusing existing connection to spokares.org:80.
HTTP request sent, awaiting response... 200 OK
Length: unspecified [text/html]
Saving to: ‘spokares.org/index.php/component/jcalpro/30-regular-meetings-training/958-digital-training.html’

     0K .......... .......... ......                            200K=0.1s

2026-09-25 19:44:32 (200 KB/s) - ‘spokares.org/index.php/component/jcalpro/30-regular-meetings-training/958-digital-training.html’ saved [27476]

--2026-09-25 19:44:32--  http://spokares.org/index.php/component/jcalpro/30-regular-meetings-training/959-digital-training
Reusing existing connection to spokares.org:80.
HTTP request sent, awaiting response... 200 OK
Length: unspecified [text/html]
Saving to: ‘spokares.org/index.php/component/jcalpro/30-regular-meetings-training/959-digital-training.html’

     0K .......... .......... ......                            230K=0.1s

2026-09-25 19:44:33 (230 KB/s) - ‘spokares.org/index.php/component/jcalpro/30-regular-meetings-training/959-digital-training.html’ saved [27475]

--2026-09-25 19:44:33--  http://spokares.org/index.php/component/jcalpro/30-regular-meetings-training/960-digital-training
Reusing existing connection to spokares.org:80.
HTTP request sent, awaiting response... 200 OK
Length: unspecified [text/html]
Saving to: ‘spokares.org/index.php/component/jcalpro/30-regular-meetings-training/960-digital-training.html’

     0K .......... .......... ......                            243K=0.1s

2026-09-25 19:44:33 (243 KB/s) - ‘spokares.org/index.php/component/jcalpro/30-regular-meetings-training/960-digital-training.html’ saved [27476]

--2026-09-25 19:44:34--  http://spokares.org/index.php/component/jcalpro/30-regular-meetings-training/961-digital-training
Reusing existing connection to spokares.org:80.
HTTP request sent, awaiting response... 200 OK
Length: unspecified [text/html]
Saving to: ‘spokares.org/index.php/component/jcalpro/30-regular-meetings-training/961-digital-training.html’

     0K .......... .......... ......                            243K=0.1s

2026-09-25 19:44:34 (243 KB/s) - ‘spokares.org/index.php/component/jcalpro/30-regular-meetings-training/961-digital-training.html’ saved [27476]

--2026-09-25 19:44:34--  http://spokares.org/index.php/component/jcalpro/30-regular-meetings-training/962-digital-training
Reusing existing connection to spokares.org:80.
HTTP request sent, awaiting response... 200 OK
Length: unspecified [text/html]
Saving to: ‘spokares.org/index.php/component/jcalpro/30-regular-meetings-training/962-digital-training.html’

     0K .......... .......... ......                            287K=0.09s

2026-09-25 19:44:35 (287 KB/s) - ‘spokares.org/index.php/component/jcalpro/30-regular-meetings-training/962-digital-training.html’ saved [27475]

--2026-09-25 19:44:35--  http://spokares.org/index.php/component/jcalpro/30-regular-meetings-training/963-digital-training
Reusing existing connection to spokares.org:80.
HTTP request sent, awaiting response... 200 OK
Length: unspecified [text/html]
Saving to: ‘spokares.org/index.php/component/jcalpro/30-regular-meetings-training/963-digital-training.html’

     0K .......... .......... ......                            279K=0.1s

2026-09-25 19:44:35 (279 KB/s) - ‘spokares.org/index.php/component/jcalpro/30-regular-meetings-training/963-digital-training.html’ saved [27476]

--2026-09-25 19:44:36--  http://spokares.org/index.php/component/jcalpro/30-regular-meetings-training/964-digital-training
Reusing existing connection to spokares.org:80.
HTTP request sent, awaiting response... 200 OK
Length: unspecified [text/html]
Saving to: ‘spokares.org/index.php/component/jcalpro/30-regular-meetings-training/964-digital-training.html’

     0K .......... .......... ......                            206K=0.1s

2026-09-25 19:44:36 (206 KB/s) - ‘spokares.org/index.php/component/jcalpro/30-regular-meetings-training/964-digital-training.html’ saved [27476]

--2026-09-25 19:44:36--  http://spokares.org/index.php/component/jcalpro/30-regular-meetings-training/965-digital-training
Reusing existing connection to spokares.org:80.
HTTP request sent, awaiting response... 200 OK
Length: unspecified [text/html]
Saving to: ‘spokares.org/index.php/component/jcalpro/30-regular-meetings-training/965-digital-training.html’

     0K .......... .......... ......                            218K=0.1s

2026-09-25 19:44:37 (218 KB/s) - ‘spokares.org/index.php/component/jcalpro/30-regular-meetings-training/965-digital-training.html’ saved [27475]

--2026-09-25 19:44:37--  http://spokares.org/index.php/component/jcalpro/30-regular-meetings-training/966-digital-training
Reusing existing connection to spokares.org:80.
HTTP request sent, awaiting response... 200 OK
Length: unspecified [text/html]
Saving to: ‘spokares.org/index.php/component/jcalpro/30-regular-meetings-training/966-digital-training.html’

     0K .......... .......... ......                            241K=0.1s

2026-09-25 19:44:37 (241 KB/s) - ‘spokares.org/index.php/component/jcalpro/30-regular-meetings-training/966-digital-training.html’ saved [27476]

--2026-09-25 19:44:38--  http://spokares.org/index.php/component/jcalpro/30-regular-meetings-training?start=20
Reusing existing connection to spokares.org:80.
HTTP request sent, awaiting response... 200 OK
Length: unspecified [text/html]
Saving to: ‘spokares.org/index.php/component/jcalpro/30-regular-meetings-training@start=20.html’

     0K .......... .......... .......... .......... ..........  256K
    50K .........                                               401K=0.2s

2026-09-25 19:44:38 (272 KB/s) - ‘spokares.org/index.php/component/jcalpro/30-regular-meetings-training@start=20.html’ saved [60989]

--2026-09-25 19:44:39--  http://spokares.org/index.php/component/jcalpro/30-regular-meetings-training?start=40
Reusing existing connection to spokares.org:80.
HTTP request sent, awaiting response... 200 OK
Length: unspecified [text/html]
Saving to: ‘spokares.org/index.php/component/jcalpro/30-regular-meetings-training@start=40.html’

     0K .......... .......... .......... .......... .........   261K=0.2s

2026-09-25 19:44:39 (261 KB/s) - ‘spokares.org/index.php/component/jcalpro/30-regular-meetings-training@start=40.html’ saved [50656]

--2026-09-25 19:44:39--  http://spokares.org/index.php/component/jcalpro/30-regular-meetings-training?start=60
Reusing existing connection to spokares.org:80.
HTTP request sent, awaiting response... 200 OK
Length: unspecified [text/html]
Saving to: ‘spokares.org/index.php/component/jcalpro/30-regular-meetings-training@start=60.html’

     0K .......... .......... .......... .......... .........   259K=0.2s

2026-09-25 19:44:40 (259 KB/s) - ‘spokares.org/index.php/component/jcalpro/30-regular-meetings-training@start=60.html’ saved [50837]

--2026-09-25 19:44:40--  http://spokares.org/index.php/component/jcalpro/30-regular-meetings-training?start=80
Reusing existing connection to spokares.org:80.
HTTP request sent, awaiting response... 200 OK
Length: unspecified [text/html]
Saving to: ‘spokares.org/index.php/component/jcalpro/30-regular-meetings-training@start=80.html’

     0K .......... .......... .......... .......... .........   254K=0.2s

2026-09-25 19:44:41 (254 KB/s) - ‘spokares.org/index.php/component/jcalpro/30-regular-meetings-training@start=80.html’ saved [50684]

--2026-09-25 19:44:41--  http://spokares.org/index.php/component/jcalpro/31-other-events/631-qrp-day-on-the-noontime-net
Reusing existing connection to spokares.org:80.
HTTP request sent, awaiting response... 200 OK
Length: unspecified [text/html]
Saving to: ‘spokares.org/index.php/component/jcalpro/31-other-events/631-qrp-day-on-the-noontime-net.html’

     0K .......... .......... ...                               606K=0.04s

2026-09-25 19:44:41 (606 KB/s) - ‘spokares.org/index.php/component/jcalpro/31-other-events/631-qrp-day-on-the-noontime-net.html’ saved [23770]

--2026-09-25 19:44:42--  http://spokares.org/index.php/component/jcalpro/31-other-events/651-field-day-2018
Reusing existing connection to spokares.org:80.
HTTP request sent, awaiting response... 200 OK
Length: unspecified [text/html]
Saving to: ‘spokares.org/index.php/component/jcalpro/31-other-events/651-field-day-2018.html’

     0K .......... .......... ..                                384K=0.06s

2026-09-25 19:44:42 (384 KB/s) - ‘spokares.org/index.php/component/jcalpro/31-other-events/651-field-day-2018.html’ saved [23331]

--2026-09-25 19:44:42--  http://spokares.org/index.php/component/jcalpro/31-other-events/1013-spokane-hamfest-university-high-school
Reusing existing connection to spokares.org:80.
HTTP request sent, awaiting response... 200 OK
Length: unspecified [text/html]
Saving to: ‘spokares.org/index.php/component/jcalpro/31-other-events/1013-spokane-hamfest-university-high-school.html’

     0K .......... .......... ..                                513K=0.04s

2026-09-25 19:44:43 (513 KB/s) - ‘spokares.org/index.php/component/jcalpro/31-other-events/1013-spokane-hamfest-university-high-school.html’ saved [23347]

--2026-09-25 19:44:43--  http://spokares.org/index.php/component/jcalpro/31-other-events/1014-valleyfest
Reusing existing connection to spokares.org:80.
HTTP request sent, awaiting response... 200 OK
Length: unspecified [text/html]
Saving to: ‘spokares.org/index.php/component/jcalpro/31-other-events/1014-valleyfest.html’

     0K .......... .......... ..                                131K=0.2s

2026-09-25 19:44:43 (131 KB/s) - ‘spokares.org/index.php/component/jcalpro/31-other-events/1014-valleyfest.html’ saved [23193]

--2026-09-25 19:44:44--  http://spokares.org/index.php/component/jcalpro/31-other-events/1012-skywarn-recognition-day
Reusing existing connection to spokares.org:80.
HTTP request sent, awaiting response... 200 OK
Length: unspecified [text/html]
Saving to: ‘spokares.org/index.php/component/jcalpro/31-other-events/1012-skywarn-recognition-day.html’

     0K .......... .......... ..                                148K=0.2s

2026-09-25 19:44:44 (148 KB/s) - ‘spokares.org/index.php/component/jcalpro/31-other-events/1012-skywarn-recognition-day.html’ saved [23390]

--2026-09-25 19:44:44--  http://spokares.org/index.php/component/jcalpro/41-wsen-monday-night-net-control/1028-w7hee
Reusing existing connection to spokares.org:80.
HTTP request sent, awaiting response... 200 OK
Length: unspecified [text/html]
Saving to: ‘spokares.org/index.php/component/jcalpro/41-wsen-monday-night-net-control/1028-w7hee.html’

     0K .......... .......... ..                               87.7K=0.3s

2026-09-25 19:44:45 (87.7 KB/s) - ‘spokares.org/index.php/component/jcalpro/41-wsen-monday-night-net-control/1028-w7hee.html’ saved [23288]

--2026-09-25 19:44:45--  http://spokares.org/index.php/component/jcalpro/41-wsen-monday-night-net-control/1033-w7hee
Reusing existing connection to spokares.org:80.
HTTP request sent, awaiting response... 200 OK
Length: unspecified [text/html]
Saving to: ‘spokares.org/index.php/component/jcalpro/41-wsen-monday-night-net-control/1033-w7hee.html’

     0K .......... .......... ..                               44.0K=0.5s

2026-09-25 19:44:46 (44.0 KB/s) - ‘spokares.org/index.php/component/jcalpro/41-wsen-monday-night-net-control/1033-w7hee.html’ saved [23250]

--2026-09-25 19:44:47--  http://spokares.org/index.php/component/jcalpro/41-wsen-monday-night-net-control/1029-spokane-tbd
Reusing existing connection to spokares.org:80.
HTTP request sent, awaiting response... 200 OK
Length: unspecified [text/html]
Saving to: ‘spokares.org/index.php/component/jcalpro/41-wsen-monday-night-net-control/1029-spokane-tbd.html’

     0K .......... .......... ..                               43.3K=0.5s

2026-09-25 19:44:47 (43.3 KB/s) - ‘spokares.org/index.php/component/jcalpro/41-wsen-monday-night-net-control/1029-spokane-tbd.html’ saved [23311]

--2026-09-25 19:44:48--  http://spokares.org/index.php/component/jcalpro/41-wsen-monday-night-net-control/1032-spokane-tbd
Reusing existing connection to spokares.org:80.
HTTP request sent, awaiting response... 200 OK
Length: unspecified [text/html]
Saving to: ‘spokares.org/index.php/component/jcalpro/41-wsen-monday-night-net-control/1032-spokane-tbd.html’

     0K .......... .......... ..                               60.1K=0.4s

2026-09-25 19:44:48 (60.1 KB/s) - ‘spokares.org/index.php/component/jcalpro/41-wsen-monday-night-net-control/1032-spokane-tbd.html’ saved [23277]

--2026-09-25 19:44:49--  http://spokares.org/index.php/component/jcalpro/41-wsen-monday-night-net-control/1030-tbd
Reusing existing connection to spokares.org:80.
HTTP request sent, awaiting response... 200 OK
Length: unspecified [text/html]
Saving to: ‘spokares.org/index.php/component/jcalpro/41-wsen-monday-night-net-control/1030-tbd.html’

     0K .......... .......... ..                               57.8K=0.4s

2026-09-25 19:44:49 (57.8 KB/s) - ‘spokares.org/index.php/component/jcalpro/41-wsen-monday-night-net-control/1030-tbd.html’ saved [23245]

--2026-09-25 19:44:50--  http://spokares.org/index.php/component/jcalpro/41-wsen-monday-night-net-control/1031-walla-walla-tbd
Reusing existing connection to spokares.org:80.
HTTP request sent, awaiting response... 200 OK
Length: unspecified [text/html]
Saving to: ‘spokares.org/index.php/component/jcalpro/41-wsen-monday-night-net-control/1031-walla-walla-tbd.html’

     0K .......... .......... ..                               66.4K=0.3s

2026-09-25 19:44:50 (66.4 KB/s) - ‘spokares.org/index.php/component/jcalpro/41-wsen-monday-night-net-control/1031-walla-walla-tbd.html’ saved [23321]

--2026-09-25 19:44:50--  http://spokares.org/index.php/component/jcalpro/42-wsen-district-9-net-control/1039-stevens-county-wd7k
Reusing existing connection to spokares.org:80.
HTTP request sent, awaiting response... 200 OK
Length: unspecified [text/html]
Saving to: ‘spokares.org/index.php/component/jcalpro/42-wsen-district-9-net-control/1039-stevens-county-wd7k.html’

     0K .......... .......... ..                                111K=0.2s

2026-09-25 19:44:51 (111 KB/s) - ‘spokares.org/index.php/component/jcalpro/42-wsen-district-9-net-control/1039-stevens-county-wd7k.html’ saved [23322]

--2026-09-25 19:44:51--  http://spokares.org/index.php/component/jcalpro/42-wsen-district-9-net-control/1040-tbd
Reusing existing connection to spokares.org:80.
HTTP request sent, awaiting response... 200 OK
Length: unspecified [text/html]
Saving to: ‘spokares.org/index.php/component/jcalpro/42-wsen-district-9-net-control/1040-tbd.html’

     0K .......... .......... ..                               70.9K=0.3s

2026-09-25 19:44:52 (70.9 KB/s) - ‘spokares.org/index.php/component/jcalpro/42-wsen-district-9-net-control/1040-tbd.html’ saved [23223]

--2026-09-25 19:44:52--  http://spokares.org/index.php/component/jcalpro/42-wsen-district-9-net-control/1041-spokane-w7tsc
Reusing existing connection to spokares.org:80.
HTTP request sent, awaiting response... 200 OK
Length: unspecified [text/html]
Saving to: ‘spokares.org/index.php/component/jcalpro/42-wsen-district-9-net-control/1041-spokane-w7tsc.html’

     0K .......... .......... ..                                113K=0.2s

2026-09-25 19:44:52 (113 KB/s) - ‘spokares.org/index.php/component/jcalpro/42-wsen-district-9-net-control/1041-spokane-w7tsc.html’ saved [23287]

--2026-09-25 19:44:53--  http://spokares.org/index.php/component/jcalpro/42-wsen-district-9-net-control/1042-stevens-tbd
Reusing existing connection to spokares.org:80.
HTTP request sent, awaiting response... 200 OK
Length: unspecified [text/html]
Saving to: ‘spokares.org/index.php/component/jcalpro/42-wsen-district-9-net-control/1042-stevens-tbd.html’

     0K .......... .......... ..                                128K=0.2s

2026-09-25 19:44:53 (128 KB/s) - ‘spokares.org/index.php/component/jcalpro/42-wsen-district-9-net-control/1042-stevens-tbd.html’ saved [23275]

--2026-09-25 19:44:53--  http://spokares.org/index.php/component/jcalpro/location/1-spokane-fire-training-center
Reusing existing connection to spokares.org:80.
HTTP request sent, awaiting response... 200 OK
Length: unspecified [text/html]
Saving to: ‘spokares.org/index.php/component/jcalpro/location/1-spokane-fire-training-center.html’

     0K .......... .......... .......... .                      132K=0.2s

2026-09-25 19:44:54 (132 KB/s) - ‘spokares.org/index.php/component/jcalpro/location/1-spokane-fire-training-center.html’ saved [32191]

--2026-09-25 19:44:54--  http://spokares.org/index.php/component/jcalpro/27-weekly-net-controllers/644-need-volunteer
Reusing existing connection to spokares.org:80.
HTTP request sent, awaiting response... 200 OK
Length: unspecified [text/html]
Saving to: ‘spokares.org/index.php/component/jcalpro/27-weekly-net-controllers/644-need-volunteer.html’

     0K .......... .......... ..                                206K=0.1s

2026-09-25 19:44:55 (206 KB/s) - ‘spokares.org/index.php/component/jcalpro/27-weekly-net-controllers/644-need-volunteer.html’ saved [23234]

--2026-09-25 19:44:55--  http://spokares.org/index.php/component/jcalpro/27-weekly-net-controllers/645-w7hee
Reusing existing connection to spokares.org:80.
HTTP request sent, awaiting response... 200 OK
Length: unspecified [text/html]
Saving to: ‘spokares.org/index.php/component/jcalpro/27-weekly-net-controllers/645-w7hee.html’

     0K .......... .......... ..                                306K=0.07s

2026-09-25 19:44:55 (306 KB/s) - ‘spokares.org/index.php/component/jcalpro/27-weekly-net-controllers/645-w7hee.html’ saved [23198]

--2026-09-25 19:44:56--  http://spokares.org/index.php/component/jcalpro/27-weekly-net-controllers/646-n7mcb
Reusing existing connection to spokares.org:80.
HTTP request sent, awaiting response... 200 OK
Length: unspecified [text/html]
Saving to: ‘spokares.org/index.php/component/jcalpro/27-weekly-net-controllers/646-n7mcb.html’

     0K .......... .......... ......                            329K=0.08s

2026-09-25 19:44:56 (329 KB/s) - ‘spokares.org/index.php/component/jcalpro/27-weekly-net-controllers/646-n7mcb.html’ saved [26684]

--2026-09-25 19:44:57--  http://spokares.org/index.php/component/jcalpro/27-weekly-net-controllers/647-kg7rrg
Reusing existing connection to spokares.org:80.
HTTP request sent, awaiting response... 200 OK
Length: unspecified [text/html]
Saving to: ‘spokares.org/index.php/component/jcalpro/27-weekly-net-controllers/647-kg7rrg.html’

     0K .......... .......... ..                                118K=0.2s

2026-09-25 19:44:57 (118 KB/s) - ‘spokares.org/index.php/component/jcalpro/27-weekly-net-controllers/647-kg7rrg.html’ saved [23204]

--2026-09-25 19:44:57--  http://spokares.org/index.php/component/jcalpro/27-weekly-net-controllers/648-ke7rap
Reusing existing connection to spokares.org:80.
HTTP request sent, awaiting response... 200 OK
Length: unspecified [text/html]
Saving to: ‘spokares.org/index.php/component/jcalpro/27-weekly-net-controllers/648-ke7rap.html’

     0K .......... .......... ......                            157K=0.2s

2026-09-25 19:44:58 (157 KB/s) - ‘spokares.org/index.php/component/jcalpro/27-weekly-net-controllers/648-ke7rap.html’ saved [26691]

--2026-09-25 19:44:58--  http://spokares.org/index.php/component/jcalpro/27-weekly-net-controllers/649-ag7ig
Reusing existing connection to spokares.org:80.
HTTP request sent, awaiting response... 200 OK
Length: unspecified [text/html]
Saving to: ‘spokares.org/index.php/component/jcalpro/27-weekly-net-controllers/649-ag7ig.html’

     0K .......... .......... ......                            186K=0.1s

2026-09-25 19:44:59 (186 KB/s) - ‘spokares.org/index.php/component/jcalpro/27-weekly-net-controllers/649-ag7ig.html’ saved [26685]

--2026-09-25 19:44:59--  http://spokares.org/index.php/component/jcalpro/27-weekly-net-controllers/652-n7mcb
Reusing existing connection to spokares.org:80.
HTTP request sent, awaiting response... 200 OK
Length: unspecified [text/html]
Saving to: ‘spokares.org/index.php/component/jcalpro/27-weekly-net-controllers/652-n7mcb.html’

     0K .......... .......... ..                                360K=0.06s

2026-09-25 19:44:59 (360 KB/s) - ‘spokares.org/index.php/component/jcalpro/27-weekly-net-controllers/652-n7mcb.html’ saved [23197]

--2026-09-25 19:44:59--  http://spokares.org/index.php/component/jcalpro/27-weekly-net-controllers/653-ad7dd
Reusing existing connection to spokares.org:80.
HTTP request sent, awaiting response... 200 OK
Length: unspecified [text/html]
Saving to: ‘spokares.org/index.php/component/jcalpro/27-weekly-net-controllers/653-ad7dd.html’

     0K .......... .......... ..                                215K=0.1s

2026-09-25 19:45:00 (215 KB/s) - ‘spokares.org/index.php/component/jcalpro/27-weekly-net-controllers/653-ad7dd.html’ saved [23198]

--2026-09-25 19:45:00--  http://spokares.org/index.php/component/jcalpro/27-weekly-net-controllers/656-ke7rap
Reusing existing connection to spokares.org:80.
HTTP request sent, awaiting response... 200 OK
Length: unspecified [text/html]
Saving to: ‘spokares.org/index.php/component/jcalpro/27-weekly-net-controllers/656-ke7rap.html’

     0K .......... .......... ..                                217K=0.1s

2026-09-25 19:45:00 (217 KB/s) - ‘spokares.org/index.php/component/jcalpro/27-weekly-net-controllers/656-ke7rap.html’ saved [23204]

--2026-09-25 19:45:01--  http://spokares.org/index.php/component/jcalpro/27-weekly-net-controllers/657-kg7rrg
Reusing existing connection to spokares.org:80.
HTTP request sent, awaiting response... 200 OK
Length: unspecified [text/html]
Saving to: ‘spokares.org/index.php/component/jcalpro/27-weekly-net-controllers/657-kg7rrg.html’

     0K .......... .......... ..                                149K=0.2s

2026-09-25 19:45:01 (149 KB/s) - ‘spokares.org/index.php/component/jcalpro/27-weekly-net-controllers/657-kg7rrg.html’ saved [23202]

--2026-09-25 19:45:02--  http://spokares.org/index.php/component/jcalpro/27-weekly-net-controllers/778-open
Reusing existing connection to spokares.org:80.
HTTP request sent, awaiting response... 200 OK
Length: unspecified [text/html]
Saving to: ‘spokares.org/index.php/component/jcalpro/27-weekly-net-controllers/778-open.html’

     0K .......... .......... ..                                115K=0.2s

2026-09-25 19:45:03 (115 KB/s) - ‘spokares.org/index.php/component/jcalpro/27-weekly-net-controllers/778-open.html’ saved [23193]

--2026-09-25 19:45:04--  http://spokares.org/index.php/component/jcalpro/27-weekly-net-controllers/781-n7mcb
Reusing existing connection to spokares.org:80.
HTTP request sent, awaiting response... 200 OK
Length: unspecified [text/html]
Saving to: ‘spokares.org/index.php/component/jcalpro/27-weekly-net-controllers/781-n7mcb.html’

     0K .......... .......... ..                                158K=0.1s

2026-09-25 19:45:06 (158 KB/s) - ‘spokares.org/index.php/component/jcalpro/27-weekly-net-controllers/781-n7mcb.html’ saved [23197]

--2026-09-25 19:45:06--  http://spokares.org/index.php/component/jcalpro/27-weekly-net-controllers/776-kg7rrg
Reusing existing connection to spokares.org:80.
HTTP request sent, awaiting response... 200 OK
Length: unspecified [text/html]
Saving to: ‘spokares.org/index.php/component/jcalpro/27-weekly-net-controllers/776-kg7rrg.html’

     0K .......... .......... ..                                119K=0.2s

2026-09-25 19:45:07 (119 KB/s) - ‘spokares.org/index.php/component/jcalpro/27-weekly-net-controllers/776-kg7rrg.html’ saved [23204]

--2026-09-25 19:45:07--  http://spokares.org/index.php/component/jcalpro/27-weekly-net-controllers/777-ke7rap
Reusing existing connection to spokares.org:80.
HTTP request sent, awaiting response... 200 OK
Length: unspecified [text/html]
Saving to: ‘spokares.org/index.php/component/jcalpro/27-weekly-net-controllers/777-ke7rap.html’

     0K .......... .......... ..                                410K=0.06s

2026-09-25 19:45:07 (410 KB/s) - ‘spokares.org/index.php/component/jcalpro/27-weekly-net-controllers/777-ke7rap.html’ saved [23204]

--2026-09-25 19:45:08--  http://spokares.org/index.php/component/jcalpro/27-weekly-net-controllers/782-wa7aqh
Reusing existing connection to spokares.org:80.
HTTP request sent, awaiting response... 200 OK
Length: unspecified [text/html]
Saving to: ‘spokares.org/index.php/component/jcalpro/27-weekly-net-controllers/782-wa7aqh.html’

     0K .......... .......... ..                                866K=0.03s

2026-09-25 19:45:08 (866 KB/s) - ‘spokares.org/index.php/component/jcalpro/27-weekly-net-controllers/782-wa7aqh.html’ saved [23204]

--2026-09-25 19:45:09--  http://spokares.org/index.php/component/jcalpro/27-weekly-net-controllers/783-k7efr
Reusing existing connection to spokares.org:80.
HTTP request sent, awaiting response... 200 OK
Length: unspecified [text/html]
Saving to: ‘spokares.org/index.php/component/jcalpro/27-weekly-net-controllers/783-k7efr.html’

     0K .......... .......... ..                               54.5K=0.4s

2026-09-25 19:45:09 (54.5 KB/s) - ‘spokares.org/index.php/component/jcalpro/27-weekly-net-controllers/783-k7efr.html’ saved [23197]

--2026-09-25 19:45:09--  http://spokares.org/index.php/component/jcalpro/27-weekly-net-controllers/784-w7hee
Reusing existing connection to spokares.org:80.
HTTP request sent, awaiting response... 200 OK
Length: unspecified [text/html]
Saving to: ‘spokares.org/index.php/component/jcalpro/27-weekly-net-controllers/784-w7hee.html’

     0K .......... .......... ..                                190K=0.1s

2026-09-25 19:45:10 (190 KB/s) - ‘spokares.org/index.php/component/jcalpro/27-weekly-net-controllers/784-w7hee.html’ saved [23198]

--2026-09-25 19:45:10--  http://spokares.org/index.php/component/jcalpro/27-weekly-net-controllers/785-ke7rap
Reusing existing connection to spokares.org:80.
HTTP request sent, awaiting response... 200 OK
Length: unspecified [text/html]
Saving to: ‘spokares.org/index.php/component/jcalpro/27-weekly-net-controllers/785-ke7rap.html’

     0K .......... .......... ..                                132K=0.2s

2026-09-25 19:45:11 (132 KB/s) - ‘spokares.org/index.php/component/jcalpro/27-weekly-net-controllers/785-ke7rap.html’ saved [23204]

--2026-09-25 19:45:11--  http://spokares.org/index.php/component/jcalpro/27-weekly-net-controllers/786-ag7ig
Reusing existing connection to spokares.org:80.
HTTP request sent, awaiting response... 200 OK
Length: unspecified [text/html]
Saving to: ‘spokares.org/index.php/component/jcalpro/27-weekly-net-controllers/786-ag7ig.html’

     0K .......... .......... ......                            174K=0.1s

2026-09-25 19:45:11 (174 KB/s) - ‘spokares.org/index.php/component/jcalpro/27-weekly-net-controllers/786-ag7ig.html’ saved [26680]

--2026-09-25 19:45:12--  http://spokares.org/index.php/component/jcalpro/27-weekly-net-controllers/787-k7efr
Reusing existing connection to spokares.org:80.
HTTP request sent, awaiting response... 200 OK
Length: unspecified [text/html]
Saving to: ‘spokares.org/index.php/component/jcalpro/27-weekly-net-controllers/787-k7efr.html’

     0K .......... .......... ..                                232K=0.1s

2026-09-25 19:45:12 (232 KB/s) - ‘spokares.org/index.php/component/jcalpro/27-weekly-net-controllers/787-k7efr.html’ saved [23198]

--2026-09-25 19:45:12--  http://spokares.org/index.php/component/jcalpro/27-weekly-net-controllers?start=0
Reusing existing connection to spokares.org:80.
HTTP request sent, awaiting response... 200 OK
Length: unspecified [text/html]
Saving to: ‘spokares.org/index.php/component/jcalpro/27-weekly-net-controllers@start=0.html’

     0K .......... .......... .......... .......... .....       215K=0.2s

2026-09-25 19:45:13 (215 KB/s) - ‘spokares.org/index.php/component/jcalpro/27-weekly-net-controllers@start=0.html’ saved [46255]

--2026-09-25 19:45:13--  http://spokares.org/index.php/component/jcalpro/27-weekly-net-controllers/788-n7mcb
Reusing existing connection to spokares.org:80.
HTTP request sent, awaiting response... 200 OK
Length: unspecified [text/html]
Saving to: ‘spokares.org/index.php/component/jcalpro/27-weekly-net-controllers/788-n7mcb.html’

     0K .......... .......... ..                                433K=0.05s

2026-09-25 19:45:14 (433 KB/s) - ‘spokares.org/index.php/component/jcalpro/27-weekly-net-controllers/788-n7mcb.html’ saved [23198]

--2026-09-25 19:45:14--  http://spokares.org/index.php/component/jcalpro/27-weekly-net-controllers/789-k7efr
Reusing existing connection to spokares.org:80.
HTTP request sent, awaiting response... 200 OK
Length: unspecified [text/html]
Saving to: ‘spokares.org/index.php/component/jcalpro/27-weekly-net-controllers/789-k7efr.html’

     0K .......... .......... ..                                102K=0.2s

2026-09-25 19:45:14 (102 KB/s) - ‘spokares.org/index.php/component/jcalpro/27-weekly-net-controllers/789-k7efr.html’ saved [23198]

--2026-09-25 19:45:14--  http://spokares.org/index.php/component/jcalpro/27-weekly-net-controllers/790-nv2z
Reusing existing connection to spokares.org:80.
HTTP request sent, awaiting response... 200 OK
Length: unspecified [text/html]
Saving to: ‘spokares.org/index.php/component/jcalpro/27-weekly-net-controllers/790-nv2z.html’

     0K .......... .......... ..                               1.10M=0.02s

2026-09-25 19:45:15 (1.10 MB/s) - ‘spokares.org/index.php/component/jcalpro/27-weekly-net-controllers/790-nv2z.html’ saved [23192]

--2026-09-25 19:45:15--  http://spokares.org/index.php/component/jcalpro/27-weekly-net-controllers/791-w7hee
Reusing existing connection to spokares.org:80.
HTTP request sent, awaiting response... 200 OK
Length: unspecified [text/html]
Saving to: ‘spokares.org/index.php/component/jcalpro/27-weekly-net-controllers/791-w7hee.html’

     0K .......... .......... ..                                204K=0.1s

2026-09-25 19:45:15 (204 KB/s) - ‘spokares.org/index.php/component/jcalpro/27-weekly-net-controllers/791-w7hee.html’ saved [23198]

--2026-09-25 19:45:16--  http://spokares.org/index.php/component/jcalpro/27-weekly-net-controllers/792-ares-staff-member
Reusing existing connection to spokares.org:80.
HTTP request sent, awaiting response... 200 OK
Length: unspecified [text/html]
Saving to: ‘spokares.org/index.php/component/jcalpro/27-weekly-net-controllers/792-ares-staff-member.html’

     0K .......... .......... ......                            215K=0.1s

2026-09-25 19:45:16 (215 KB/s) - ‘spokares.org/index.php/component/jcalpro/27-weekly-net-controllers/792-ares-staff-member.html’ saved [26752]

--2026-09-25 19:45:16--  http://spokares.org/index.php/component/jcalpro/27-weekly-net-controllers/793-ke7rap
Connecting to spokares.org (spokares.org)|70.39.146.166|:80... connected.
HTTP request sent, awaiting response... 200 OK
Length: unspecified [text/html]
Saving to: ‘spokares.org/index.php/component/jcalpro/27-weekly-net-controllers/793-ke7rap.html’

     0K .......... .......... ..                                282K=0.08s

2026-09-25 19:45:36 (282 KB/s) - ‘spokares.org/index.php/component/jcalpro/27-weekly-net-controllers/793-ke7rap.html’ saved [23203]

--2026-09-25 19:45:37--  http://spokares.org/index.php/component/jcalpro/27-weekly-net-controllers/794-nv2z
Reusing existing connection to spokares.org:80.
HTTP request sent, awaiting response... 200 OK
Length: unspecified [text/html]
Saving to: ‘spokares.org/index.php/component/jcalpro/27-weekly-net-controllers/794-nv2z.html’

     0K .......... .......... ..                                292K=0.08s

2026-09-25 19:45:37 (292 KB/s) - ‘spokares.org/index.php/component/jcalpro/27-weekly-net-controllers/794-nv2z.html’ saved [23192]

--2026-09-25 19:45:37--  http://spokares.org/index.php/component/jcalpro/27-weekly-net-controllers/796-k7efr
Reusing existing connection to spokares.org:80.
HTTP request sent, awaiting response... 200 OK
Length: unspecified [text/html]
Saving to: ‘spokares.org/index.php/component/jcalpro/27-weekly-net-controllers/796-k7efr.html’

     0K .......... .......... ..                                178K=0.1s

2026-09-25 19:45:38 (178 KB/s) - ‘spokares.org/index.php/component/jcalpro/27-weekly-net-controllers/796-k7efr.html’ saved [23198]

--2026-09-25 19:45:38--  http://spokares.org/index.php/component/jcalpro/27-weekly-net-controllers/800-tbd
Reusing existing connection to spokares.org:80.
HTTP request sent, awaiting response... 200 OK
Length: unspecified [text/html]
Saving to: ‘spokares.org/index.php/component/jcalpro/27-weekly-net-controllers/800-tbd.html’

     0K .......... .......... ..                                260K=0.09s

2026-09-25 19:45:38 (260 KB/s) - ‘spokares.org/index.php/component/jcalpro/27-weekly-net-controllers/800-tbd.html’ saved [23186]

--2026-09-25 19:45:39--  http://spokares.org/index.php/component/jcalpro/27-weekly-net-controllers/797-ke7rap
Reusing existing connection to spokares.org:80.
HTTP request sent, awaiting response... 200 OK
Length: unspecified [text/html]
Saving to: ‘spokares.org/index.php/component/jcalpro/27-weekly-net-controllers/797-ke7rap.html’

     0K .......... .......... ..                                216K=0.1s

2026-09-25 19:45:39 (216 KB/s) - ‘spokares.org/index.php/component/jcalpro/27-weekly-net-controllers/797-ke7rap.html’ saved [23203]

--2026-09-25 19:45:39--  http://spokares.org/index.php/component/jcalpro/27-weekly-net-controllers/798-nv2z
Reusing existing connection to spokares.org:80.
HTTP request sent, awaiting response... 200 OK
Length: unspecified [text/html]
Saving to: ‘spokares.org/index.php/component/jcalpro/27-weekly-net-controllers/798-nv2z.html’

     0K .......... .......... ..                                239K=0.09s

2026-09-25 19:45:40 (239 KB/s) - ‘spokares.org/index.php/component/jcalpro/27-weekly-net-controllers/798-nv2z.html’ saved [23192]

--2026-09-25 19:45:40--  http://spokares.org/index.php/component/jcalpro/27-weekly-net-controllers/799-w7hee
Reusing existing connection to spokares.org:80.
HTTP request sent, awaiting response... 200 OK
Length: unspecified [text/html]
Saving to: ‘spokares.org/index.php/component/jcalpro/27-weekly-net-controllers/799-w7hee.html’

     0K .......... .......... ..                                268K=0.08s

2026-09-25 19:45:40 (268 KB/s) - ‘spokares.org/index.php/component/jcalpro/27-weekly-net-controllers/799-w7hee.html’ saved [23198]

--2026-09-25 19:45:40--  http://spokares.org/index.php/component/jcalpro/27-weekly-net-controllers/802-w7gtj
Reusing existing connection to spokares.org:80.
HTTP request sent, awaiting response... 200 OK
Length: unspecified [text/html]
Saving to: ‘spokares.org/index.php/component/jcalpro/27-weekly-net-controllers/802-w7gtj.html’

     0K .......... .......... ..                                249K=0.09s

2026-09-25 19:45:41 (249 KB/s) - ‘spokares.org/index.php/component/jcalpro/27-weekly-net-controllers/802-w7gtj.html’ saved [23197]

--2026-09-25 19:45:41--  http://spokares.org/index.php/component/jcalpro/27-weekly-net-controllers/803-ke7rap
Reusing existing connection to spokares.org:80.
HTTP request sent, awaiting response... 200 OK
Length: unspecified [text/html]
Saving to: ‘spokares.org/index.php/component/jcalpro/27-weekly-net-controllers/803-ke7rap.html’

     0K .......... .......... ..                                139K=0.2s

2026-09-25 19:45:41 (139 KB/s) - ‘spokares.org/index.php/component/jcalpro/27-weekly-net-controllers/803-ke7rap.html’ saved [23204]

--2026-09-25 19:45:42--  http://spokares.org/index.php/component/jcalpro/27-weekly-net-controllers/801-k7rta
Reusing existing connection to spokares.org:80.
HTTP request sent, awaiting response... 200 OK
Length: unspecified [text/html]
Saving to: ‘spokares.org/index.php/component/jcalpro/27-weekly-net-controllers/801-k7rta.html’

     0K .......... .......... ..                                203K=0.1s

2026-09-25 19:45:42 (203 KB/s) - ‘spokares.org/index.php/component/jcalpro/27-weekly-net-controllers/801-k7rta.html’ saved [23198]

--2026-09-25 19:45:42--  http://spokares.org/index.php/component/jcalpro/27-weekly-net-controllers/804-nv2z
Reusing existing connection to spokares.org:80.
HTTP request sent, awaiting response... 200 OK
Length: unspecified [text/html]
Saving to: ‘spokares.org/index.php/component/jcalpro/27-weekly-net-controllers/804-nv2z.html’

     0K .......... .......... ..                                284K=0.08s

2026-09-25 19:45:43 (284 KB/s) - ‘spokares.org/index.php/component/jcalpro/27-weekly-net-controllers/804-nv2z.html’ saved [23192]

--2026-09-25 19:45:43--  http://spokares.org/index.php/component/jcalpro/27-weekly-net-controllers/805-ke7iat
Reusing existing connection to spokares.org:80.
HTTP request sent, awaiting response... 200 OK
Length: unspecified [text/html]
Saving to: ‘spokares.org/index.php/component/jcalpro/27-weekly-net-controllers/805-ke7iat.html’

     0K .......... .......... ..                                176K=0.1s

2026-09-25 19:45:43 (176 KB/s) - ‘spokares.org/index.php/component/jcalpro/27-weekly-net-controllers/805-ke7iat.html’ saved [23203]

--2026-09-25 19:45:43--  http://spokares.org/index.php/component/jcalpro/27-weekly-net-controllers/806-ares-staff-member
Reusing existing connection to spokares.org:80.
HTTP request sent, awaiting response... 200 OK
Length: unspecified [text/html]
Saving to: ‘spokares.org/index.php/component/jcalpro/27-weekly-net-controllers/806-ares-staff-member.html’

     0K .......... .......... ..                                268K=0.08s

2026-09-25 19:45:44 (268 KB/s) - ‘spokares.org/index.php/component/jcalpro/27-weekly-net-controllers/806-ares-staff-member.html’ saved [23269]

--2026-09-25 19:45:44--  http://spokares.org/index.php/component/jcalpro/27-weekly-net-controllers/807-nv2z
Reusing existing connection to spokares.org:80.
HTTP request sent, awaiting response... 200 OK
Length: unspecified [text/html]
Saving to: ‘spokares.org/index.php/component/jcalpro/27-weekly-net-controllers/807-nv2z.html’

     0K .......... .......... ..                                244K=0.09s

2026-09-25 19:45:45 (244 KB/s) - ‘spokares.org/index.php/component/jcalpro/27-weekly-net-controllers/807-nv2z.html’ saved [23192]

--2026-09-25 19:45:45--  http://spokares.org/index.php/component/jcalpro/27-weekly-net-controllers/808-ke7rap
Reusing existing connection to spokares.org:80.
HTTP request sent, awaiting response... 200 OK
Length: unspecified [text/html]
Saving to: ‘spokares.org/index.php/component/jcalpro/27-weekly-net-controllers/808-ke7rap.html’

     0K .......... .......... ..                                236K=0.1s

2026-09-25 19:45:45 (236 KB/s) - ‘spokares.org/index.php/component/jcalpro/27-weekly-net-controllers/808-ke7rap.html’ saved [23202]

--2026-09-25 19:45:45--  http://spokares.org/index.php/component/jcalpro/27-weekly-net-controllers/809-k7efr
Reusing existing connection to spokares.org:80.
HTTP request sent, awaiting response... 200 OK
Length: unspecified [text/html]
Saving to: ‘spokares.org/index.php/component/jcalpro/27-weekly-net-controllers/809-k7efr.html’

     0K .......... .......... ..                                235K=0.1s

2026-09-25 19:45:46 (235 KB/s) - ‘spokares.org/index.php/component/jcalpro/27-weekly-net-controllers/809-k7efr.html’ saved [23198]

--2026-09-25 19:45:46--  http://spokares.org/index.php/component/jcalpro/27-weekly-net-controllers/810-n7mcb
Reusing existing connection to spokares.org:80.
HTTP request sent, awaiting response... 200 OK
Length: unspecified [text/html]
Saving to: ‘spokares.org/index.php/component/jcalpro/27-weekly-net-controllers/810-n7mcb.html’

     0K .......... .......... ......                            258K=0.1s

2026-09-25 19:45:47 (258 KB/s) - ‘spokares.org/index.php/component/jcalpro/27-weekly-net-controllers/810-n7mcb.html’ saved [26680]

--2026-09-25 19:45:47--  http://spokares.org/index.php/component/jcalpro/27-weekly-net-controllers/811-ke7rap
Reusing existing connection to spokares.org:80.
HTTP request sent, awaiting response... 200 OK
Length: unspecified [text/html]
Saving to: ‘spokares.org/index.php/component/jcalpro/27-weekly-net-controllers/811-ke7rap.html’

     0K .......... .......... ..                                208K=0.1s

2026-09-25 19:45:47 (208 KB/s) - ‘spokares.org/index.php/component/jcalpro/27-weekly-net-controllers/811-ke7rap.html’ saved [23204]

--2026-09-25 19:45:47--  http://spokares.org/index.php/component/jcalpro/27-weekly-net-controllers/812-nv2z
Reusing existing connection to spokares.org:80.
HTTP request sent, awaiting response... 200 OK
Length: unspecified [text/html]
Saving to: ‘spokares.org/index.php/component/jcalpro/27-weekly-net-controllers/812-nv2z.html’

     0K .......... .......... ..                                226K=0.1s

2026-09-25 19:45:48 (226 KB/s) - ‘spokares.org/index.php/component/jcalpro/27-weekly-net-controllers/812-nv2z.html’ saved [23192]

--2026-09-25 19:45:48--  http://spokares.org/index.php/component/jcalpro/27-weekly-net-controllers/813-k7efr
Reusing existing connection to spokares.org:80.
HTTP request sent, awaiting response... 200 OK
Length: unspecified [text/html]
Saving to: ‘spokares.org/index.php/component/jcalpro/27-weekly-net-controllers/813-k7efr.html’

     0K .......... .......... ..                                224K=0.1s

2026-09-25 19:45:48 (224 KB/s) - ‘spokares.org/index.php/component/jcalpro/27-weekly-net-controllers/813-k7efr.html’ saved [23198]

--2026-09-25 19:45:49--  http://spokares.org/index.php/component/jcalpro/27-weekly-net-controllers/814-staff
Reusing existing connection to spokares.org:80.
HTTP request sent, awaiting response... 200 OK
Length: unspecified [text/html]
Saving to: ‘spokares.org/index.php/component/jcalpro/27-weekly-net-controllers/814-staff.html’

     0K .......... .......... ......                            161K=0.2s

2026-09-25 19:45:49 (161 KB/s) - ‘spokares.org/index.php/component/jcalpro/27-weekly-net-controllers/814-staff.html’ saved [26680]

--2026-09-25 19:45:49--  http://spokares.org/index.php/component/jcalpro/27-weekly-net-controllers/815-n7mcb
Reusing existing connection to spokares.org:80.
HTTP request sent, awaiting response... 200 OK
Length: unspecified [text/html]
Saving to: ‘spokares.org/index.php/component/jcalpro/27-weekly-net-controllers/815-n7mcb.html’

     0K .......... .......... ..                                212K=0.1s

2026-09-25 19:45:50 (212 KB/s) - ‘spokares.org/index.php/component/jcalpro/27-weekly-net-controllers/815-n7mcb.html’ saved [23198]

--2026-09-25 19:45:50--  http://spokares.org/index.php/component/jcalpro/27-weekly-net-controllers/816-ke7rap
Reusing existing connection to spokares.org:80.
HTTP request sent, awaiting response... 200 OK
Length: unspecified [text/html]
Saving to: ‘spokares.org/index.php/component/jcalpro/27-weekly-net-controllers/816-ke7rap.html’

     0K .......... .......... ..                                232K=0.1s

2026-09-25 19:45:50 (232 KB/s) - ‘spokares.org/index.php/component/jcalpro/27-weekly-net-controllers/816-ke7rap.html’ saved [23204]

--2026-09-25 19:45:51--  http://spokares.org/index.php/component/jcalpro/27-weekly-net-controllers/817-ki7qpj
Reusing existing connection to spokares.org:80.
HTTP request sent, awaiting response... 200 OK
Length: unspecified [text/html]
Saving to: ‘spokares.org/index.php/component/jcalpro/27-weekly-net-controllers/817-ki7qpj.html’

     0K .......... .......... ..                                251K=0.09s

2026-09-25 19:45:51 (251 KB/s) - ‘spokares.org/index.php/component/jcalpro/27-weekly-net-controllers/817-ki7qpj.html’ saved [23204]

--2026-09-25 19:45:51--  http://spokares.org/index.php/component/jcalpro/27-weekly-net-controllers/818-ke7rap
Reusing existing connection to spokares.org:80.
HTTP request sent, awaiting response... 200 OK
Length: unspecified [text/html]
Saving to: ‘spokares.org/index.php/component/jcalpro/27-weekly-net-controllers/818-ke7rap.html’

     0K .......... .......... ..                                229K=0.1s

2026-09-25 19:45:52 (229 KB/s) - ‘spokares.org/index.php/component/jcalpro/27-weekly-net-controllers/818-ke7rap.html’ saved [23204]

--2026-09-25 19:45:52--  http://spokares.org/index.php/component/jcalpro/27-weekly-net-controllers/821-ag7ig
Reusing existing connection to spokares.org:80.
HTTP request sent, awaiting response... 200 OK
Length: unspecified [text/html]
Saving to: ‘spokares.org/index.php/component/jcalpro/27-weekly-net-controllers/821-ag7ig.html’

     0K .......... .......... ......                            261K=0.1s

2026-09-25 19:45:52 (261 KB/s) - ‘spokares.org/index.php/component/jcalpro/27-weekly-net-controllers/821-ag7ig.html’ saved [26681]

--2026-09-25 19:45:52--  http://spokares.org/index.php/component/jcalpro/27-weekly-net-controllers/819-w7hee
Reusing existing connection to spokares.org:80.
HTTP request sent, awaiting response... 200 OK
Length: unspecified [text/html]
Saving to: ‘spokares.org/index.php/component/jcalpro/27-weekly-net-controllers/819-w7hee.html’

     0K .......... .......... ..                                219K=0.1s

2026-09-25 19:45:53 (219 KB/s) - ‘spokares.org/index.php/component/jcalpro/27-weekly-net-controllers/819-w7hee.html’ saved [23198]

--2026-09-25 19:45:53--  http://spokares.org/index.php/component/jcalpro/27-weekly-net-controllers/822-ki7qpj
Reusing existing connection to spokares.org:80.
HTTP request sent, awaiting response... 200 OK
Length: unspecified [text/html]
Saving to: ‘spokares.org/index.php/component/jcalpro/27-weekly-net-controllers/822-ki7qpj.html’

     0K .......... .......... ..                                207K=0.1s

2026-09-25 19:45:54 (207 KB/s) - ‘spokares.org/index.php/component/jcalpro/27-weekly-net-controllers/822-ki7qpj.html’ saved [23203]

--2026-09-25 19:45:54--  http://spokares.org/index.php/component/jcalpro/27-weekly-net-controllers/823-ke7rap
Reusing existing connection to spokares.org:80.
HTTP request sent, awaiting response... 200 OK
Length: unspecified [text/html]
Saving to: ‘spokares.org/index.php/component/jcalpro/27-weekly-net-controllers/823-ke7rap.html’

     0K .......... .......... ..                                219K=0.1s

2026-09-25 19:45:54 (219 KB/s) - ‘spokares.org/index.php/component/jcalpro/27-weekly-net-controllers/823-ke7rap.html’ saved [23196]

--2026-09-25 19:45:54--  http://spokares.org/index.php/component/jcalpro/27-weekly-net-controllers/824-ki7qpj
Reusing existing connection to spokares.org:80.
HTTP request sent, awaiting response... 200 OK
Length: unspecified [text/html]
Saving to: ‘spokares.org/index.php/component/jcalpro/27-weekly-net-controllers/824-ki7qpj.html’

     0K .......... .......... ..                                209K=0.1s

2026-09-25 19:45:55 (209 KB/s) - ‘spokares.org/index.php/component/jcalpro/27-weekly-net-controllers/824-ki7qpj.html’ saved [23200]

--2026-09-25 19:45:55--  http://spokares.org/index.php/component/jcalpro/27-weekly-net-controllers/825-w7hee
Reusing existing connection to spokares.org:80.
HTTP request sent, awaiting response... 200 OK
Length: unspecified [text/html]
Saving to: ‘spokares.org/index.php/component/jcalpro/27-weekly-net-controllers/825-w7hee.html’

     0K .......... .......... ..                                219K=0.1s

2026-09-25 19:45:55 (219 KB/s) - ‘spokares.org/index.php/component/jcalpro/27-weekly-net-controllers/825-w7hee.html’ saved [23198]

--2026-09-25 19:45:56--  http://spokares.org/index.php/component/jcalpro/27-weekly-net-controllers/944-n7mcb
Reusing existing connection to spokares.org:80.
HTTP request sent, awaiting response... 200 OK
Length: unspecified [text/html]
Saving to: ‘spokares.org/index.php/component/jcalpro/27-weekly-net-controllers/944-n7mcb.html’

     0K .......... .......... ..                                255K=0.09s

2026-09-25 19:45:56 (255 KB/s) - ‘spokares.org/index.php/component/jcalpro/27-weekly-net-controllers/944-n7mcb.html’ saved [23198]

--2026-09-25 19:45:56--  http://spokares.org/index.php/component/jcalpro/27-weekly-net-controllers/945-ke7rap
Reusing existing connection to spokares.org:80.
HTTP request sent, awaiting response... 200 OK
Length: unspecified [text/html]
Saving to: ‘spokares.org/index.php/component/jcalpro/27-weekly-net-controllers/945-ke7rap.html’

     0K .......... .......... ..                                238K=0.1s

2026-09-25 19:45:57 (238 KB/s) - ‘spokares.org/index.php/component/jcalpro/27-weekly-net-controllers/945-ke7rap.html’ saved [23204]

--2026-09-25 19:45:57--  http://spokares.org/index.php/component/jcalpro/27-weekly-net-controllers/946-ki7qpj
Reusing existing connection to spokares.org:80.
HTTP request sent, awaiting response... 200 OK
Length: unspecified [text/html]
Saving to: ‘spokares.org/index.php/component/jcalpro/27-weekly-net-controllers/946-ki7qpj.html’

     0K .......... .......... ..                                221K=0.1s

2026-09-25 19:45:57 (221 KB/s) - ‘spokares.org/index.php/component/jcalpro/27-weekly-net-controllers/946-ki7qpj.html’ saved [23204]

--2026-09-25 19:45:58--  http://spokares.org/index.php/component/jcalpro/27-weekly-net-controllers/947-staff
Reusing existing connection to spokares.org:80.
HTTP request sent, awaiting response... 200 OK
Length: unspecified [text/html]
Saving to: ‘spokares.org/index.php/component/jcalpro/27-weekly-net-controllers/947-staff.html’

     0K .......... .......... ......                            256K=0.1s

2026-09-25 19:45:58 (256 KB/s) - ‘spokares.org/index.php/component/jcalpro/27-weekly-net-controllers/947-staff.html’ saved [26680]

--2026-09-25 19:45:58--  http://spokares.org/index.php/component/jcalpro/27-weekly-net-controllers/948-ke7rap
Reusing existing connection to spokares.org:80.
HTTP request sent, awaiting response... 200 OK
Length: unspecified [text/html]
Saving to: ‘spokares.org/index.php/component/jcalpro/27-weekly-net-controllers/948-ke7rap.html’

     0K .......... .......... ..                                251K=0.09s

2026-09-25 19:45:59 (251 KB/s) - ‘spokares.org/index.php/component/jcalpro/27-weekly-net-controllers/948-ke7rap.html’ saved [23204]

--2026-09-25 19:45:59--  http://spokares.org/index.php/component/jcalpro/27-weekly-net-controllers/949-w7hee
Reusing existing connection to spokares.org:80.
HTTP request sent, awaiting response... 200 OK
Length: unspecified [text/html]
Saving to: ‘spokares.org/index.php/component/jcalpro/27-weekly-net-controllers/949-w7hee.html’

     0K .......... .......... ..                                208K=0.1s

2026-09-25 19:45:59 (208 KB/s) - ‘spokares.org/index.php/component/jcalpro/27-weekly-net-controllers/949-w7hee.html’ saved [23198]

--2026-09-25 19:46:00--  http://spokares.org/index.php/component/jcalpro/27-weekly-net-controllers/1015-staff
Reusing existing connection to spokares.org:80.
HTTP request sent, awaiting response... 200 OK
Length: unspecified [text/html]
Saving to: ‘spokares.org/index.php/component/jcalpro/27-weekly-net-controllers/1015-staff.html’

     0K .......... .......... ......                            169K=0.2s

2026-09-25 19:46:00 (169 KB/s) - ‘spokares.org/index.php/component/jcalpro/27-weekly-net-controllers/1015-staff.html’ saved [26688]

--2026-09-25 19:46:00--  http://spokares.org/index.php/component/jcalpro/27-weekly-net-controllers/1017-w7hee
Reusing existing connection to spokares.org:80.
HTTP request sent, awaiting response... 200 OK
Length: unspecified [text/html]
Saving to: ‘spokares.org/index.php/component/jcalpro/27-weekly-net-controllers/1017-w7hee.html’

     0K .......... .......... ..                                236K=0.1s

2026-09-25 19:46:01 (236 KB/s) - ‘spokares.org/index.php/component/jcalpro/27-weekly-net-controllers/1017-w7hee.html’ saved [23206]

--2026-09-25 19:46:01--  http://spokares.org/index.php/component/jcalpro/27-weekly-net-controllers/1018-n7mcb
Reusing existing connection to spokares.org:80.
HTTP request sent, awaiting response... 200 OK
Length: unspecified [text/html]
Saving to: ‘spokares.org/index.php/component/jcalpro/27-weekly-net-controllers/1018-n7mcb.html’

     0K .......... .......... ..                                188K=0.1s

2026-09-25 19:46:01 (188 KB/s) - ‘spokares.org/index.php/component/jcalpro/27-weekly-net-controllers/1018-n7mcb.html’ saved [23206]

--2026-09-25 19:46:01--  http://spokares.org/index.php/component/jcalpro/27-weekly-net-controllers/1020-staff
Reusing existing connection to spokares.org:80.
HTTP request sent, awaiting response... 200 OK
Length: unspecified [text/html]
Saving to: ‘spokares.org/index.php/component/jcalpro/27-weekly-net-controllers/1020-staff.html’

     0K .......... .......... ......                           69.9K=0.4s

2026-09-25 19:46:02 (69.9 KB/s) - ‘spokares.org/index.php/component/jcalpro/27-weekly-net-controllers/1020-staff.html’ saved [26688]

--2026-09-25 19:46:02--  http://spokares.org/index.php/component/jcalpro/27-weekly-net-controllers/1021-ke7rap
Reusing existing connection to spokares.org:80.
HTTP request sent, awaiting response... 200 OK
Length: unspecified [text/html]
Saving to: ‘spokares.org/index.php/component/jcalpro/27-weekly-net-controllers/1021-ke7rap.html’

     0K .......... .......... ..                                212K=0.1s

2026-09-25 19:46:03 (212 KB/s) - ‘spokares.org/index.php/component/jcalpro/27-weekly-net-controllers/1021-ke7rap.html’ saved [23212]

--2026-09-25 19:46:03--  http://spokares.org/index.php/component/jcalpro/27-weekly-net-controllers/1022-nv2z
Reusing existing connection to spokares.org:80.
HTTP request sent, awaiting response... 200 OK
Length: unspecified [text/html]
Saving to: ‘spokares.org/index.php/component/jcalpro/27-weekly-net-controllers/1022-nv2z.html’

     0K .......... .......... ..                                237K=0.1s

2026-09-25 19:46:03 (237 KB/s) - ‘spokares.org/index.php/component/jcalpro/27-weekly-net-controllers/1022-nv2z.html’ saved [23192]

--2026-09-25 19:46:04--  http://spokares.org/index.php/component/jcalpro/27-weekly-net-controllers/1019-n7mcb
Reusing existing connection to spokares.org:80.
HTTP request sent, awaiting response... 200 OK
Length: unspecified [text/html]
Saving to: ‘spokares.org/index.php/component/jcalpro/27-weekly-net-controllers/1019-n7mcb.html’

     0K .......... .......... ..                                225K=0.1s

2026-09-25 19:46:04 (225 KB/s) - ‘spokares.org/index.php/component/jcalpro/27-weekly-net-controllers/1019-n7mcb.html’ saved [23206]

--2026-09-25 19:46:04--  http://spokares.org/index.php/component/jcalpro/27-weekly-net-controllers/1023-staff
Reusing existing connection to spokares.org:80.
HTTP request sent, awaiting response... 200 OK
Length: unspecified [text/html]
Saving to: ‘spokares.org/index.php/component/jcalpro/27-weekly-net-controllers/1023-staff.html’

     0K .......... .......... ......                            232K=0.1s

2026-09-25 19:46:05 (232 KB/s) - ‘spokares.org/index.php/component/jcalpro/27-weekly-net-controllers/1023-staff.html’ saved [26688]

--2026-09-25 19:46:05--  http://spokares.org/index.php/component/jcalpro/27-weekly-net-controllers/1024-kj7fhf
Reusing existing connection to spokares.org:80.
HTTP request sent, awaiting response... 200 OK
Length: unspecified [text/html]
Saving to: ‘spokares.org/index.php/component/jcalpro/27-weekly-net-controllers/1024-kj7fhf.html’

     0K .......... .......... ..                                228K=0.1s

2026-09-25 19:46:05 (228 KB/s) - ‘spokares.org/index.php/component/jcalpro/27-weekly-net-controllers/1024-kj7fhf.html’ saved [23211]

--2026-09-25 19:46:06--  http://spokares.org/index.php/component/jcalpro/27-weekly-net-controllers/1025-nv2z
Reusing existing connection to spokares.org:80.
HTTP request sent, awaiting response... 200 OK
Length: unspecified [text/html]
Saving to: ‘spokares.org/index.php/component/jcalpro/27-weekly-net-controllers/1025-nv2z.html’

     0K .......... .......... ..                                228K=0.1s

2026-09-25 19:46:06 (228 KB/s) - ‘spokares.org/index.php/component/jcalpro/27-weekly-net-controllers/1025-nv2z.html’ saved [23200]

--2026-09-25 19:46:06--  http://spokares.org/index.php/component/jcalpro/27-weekly-net-controllers/1026-ke7rap
Reusing existing connection to spokares.org:80.
HTTP request sent, awaiting response... 200 OK
Length: unspecified [text/html]
Saving to: ‘spokares.org/index.php/component/jcalpro/27-weekly-net-controllers/1026-ke7rap.html’

     0K .......... .......... ..                                223K=0.1s

2026-09-25 19:46:06 (223 KB/s) - ‘spokares.org/index.php/component/jcalpro/27-weekly-net-controllers/1026-ke7rap.html’ saved [23204]

--2026-09-25 19:46:07--  http://spokares.org/index.php/component/jcalpro/27-weekly-net-controllers/1027-w7hee
Reusing existing connection to spokares.org:80.
HTTP request sent, awaiting response... 200 OK
Length: unspecified [text/html]
Saving to: ‘spokares.org/index.php/component/jcalpro/27-weekly-net-controllers/1027-w7hee.html’

     0K .......... .......... ..                                183K=0.1s

2026-09-25 19:46:07 (183 KB/s) - ‘spokares.org/index.php/component/jcalpro/27-weekly-net-controllers/1027-w7hee.html’ saved [23206]

--2026-09-25 19:46:07--  http://spokares.org/index.php/component/jcalpro/27-weekly-net-controllers/1035-staff-member
Reusing existing connection to spokares.org:80.
HTTP request sent, awaiting response... 200 OK
Length: unspecified [text/html]
Saving to: ‘spokares.org/index.php/component/jcalpro/27-weekly-net-controllers/1035-staff-member.html’

     0K .......... .......... ..                                198K=0.1s

2026-09-25 19:46:08 (198 KB/s) - ‘spokares.org/index.php/component/jcalpro/27-weekly-net-controllers/1035-staff-member.html’ saved [23247]

--2026-09-25 19:46:08--  http://spokares.org/index.php/component/jcalpro/27-weekly-net-controllers/1036-ag7qp
Reusing existing connection to spokares.org:80.
HTTP request sent, awaiting response... 200 OK
Length: unspecified [text/html]
Saving to: ‘spokares.org/index.php/component/jcalpro/27-weekly-net-controllers/1036-ag7qp.html’

     0K .......... .......... ..                                214K=0.1s

2026-09-25 19:46:08 (214 KB/s) - ‘spokares.org/index.php/component/jcalpro/27-weekly-net-controllers/1036-ag7qp.html’ saved [23206]

--2026-09-25 19:46:09--  http://spokares.org/index.php/component/jcalpro/27-weekly-net-controllers/1037-nv2z
Reusing existing connection to spokares.org:80.
HTTP request sent, awaiting response... 200 OK
Length: unspecified [text/html]
Saving to: ‘spokares.org/index.php/component/jcalpro/27-weekly-net-controllers/1037-nv2z.html’

     0K .......... .......... ..                                209K=0.1s

2026-09-25 19:46:09 (209 KB/s) - ‘spokares.org/index.php/component/jcalpro/27-weekly-net-controllers/1037-nv2z.html’ saved [23200]

--2026-09-25 19:46:09--  http://spokares.org/index.php/component/jcalpro/27-weekly-net-controllers/1038-w7hee
Reusing existing connection to spokares.org:80.
HTTP request sent, awaiting response... 200 OK
Length: unspecified [text/html]
Saving to: ‘spokares.org/index.php/component/jcalpro/27-weekly-net-controllers/1038-w7hee.html’

     0K .......... .......... ..                                245K=0.09s

2026-09-25 19:46:10 (245 KB/s) - ‘spokares.org/index.php/component/jcalpro/27-weekly-net-controllers/1038-w7hee.html’ saved [23206]

--2026-09-25 19:46:10--  http://spokares.org/index.php/component/jcalpro/27-weekly-net-controllers/1043-staff-from-dem
Reusing existing connection to spokares.org:80.
HTTP request sent, awaiting response... 200 OK
Length: unspecified [text/html]
Saving to: ‘spokares.org/index.php/component/jcalpro/27-weekly-net-controllers/1043-staff-from-dem.html’

     0K .......... .......... ..                                267K=0.09s

2026-09-25 19:46:10 (267 KB/s) - ‘spokares.org/index.php/component/jcalpro/27-weekly-net-controllers/1043-staff-from-dem.html’ saved [23259]

--2026-09-25 19:46:11--  http://spokares.org/index.php/component/jcalpro/27-weekly-net-controllers/1046-tbd
Reusing existing connection to spokares.org:80.
HTTP request sent, awaiting response... 200 OK
Length: unspecified [text/html]
Saving to: ‘spokares.org/index.php/component/jcalpro/27-weekly-net-controllers/1046-tbd.html’

     0K .......... .......... ..                                216K=0.1s

2026-09-25 19:46:11 (216 KB/s) - ‘spokares.org/index.php/component/jcalpro/27-weekly-net-controllers/1046-tbd.html’ saved [23200]

--2026-09-25 19:46:11--  http://spokares.org/index.php/2-uncategorised/25-mentor-programs
Reusing existing connection to spokares.org:80.
HTTP request sent, awaiting response... 200 OK
Length: unspecified [text/html]
Saving to: ‘spokares.org/index.php/2-uncategorised/25-mentor-programs.html’

     0K .......... .......... .......... ....                   233K=0.1s

2026-09-25 19:46:12 (233 KB/s) - ‘spokares.org/index.php/2-uncategorised/25-mentor-programs.html’ saved [35148]

--2026-09-25 19:46:12--  http://spokares.org/index.php/downloads/mentoring/routedownload/mentoring/traffic-handler-pdf
Reusing existing connection to spokares.org:80.
HTTP request sent, awaiting response... 404 Not Found
2026-09-25 19:46:12 ERROR 404: Not Found.

--2026-09-25 19:46:13--  http://spokares.org/index.php/downloads/mentoring/routedownload/mentoring/traffic-handler-mp3
Reusing existing connection to spokares.org:80.
HTTP request sent, awaiting response... 404 Not Found
2026-09-25 19:46:13 ERROR 404: Not Found.

--2026-09-25 19:46:13--  http://spokares.org/index.php/2-uncategorised/23-the-ares-races-email-list
Reusing existing connection to spokares.org:80.
HTTP request sent, awaiting response... 200 OK
Length: unspecified [text/html]
Saving to: ‘spokares.org/index.php/2-uncategorised/23-the-ares-races-email-list.html’

     0K .......... .......... .......... .....                  289K=0.1s

2026-09-25 19:46:13 (289 KB/s) - ‘spokares.org/index.php/2-uncategorised/23-the-ares-races-email-list.html’ saved [35879]

--2026-09-25 19:46:14--  http://spokares.org/index.php/2-uncategorised/21-equipment-lists
Reusing existing connection to spokares.org:80.
HTTP request sent, awaiting response... 200 OK
Length: unspecified [text/html]
Saving to: ‘spokares.org/index.php/2-uncategorised/21-equipment-lists.html’

     0K .......... .......... .......... .......... ..          345K=0.1s

2026-09-25 19:46:14 (345 KB/s) - ‘spokares.org/index.php/2-uncategorised/21-equipment-lists.html’ saved [43575]

--2026-09-25 19:46:14--  http://spokares.org/index.php/2-uncategorised/11-amateur-radio-license-test-sessions
Reusing existing connection to spokares.org:80.
HTTP request sent, awaiting response... 200 OK
Length: unspecified [text/html]
Saving to: ‘spokares.org/index.php/2-uncategorised/11-amateur-radio-license-test-sessions.html’

     0K .......... .......... .......... .......... .           401K=0.1s

2026-09-25 19:46:15 (401 KB/s) - ‘spokares.org/index.php/2-uncategorised/11-amateur-radio-license-test-sessions.html’ saved [42741]

--2026-09-25 19:46:15--  http://spokares.org/index.php/2-uncategorised/9-principles-of-a-net-control-station
Reusing existing connection to spokares.org:80.
HTTP request sent, awaiting response... 200 OK
Length: unspecified [text/html]
Saving to: ‘spokares.org/index.php/2-uncategorised/9-principles-of-a-net-control-station.html’

     0K .......... .......... .......... .......                298K=0.1s

2026-09-25 19:46:15 (298 KB/s) - ‘spokares.org/index.php/2-uncategorised/9-principles-of-a-net-control-station.html’ saved [38596]

--2026-09-25 19:46:16--  http://spokares.org/index.php/2-uncategorised/8-net-preamble-script
Reusing existing connection to spokares.org:80.
HTTP request sent, awaiting response... 200 OK
Length: unspecified [text/html]
Saving to: ‘spokares.org/index.php/2-uncategorised/8-net-preamble-script.html’

     0K .......... .......... .......... ..........             256K=0.2s

2026-09-25 19:46:16 (256 KB/s) - ‘spokares.org/index.php/2-uncategorised/8-net-preamble-script.html’ saved [41343]

--2026-09-25 19:46:16--  http://spokares.org/index.php/2-uncategorised/7-repeater-etiquette
Reusing existing connection to spokares.org:80.
HTTP request sent, awaiting response... 200 OK
Length: unspecified [text/html]
Saving to: ‘spokares.org/index.php/2-uncategorised/7-repeater-etiquette.html’

     0K .......... .......... .......... .......... ...         265K=0.2s

2026-09-25 19:46:17 (265 KB/s) - ‘spokares.org/index.php/2-uncategorised/7-repeater-etiquette.html’ saved [44231]

--2026-09-25 19:46:17--  http://spokares.org/index.php/2-uncategorised/2-ares-races-plan
Reusing existing connection to spokares.org:80.
HTTP request sent, awaiting response... 200 OK
Length: unspecified [text/html]
Saving to: ‘spokares.org/index.php/2-uncategorised/2-ares-races-plan.html’

     0K .......... .......... .......... .......... ..........  430K
    50K .......... .......... .......... .......... ..........  483K
   100K .......... .......... .......... .......... ..........  580K
   150K .......... .......... .......... .......... ..........  566K
   200K .......... .......... .......... .......... ..........  644K
   250K .......... .......... .......... .....                  669K=0.5s

2026-09-25 19:46:18 (544 KB/s) - ‘spokares.org/index.php/2-uncategorised/2-ares-races-plan.html’ saved [292764]

--2026-09-25 19:46:18--  http://spokares.org/index.php/2-uncategorised/1-under-construction
Reusing existing connection to spokares.org:80.
HTTP request sent, awaiting response... 200 OK
Length: unspecified [text/html]
Saving to: ‘spokares.org/index.php/2-uncategorised/1-under-construction.html’

     0K .......... .......... .......... ....                  1.10M=0.03s

2026-09-25 19:46:19 (1.10 MB/s) - ‘spokares.org/index.php/2-uncategorised/1-under-construction.html’ saved [35091]

--2026-09-25 19:46:19--  http://spokares.org/images/8091bb_cfac747e80b142cf8c06b2286c1c6e0b.jpg
Reusing existing connection to spokares.org:80.
HTTP request sent, awaiting response... 200 OK
Length: 127929 (125K) [image/jpeg]
Saving to: ‘spokares.org/images/8091bb_cfac747e80b142cf8c06b2286c1c6e0b.jpg’

     0K .......... .......... .......... .......... .......... 40%  578K 0s
    50K .......... .......... .......... .......... .......... 80%  858K 0s
   100K .......... .......... ....                            100%  772K=0.2s

2026-09-25 19:46:19 (706 KB/s) - ‘spokares.org/images/8091bb_cfac747e80b142cf8c06b2286c1c6e0b.jpg’ saved [127929/127929]

--2026-09-25 19:46:19--  http://spokares.org/index.php/component/jcalpro/location/2-spokane-county-sheriffs-training-center
Reusing existing connection to spokares.org:80.
HTTP request sent, awaiting response... 200 OK
Length: unspecified [text/html]
Saving to: ‘spokares.org/index.php/component/jcalpro/location/2-spokane-county-sheriffs-training-center.html’

     0K .......... .......                                      401K=0.04s

2026-09-25 19:46:20 (401 KB/s) - ‘spokares.org/index.php/component/jcalpro/location/2-spokane-county-sheriffs-training-center.html’ saved [17964]

--2026-09-25 19:46:20--  http://spokares.org/index.php/component/jcalpro/location/3-spokane-county-dem-building
Reusing existing connection to spokares.org:80.
HTTP request sent, awaiting response... 200 OK
Length: unspecified [text/html]
Saving to: ‘spokares.org/index.php/component/jcalpro/location/3-spokane-county-dem-building.html’

     0K .......... .......... .......... .....                  340K=0.1s

2026-09-25 19:46:20 (340 KB/s) - ‘spokares.org/index.php/component/jcalpro/location/3-spokane-county-dem-building.html’ saved [36223]

--2026-09-25 19:46:20--  http://spokares.org/index.php/component/jcalpro/30-regular-meetings-training/967-digital-training
Reusing existing connection to spokares.org:80.
HTTP request sent, awaiting response... 200 OK
Length: unspecified [text/html]
Saving to: ‘spokares.org/index.php/component/jcalpro/30-regular-meetings-training/967-digital-training.html’

     0K .......... .......... ......                            326K=0.08s

2026-09-25 19:46:21 (326 KB/s) - ‘spokares.org/index.php/component/jcalpro/30-regular-meetings-training/967-digital-training.html’ saved [27475]

--2026-09-25 19:46:21--  http://spokares.org/index.php/component/jcalpro/30-regular-meetings-training/968-digital-training
Reusing existing connection to spokares.org:80.
HTTP request sent, awaiting response... 200 OK
Length: unspecified [text/html]
Saving to: ‘spokares.org/index.php/component/jcalpro/30-regular-meetings-training/968-digital-training.html’

     0K .......... .......... ......                           15.4K=1.7s

2026-09-25 19:46:23 (15.4 KB/s) - ‘spokares.org/index.php/component/jcalpro/30-regular-meetings-training/968-digital-training.html’ saved [27475]

--2026-09-25 19:46:23--  http://spokares.org/index.php/component/jcalpro/30-regular-meetings-training/969-digital-training
Reusing existing connection to spokares.org:80.
HTTP request sent, awaiting response... 200 OK
Length: unspecified [text/html]
Saving to: ‘spokares.org/index.php/component/jcalpro/30-regular-meetings-training/969-digital-training.html’

     0K .......... .......... ......                            257K=0.1s

2026-09-25 19:46:24 (257 KB/s) - ‘spokares.org/index.php/component/jcalpro/30-regular-meetings-training/969-digital-training.html’ saved [27476]

--2026-09-25 19:46:24--  http://spokares.org/index.php/component/jcalpro/30-regular-meetings-training/970-digital-training
Reusing existing connection to spokares.org:80.
HTTP request sent, awaiting response... 200 OK
Length: unspecified [text/html]
Saving to: ‘spokares.org/index.php/component/jcalpro/30-regular-meetings-training/970-digital-training.html’

     0K .......... .......... ......                            283K=0.09s

2026-09-25 19:46:25 (283 KB/s) - ‘spokares.org/index.php/component/jcalpro/30-regular-meetings-training/970-digital-training.html’ saved [27476]

--2026-09-25 19:46:25--  http://spokares.org/index.php/component/jcalpro/30-regular-meetings-training/971-digital-training
Reusing existing connection to spokares.org:80.
HTTP request sent, awaiting response... 200 OK
Length: unspecified [text/html]
Saving to: ‘spokares.org/index.php/component/jcalpro/30-regular-meetings-training/971-digital-training.html’

     0K .......... .......... ......                            225K=0.1s

2026-09-25 19:46:25 (225 KB/s) - ‘spokares.org/index.php/component/jcalpro/30-regular-meetings-training/971-digital-training.html’ saved [27475]

--2026-09-25 19:46:26--  http://spokares.org/index.php/component/jcalpro/30-regular-meetings-training/972-digital-training
Reusing existing connection to spokares.org:80.
HTTP request sent, awaiting response... 200 OK
Length: unspecified [text/html]
Saving to: ‘spokares.org/index.php/component/jcalpro/30-regular-meetings-training/972-digital-training.html’

     0K .......... .......... ......                            258K=0.1s

2026-09-25 19:46:26 (258 KB/s) - ‘spokares.org/index.php/component/jcalpro/30-regular-meetings-training/972-digital-training.html’ saved [27476]

--2026-09-25 19:46:26--  http://spokares.org/index.php/component/jcalpro/30-regular-meetings-training/907-ares-races-meeting
Reusing existing connection to spokares.org:80.
HTTP request sent, awaiting response... 200 OK
Length: unspecified [text/html]
Saving to: ‘spokares.org/index.php/component/jcalpro/30-regular-meetings-training/907-ares-races-meeting.html’

     0K .......... .......... ......                            258K=0.1s

2026-09-25 19:46:27 (258 KB/s) - ‘spokares.org/index.php/component/jcalpro/30-regular-meetings-training/907-ares-races-meeting.html’ saved [27369]

--2026-09-25 19:46:27--  http://spokares.org/index.php/component/jcalpro/30-regular-meetings-training/973-digital-training
Reusing existing connection to spokares.org:80.
HTTP request sent, awaiting response... 200 OK
Length: unspecified [text/html]
Saving to: ‘spokares.org/index.php/component/jcalpro/30-regular-meetings-training/973-digital-training.html’

     0K .......... .......... ......                            253K=0.1s

2026-09-25 19:46:28 (253 KB/s) - ‘spokares.org/index.php/component/jcalpro/30-regular-meetings-training/973-digital-training.html’ saved [27606]

--2026-09-25 19:46:28--  http://spokares.org/index.php/component/jcalpro/30-regular-meetings-training/908-ares-races-meeting
Reusing existing connection to spokares.org:80.
HTTP request sent, awaiting response... 200 OK
Length: unspecified [text/html]
Saving to: ‘spokares.org/index.php/component/jcalpro/30-regular-meetings-training/908-ares-races-meeting.html’

     0K .......... .......... ......                            244K=0.1s

2026-09-25 19:46:28 (244 KB/s) - ‘spokares.org/index.php/component/jcalpro/30-regular-meetings-training/908-ares-races-meeting.html’ saved [27615]

--2026-09-25 19:46:29--  http://spokares.org/index.php/component/jcalpro/30-regular-meetings-training/974-digital-training
Reusing existing connection to spokares.org:80.
HTTP request sent, awaiting response... 200 OK
Length: unspecified [text/html]
Saving to: ‘spokares.org/index.php/component/jcalpro/30-regular-meetings-training/974-digital-training.html’

     0K .......... .......... ......                            263K=0.1s

2026-09-25 19:46:29 (263 KB/s) - ‘spokares.org/index.php/component/jcalpro/30-regular-meetings-training/974-digital-training.html’ saved [27528]

--2026-09-25 19:46:29--  http://spokares.org/index.php/component/jcalpro/30-regular-meetings-training/909-ares-races-meeting
Reusing existing connection to spokares.org:80.
HTTP request sent, awaiting response... 200 OK
Length: unspecified [text/html]
Saving to: ‘spokares.org/index.php/component/jcalpro/30-regular-meetings-training/909-ares-races-meeting.html’

     0K .......... .......... ......                            246K=0.1s

2026-09-25 19:46:30 (246 KB/s) - ‘spokares.org/index.php/component/jcalpro/30-regular-meetings-training/909-ares-races-meeting.html’ saved [27623]

--2026-09-25 19:46:30--  http://spokares.org/index.php/component/jcalpro/30-regular-meetings-training/975-digital-training
Reusing existing connection to spokares.org:80.
HTTP request sent, awaiting response... 200 OK
Length: unspecified [text/html]
Saving to: ‘spokares.org/index.php/component/jcalpro/30-regular-meetings-training/975-digital-training.html’

     0K .......... .......... ......                            258K=0.1s

2026-09-25 19:46:30 (258 KB/s) - ‘spokares.org/index.php/component/jcalpro/30-regular-meetings-training/975-digital-training.html’ saved [27556]

--2026-09-25 19:46:31--  http://spokares.org/index.php/component/jcalpro/30-regular-meetings-training/910-ares-races-meeting
Reusing existing connection to spokares.org:80.
HTTP request sent, awaiting response... 200 OK
Length: unspecified [text/html]
Saving to: ‘spokares.org/index.php/component/jcalpro/30-regular-meetings-training/910-ares-races-meeting.html’

     0K .......... .......... ......                            276K=0.1s

2026-09-25 19:46:31 (276 KB/s) - ‘spokares.org/index.php/component/jcalpro/30-regular-meetings-training/910-ares-races-meeting.html’ saved [27613]

--2026-09-25 19:46:31--  http://spokares.org/index.php/component/jcalpro/30-regular-meetings-training/976-digital-training
Reusing existing connection to spokares.org:80.
HTTP request sent, awaiting response... 200 OK
Length: unspecified [text/html]
Saving to: ‘spokares.org/index.php/component/jcalpro/30-regular-meetings-training/976-digital-training.html’

     0K .......... .......... ......                            282K=0.1s

2026-09-25 19:46:32 (282 KB/s) - ‘spokares.org/index.php/component/jcalpro/30-regular-meetings-training/976-digital-training.html’ saved [27519]

--2026-09-25 19:46:32--  http://spokares.org/index.php/component/jcalpro/30-regular-meetings-training/911-ares-races-meeting
Reusing existing connection to spokares.org:80.
HTTP request sent, awaiting response... 200 OK
Length: unspecified [text/html]
Saving to: ‘spokares.org/index.php/component/jcalpro/30-regular-meetings-training/911-ares-races-meeting.html’

     0K .......... .......... ......                            233K=0.1s

2026-09-25 19:46:32 (233 KB/s) - ‘spokares.org/index.php/component/jcalpro/30-regular-meetings-training/911-ares-races-meeting.html’ saved [27601]

--2026-09-25 19:46:33--  http://spokares.org/index.php/component/jcalpro/30-regular-meetings-training/912-ares-races-meeting
Reusing existing connection to spokares.org:80.
HTTP request sent, awaiting response... 200 OK
Length: unspecified [text/html]
Saving to: ‘spokares.org/index.php/component/jcalpro/30-regular-meetings-training/912-ares-races-meeting.html’

     0K .......... .......... ......                            257K=0.1s

2026-09-25 19:46:33 (257 KB/s) - ‘spokares.org/index.php/component/jcalpro/30-regular-meetings-training/912-ares-races-meeting.html’ saved [27571]

--2026-09-25 19:46:33--  http://spokares.org/index.php/component/jcalpro/30-regular-meetings-training/243-ares-net
Reusing existing connection to spokares.org:80.
HTTP request sent, awaiting response... 200 OK
Length: unspecified [text/html]
Saving to: ‘spokares.org/index.php/component/jcalpro/30-regular-meetings-training/243-ares-net.html’

     0K .......... .......... ...                               172K=0.1s

2026-09-25 19:46:34 (172 KB/s) - ‘spokares.org/index.php/component/jcalpro/30-regular-meetings-training/243-ares-net.html’ saved [23794]

--2026-09-25 19:46:34--  http://spokares.org/index.php/component/jcalpro/30-regular-meetings-training/978-digital-training
Reusing existing connection to spokares.org:80.
HTTP request sent, awaiting response... 200 OK
Length: unspecified [text/html]
Saving to: ‘spokares.org/index.php/component/jcalpro/30-regular-meetings-training/978-digital-training.html’

     0K .......... .......... ......                            243K=0.1s

2026-09-25 19:46:35 (243 KB/s) - ‘spokares.org/index.php/component/jcalpro/30-regular-meetings-training/978-digital-training.html’ saved [27476]

--2026-09-25 19:46:35--  http://spokares.org/index.php/component/jcalpro/30-regular-meetings-training/1056-ares-net
Reusing existing connection to spokares.org:80.
HTTP request sent, awaiting response... 200 OK
Length: unspecified [text/html]
Saving to: ‘spokares.org/index.php/component/jcalpro/30-regular-meetings-training/1056-ares-net.html’

     0K .......... .......... ...                               240K=0.1s

2026-09-25 19:46:35 (240 KB/s) - ‘spokares.org/index.php/component/jcalpro/30-regular-meetings-training/1056-ares-net.html’ saved [23804]

--2026-09-25 19:46:36--  http://spokares.org/index.php/component/jcalpro/30-regular-meetings-training/61-ares-races-meeting
Reusing existing connection to spokares.org:80.
HTTP request sent, awaiting response... 200 OK
Length: unspecified [text/html]
Saving to: ‘spokares.org/index.php/component/jcalpro/30-regular-meetings-training/61-ares-races-meeting.html’

     0K .......... .......... ......                            291K=0.09s

2026-09-25 19:46:36 (291 KB/s) - ‘spokares.org/index.php/component/jcalpro/30-regular-meetings-training/61-ares-races-meeting.html’ saved [27247]

--2026-09-25 19:46:36--  http://spokares.org/index.php/component/jcalpro/30-regular-meetings-training?start=0
Reusing existing connection to spokares.org:80.
HTTP request sent, awaiting response... 200 OK
Length: unspecified [text/html]
Saving to: ‘spokares.org/index.php/component/jcalpro/30-regular-meetings-training@start=0.html’

     0K .......... .......... .......... .......... ..........  279K
    50K ..........                                              397K=0.2s

2026-09-25 19:46:37 (294 KB/s) - ‘spokares.org/index.php/component/jcalpro/30-regular-meetings-training@start=0.html’ saved [61919]

--2026-09-25 19:46:37--  http://spokares.org/index.php/component/jcalpro/30-regular-meetings-training/1057-ares-net
Reusing existing connection to spokares.org:80.
HTTP request sent, awaiting response... 200 OK
Length: unspecified [text/html]
Saving to: ‘spokares.org/index.php/component/jcalpro/30-regular-meetings-training/1057-ares-net.html’

     0K .......... .......... ...                               218K=0.1s

2026-09-25 19:46:38 (218 KB/s) - ‘spokares.org/index.php/component/jcalpro/30-regular-meetings-training/1057-ares-net.html’ saved [23804]

--2026-09-25 19:46:38--  http://spokares.org/index.php/component/jcalpro/30-regular-meetings-training/1058-ares-net
Reusing existing connection to spokares.org:80.
HTTP request sent, awaiting response... 200 OK
Length: unspecified [text/html]
Saving to: ‘spokares.org/index.php/component/jcalpro/30-regular-meetings-training/1058-ares-net.html’

     0K .......... .......... ...                               203K=0.1s

2026-09-25 19:46:38 (203 KB/s) - ‘spokares.org/index.php/component/jcalpro/30-regular-meetings-training/1058-ares-net.html’ saved [23804]

--2026-09-25 19:46:39--  http://spokares.org/index.php/component/jcalpro/30-regular-meetings-training/1059-ares-net
Reusing existing connection to spokares.org:80.
HTTP request sent, awaiting response... 200 OK
Length: unspecified [text/html]
Saving to: ‘spokares.org/index.php/component/jcalpro/30-regular-meetings-training/1059-ares-net.html’

     0K .......... .......... ...                               264K=0.09s

2026-09-25 19:46:39 (264 KB/s) - ‘spokares.org/index.php/component/jcalpro/30-regular-meetings-training/1059-ares-net.html’ saved [23802]

--2026-09-25 19:46:39--  http://spokares.org/index.php/component/jcalpro/30-regular-meetings-training/979-digital-training
Reusing existing connection to spokares.org:80.
HTTP request sent, awaiting response... 200 OK
Length: unspecified [text/html]
Saving to: ‘spokares.org/index.php/component/jcalpro/30-regular-meetings-training/979-digital-training.html’

     0K .......... .......... ......                            297K=0.09s

2026-09-25 19:46:40 (297 KB/s) - ‘spokares.org/index.php/component/jcalpro/30-regular-meetings-training/979-digital-training.html’ saved [27475]

--2026-09-25 19:46:40--  http://spokares.org/index.php/component/jcalpro/30-regular-meetings-training/1060-ares-net
Reusing existing connection to spokares.org:80.
HTTP request sent, awaiting response... 200 OK
Length: unspecified [text/html]
Saving to: ‘spokares.org/index.php/component/jcalpro/30-regular-meetings-training/1060-ares-net.html’

     0K .......... .......... ...                               235K=0.1s

2026-09-25 19:46:41 (235 KB/s) - ‘spokares.org/index.php/component/jcalpro/30-regular-meetings-training/1060-ares-net.html’ saved [23804]

--2026-09-25 19:46:41--  http://spokares.org/index.php/component/jcalpro/30-regular-meetings-training/1061-ares-net
Reusing existing connection to spokares.org:80.
HTTP request sent, awaiting response... 200 OK
Length: unspecified [text/html]
Saving to: ‘spokares.org/index.php/component/jcalpro/30-regular-meetings-training/1061-ares-net.html’

     0K .......... .......... ...                               195K=0.1s

2026-09-25 19:46:41 (195 KB/s) - ‘spokares.org/index.php/component/jcalpro/30-regular-meetings-training/1061-ares-net.html’ saved [23804]

--2026-09-25 19:46:42--  http://spokares.org/index.php/component/jcalpro/30-regular-meetings-training/1231-ares-races-meeting
Reusing existing connection to spokares.org:80.
HTTP request sent, awaiting response... 200 OK
Length: unspecified [text/html]
Saving to: ‘spokares.org/index.php/component/jcalpro/30-regular-meetings-training/1231-ares-races-meeting.html’

     0K .......... .......... ......                            210K=0.1s

2026-09-25 19:46:42 (210 KB/s) - ‘spokares.org/index.php/component/jcalpro/30-regular-meetings-training/1231-ares-races-meeting.html’ saved [27263]

--2026-09-25 19:46:42--  http://spokares.org/index.php/component/jcalpro/30-regular-meetings-training/1062-ares-net
Reusing existing connection to spokares.org:80.
HTTP request sent, awaiting response... 200 OK
Length: unspecified [text/html]
Saving to: ‘spokares.org/index.php/component/jcalpro/30-regular-meetings-training/1062-ares-net.html’

     0K .......... .......... ...                               229K=0.1s

2026-09-25 19:46:43 (229 KB/s) - ‘spokares.org/index.php/component/jcalpro/30-regular-meetings-training/1062-ares-net.html’ saved [23804]

--2026-09-25 19:46:43--  http://spokares.org/index.php/component/jcalpro/30-regular-meetings-training/1063-ares-net
Reusing existing connection to spokares.org:80.
HTTP request sent, awaiting response... 200 OK
Length: unspecified [text/html]
Saving to: ‘spokares.org/index.php/component/jcalpro/30-regular-meetings-training/1063-ares-net.html’

     0K .......... .......... ...                               215K=0.1s

2026-09-25 19:46:43 (215 KB/s) - ‘spokares.org/index.php/component/jcalpro/30-regular-meetings-training/1063-ares-net.html’ saved [23802]

--2026-09-25 19:46:43--  http://spokares.org/index.php/component/jcalpro/30-regular-meetings-training/1064-ares-net
Reusing existing connection to spokares.org:80.
HTTP request sent, awaiting response... 200 OK
Length: unspecified [text/html]
Saving to: ‘spokares.org/index.php/component/jcalpro/30-regular-meetings-training/1064-ares-net.html’

     0K .......... .......... ...                               230K=0.1s

2026-09-25 19:46:44 (230 KB/s) - ‘spokares.org/index.php/component/jcalpro/30-regular-meetings-training/1064-ares-net.html’ saved [23804]

--2026-09-25 19:46:44--  http://spokares.org/index.php/component/jcalpro/30-regular-meetings-training/980-digital-training
Reusing existing connection to spokares.org:80.
HTTP request sent, awaiting response... 200 OK
Length: unspecified [text/html]
Saving to: ‘spokares.org/index.php/component/jcalpro/30-regular-meetings-training/980-digital-training.html’

     0K .......... .......... ......                            244K=0.1s

2026-09-25 19:46:45 (244 KB/s) - ‘spokares.org/index.php/component/jcalpro/30-regular-meetings-training/980-digital-training.html’ saved [27476]

--2026-09-25 19:46:45--  http://spokares.org/index.php/component/jcalpro/30-regular-meetings-training/1065-ares-net
Connecting to spokares.org (spokares.org)|70.39.146.166|:80... connected.
HTTP request sent, awaiting response... 200 OK
Length: unspecified [text/html]
Saving to: ‘spokares.org/index.php/component/jcalpro/30-regular-meetings-training/1065-ares-net.html’

     0K .......... .......... ...                               343K=0.07s

2026-09-25 19:47:05 (343 KB/s) - ‘spokares.org/index.php/component/jcalpro/30-regular-meetings-training/1065-ares-net.html’ saved [23804]

--2026-09-25 19:47:05--  http://spokares.org/index.php/component/jcalpro/30-regular-meetings-training/1232-ares-races-meeting
Reusing existing connection to spokares.org:80.
HTTP request sent, awaiting response... 200 OK
Length: unspecified [text/html]
Saving to: ‘spokares.org/index.php/component/jcalpro/30-regular-meetings-training/1232-ares-races-meeting.html’

     0K .......... .......... ......                            194K=0.1s

2026-09-25 19:47:06 (194 KB/s) - ‘spokares.org/index.php/component/jcalpro/30-regular-meetings-training/1232-ares-races-meeting.html’ saved [27263]

--2026-09-25 19:47:06--  http://spokares.org/index.php/component/jcalpro/30-regular-meetings-training/1066-ares-net
Reusing existing connection to spokares.org:80.
HTTP request sent, awaiting response... 200 OK
Length: unspecified [text/html]
Saving to: ‘spokares.org/index.php/component/jcalpro/30-regular-meetings-training/1066-ares-net.html’

     0K .......... .......... ...                               203K=0.1s

2026-09-25 19:47:06 (203 KB/s) - ‘spokares.org/index.php/component/jcalpro/30-regular-meetings-training/1066-ares-net.html’ saved [23804]

--2026-09-25 19:47:07--  http://spokares.org/index.php/component/jcalpro/30-regular-meetings-training/1067-ares-net
Reusing existing connection to spokares.org:80.
HTTP request sent, awaiting response... 200 OK
Length: unspecified [text/html]
Saving to: ‘spokares.org/index.php/component/jcalpro/30-regular-meetings-training/1067-ares-net.html’

     0K .......... .......... ...                               202K=0.1s

2026-09-25 19:47:07 (202 KB/s) - ‘spokares.org/index.php/component/jcalpro/30-regular-meetings-training/1067-ares-net.html’ saved [23804]

--2026-09-25 19:47:07--  http://spokares.org/index.php/component/jcalpro/30-regular-meetings-training/1068-ares-net
Reusing existing connection to spokares.org:80.
HTTP request sent, awaiting response... 200 OK
Length: unspecified [text/html]
Saving to: ‘spokares.org/index.php/component/jcalpro/30-regular-meetings-training/1068-ares-net.html’

     0K .......... .......... ...                               266K=0.09s

2026-09-25 19:47:07 (266 KB/s) - ‘spokares.org/index.php/component/jcalpro/30-regular-meetings-training/1068-ares-net.html’ saved [23802]

--2026-09-25 19:47:08--  http://spokares.org/index.php/component/jcalpro/30-regular-meetings-training/981-digital-training
Reusing existing connection to spokares.org:80.
HTTP request sent, awaiting response... 200 OK
Length: unspecified [text/html]
Saving to: ‘spokares.org/index.php/component/jcalpro/30-regular-meetings-training/981-digital-training.html’

     0K .......... .......... ......                            226K=0.1s

2026-09-25 19:47:08 (226 KB/s) - ‘spokares.org/index.php/component/jcalpro/30-regular-meetings-training/981-digital-training.html’ saved [27476]

--2026-09-25 19:47:08--  http://spokares.org/index.php/component/jcalpro/30-regular-meetings-training/1069-ares-net
Reusing existing connection to spokares.org:80.
HTTP request sent, awaiting response... 200 OK
Length: unspecified [text/html]
Saving to: ‘spokares.org/index.php/component/jcalpro/30-regular-meetings-training/1069-ares-net.html’

     0K .......... .......... ...                               264K=0.09s

2026-09-25 19:47:09 (264 KB/s) - ‘spokares.org/index.php/component/jcalpro/30-regular-meetings-training/1069-ares-net.html’ saved [23804]

--2026-09-25 19:47:09--  http://spokares.org/index.php/component/jcalpro/30-regular-meetings-training/1233-ares-races-meeting
Reusing existing connection to spokares.org:80.
HTTP request sent, awaiting response... 200 OK
Length: unspecified [text/html]
Saving to: ‘spokares.org/index.php/component/jcalpro/30-regular-meetings-training/1233-ares-races-meeting.html’

     0K .......... .......... ......                            253K=0.1s

2026-09-25 19:47:09 (253 KB/s) - ‘spokares.org/index.php/component/jcalpro/30-regular-meetings-training/1233-ares-races-meeting.html’ saved [27263]

--2026-09-25 19:47:10--  http://spokares.org/index.php/component/jcalpro/30-regular-meetings-training/1070-ares-net
Reusing existing connection to spokares.org:80.
HTTP request sent, awaiting response... 200 OK
Length: unspecified [text/html]
Saving to: ‘spokares.org/index.php/component/jcalpro/30-regular-meetings-training/1070-ares-net.html’

     0K .......... .......... ...                               184K=0.1s

2026-09-25 19:47:10 (184 KB/s) - ‘spokares.org/index.php/component/jcalpro/30-regular-meetings-training/1070-ares-net.html’ saved [23804]

--2026-09-25 19:47:11--  http://spokares.org/index.php/component/jcalpro/30-regular-meetings-training/1071-ares-net
Reusing existing connection to spokares.org:80.
HTTP request sent, awaiting response... 200 OK
Length: unspecified [text/html]
Saving to: ‘spokares.org/index.php/component/jcalpro/30-regular-meetings-training/1071-ares-net.html’

     0K .......... .......... ...                               205K=0.1s

2026-09-25 19:47:11 (205 KB/s) - ‘spokares.org/index.php/component/jcalpro/30-regular-meetings-training/1071-ares-net.html’ saved [23804]

--2026-09-25 19:47:11--  http://spokares.org/index.php/component/jcalpro/30-regular-meetings-training/1072-ares-net
Reusing existing connection to spokares.org:80.
HTTP request sent, awaiting response... 200 OK
Length: unspecified [text/html]
Saving to: ‘spokares.org/index.php/component/jcalpro/30-regular-meetings-training/1072-ares-net.html’

     0K .......... .......... ...                               198K=0.1s

2026-09-25 19:47:12 (198 KB/s) - ‘spokares.org/index.php/component/jcalpro/30-regular-meetings-training/1072-ares-net.html’ saved [23802]

--2026-09-25 19:47:12--  http://spokares.org/index.php/component/jcalpro/30-regular-meetings-training/982-digital-training
Reusing existing connection to spokares.org:80.
HTTP request sent, awaiting response... 200 OK
Length: unspecified [text/html]
Saving to: ‘spokares.org/index.php/component/jcalpro/30-regular-meetings-training/982-digital-training.html’

     0K .......... .......... ......                            211K=0.1s

2026-09-25 19:47:12 (211 KB/s) - ‘spokares.org/index.php/component/jcalpro/30-regular-meetings-training/982-digital-training.html’ saved [27475]

--2026-09-25 19:47:13--  http://spokares.org/index.php/component/jcalpro/30-regular-meetings-training/1073-ares-net
Reusing existing connection to spokares.org:80.
HTTP request sent, awaiting response... 200 OK
Length: unspecified [text/html]
Saving to: ‘spokares.org/index.php/component/jcalpro/30-regular-meetings-training/1073-ares-net.html’

     0K .......... .......... ...                               146K=0.2s

2026-09-25 19:47:13 (146 KB/s) - ‘spokares.org/index.php/component/jcalpro/30-regular-meetings-training/1073-ares-net.html’ saved [23804]

--2026-09-25 19:47:13--  http://spokares.org/index.php/component/jcalpro/30-regular-meetings-training/1074-ares-net
Reusing existing connection to spokares.org:80.
HTTP request sent, awaiting response... 200 OK
Length: unspecified [text/html]
Saving to: ‘spokares.org/index.php/component/jcalpro/30-regular-meetings-training/1074-ares-net.html’

     0K .......... .......... ...                               195K=0.1s

2026-09-25 19:47:14 (195 KB/s) - ‘spokares.org/index.php/component/jcalpro/30-regular-meetings-training/1074-ares-net.html’ saved [23804]

--2026-09-25 19:47:14--  http://spokares.org/index.php/component/jcalpro/30-regular-meetings-training/1234-ares-races-meeting
Reusing existing connection to spokares.org:80.
HTTP request sent, awaiting response... 200 OK
Length: unspecified [text/html]
Saving to: ‘spokares.org/index.php/component/jcalpro/30-regular-meetings-training/1234-ares-races-meeting.html’

     0K .......... .......... ......                            263K=0.1s

2026-09-25 19:47:14 (263 KB/s) - ‘spokares.org/index.php/component/jcalpro/30-regular-meetings-training/1234-ares-races-meeting.html’ saved [27263]

--2026-09-25 19:47:15--  http://spokares.org/index.php/component/jcalpro/30-regular-meetings-training/1075-ares-net
Reusing existing connection to spokares.org:80.
HTTP request sent, awaiting response... 200 OK
Length: unspecified [text/html]
Saving to: ‘spokares.org/index.php/component/jcalpro/30-regular-meetings-training/1075-ares-net.html’

     0K .......... .......... ...                               207K=0.1s

2026-09-25 19:47:15 (207 KB/s) - ‘spokares.org/index.php/component/jcalpro/30-regular-meetings-training/1075-ares-net.html’ saved [23804]

--2026-09-25 19:47:15--  http://spokares.org/index.php/component/jcalpro/30-regular-meetings-training/1076-ares-net
Reusing existing connection to spokares.org:80.
HTTP request sent, awaiting response... 200 OK
Length: unspecified [text/html]
Saving to: ‘spokares.org/index.php/component/jcalpro/30-regular-meetings-training/1076-ares-net.html’

     0K .......... .......... ...                               183K=0.1s

2026-09-25 19:47:16 (183 KB/s) - ‘spokares.org/index.php/component/jcalpro/30-regular-meetings-training/1076-ares-net.html’ saved [23802]

--2026-09-25 19:47:16--  http://spokares.org/index.php/component/jcalpro/30-regular-meetings-training/1077-ares-net
Reusing existing connection to spokares.org:80.
HTTP request sent, awaiting response... 200 OK
Length: unspecified [text/html]
Saving to: ‘spokares.org/index.php/component/jcalpro/30-regular-meetings-training/1077-ares-net.html’

     0K .......... .......... ...                               213K=0.1s

2026-09-25 19:47:16 (213 KB/s) - ‘spokares.org/index.php/component/jcalpro/30-regular-meetings-training/1077-ares-net.html’ saved [23802]

--2026-09-25 19:47:17--  http://spokares.org/index.php/component/jcalpro/30-regular-meetings-training/983-digital-training
Reusing existing connection to spokares.org:80.
HTTP request sent, awaiting response... 200 OK
Length: unspecified [text/html]
Saving to: ‘spokares.org/index.php/component/jcalpro/30-regular-meetings-training/983-digital-training.html’

     0K .......... .......... ......                            250K=0.1s

2026-09-25 19:47:17 (250 KB/s) - ‘spokares.org/index.php/component/jcalpro/30-regular-meetings-training/983-digital-training.html’ saved [27476]

--2026-09-25 19:47:17--  http://spokares.org/index.php/component/jcalpro/30-regular-meetings-training/1078-ares-net
Reusing existing connection to spokares.org:80.
HTTP request sent, awaiting response... 200 OK
Length: unspecified [text/html]
Saving to: ‘spokares.org/index.php/component/jcalpro/30-regular-meetings-training/1078-ares-net.html’

     0K .......... .......... ...                               193K=0.1s

2026-09-25 19:47:18 (193 KB/s) - ‘spokares.org/index.php/component/jcalpro/30-regular-meetings-training/1078-ares-net.html’ saved [23818]

--2026-09-25 19:47:18--  http://spokares.org/index.php/component/jcalpro/30-regular-meetings-training/1235-ares-races-meeting
Reusing existing connection to spokares.org:80.
HTTP request sent, awaiting response... 200 OK
Length: unspecified [text/html]
Saving to: ‘spokares.org/index.php/component/jcalpro/30-regular-meetings-training/1235-ares-races-meeting.html’

     0K .......... .......... ......                            212K=0.1s

2026-09-25 19:47:19 (212 KB/s) - ‘spokares.org/index.php/component/jcalpro/30-regular-meetings-training/1235-ares-races-meeting.html’ saved [27263]

--2026-09-25 19:47:19--  http://spokares.org/index.php/component/jcalpro/30-regular-meetings-training/1079-ares-net
Reusing existing connection to spokares.org:80.
HTTP request sent, awaiting response... 200 OK
Length: unspecified [text/html]
Saving to: ‘spokares.org/index.php/component/jcalpro/30-regular-meetings-training/1079-ares-net.html’

     0K .......... .......... ...                               264K=0.09s

2026-09-25 19:47:19 (264 KB/s) - ‘spokares.org/index.php/component/jcalpro/30-regular-meetings-training/1079-ares-net.html’ saved [23820]

--2026-09-25 19:47:19--  http://spokares.org/index.php/component/jcalpro/30-regular-meetings-training/1080-ares-net
Reusing existing connection to spokares.org:80.
HTTP request sent, awaiting response... 200 OK
Length: unspecified [text/html]
Saving to: ‘spokares.org/index.php/component/jcalpro/30-regular-meetings-training/1080-ares-net.html’

     0K .......... .......... ...                               267K=0.09s

2026-09-25 19:47:20 (267 KB/s) - ‘spokares.org/index.php/component/jcalpro/30-regular-meetings-training/1080-ares-net.html’ saved [24026]

--2026-09-25 19:47:20--  http://spokares.org/index.php/component/jcalpro/30-regular-meetings-training/1081-ares-net
Reusing existing connection to spokares.org:80.
HTTP request sent, awaiting response... 200 OK
Length: unspecified [text/html]
Saving to: ‘spokares.org/index.php/component/jcalpro/30-regular-meetings-training/1081-ares-net.html’

     0K .......... .......... ...                               234K=0.1s

2026-09-25 19:47:20 (234 KB/s) - ‘spokares.org/index.php/component/jcalpro/30-regular-meetings-training/1081-ares-net.html’ saved [23802]

--2026-09-25 19:47:21--  http://spokares.org/index.php/component/jcalpro/30-regular-meetings-training/984-digital-training
Reusing existing connection to spokares.org:80.
HTTP request sent, awaiting response... 200 OK
Length: unspecified [text/html]
Saving to: ‘spokares.org/index.php/component/jcalpro/30-regular-meetings-training/984-digital-training.html’

     0K .......... .......... ......                            208K=0.1s

2026-09-25 19:47:22 (208 KB/s) - ‘spokares.org/index.php/component/jcalpro/30-regular-meetings-training/984-digital-training.html’ saved [27476]

--2026-09-25 19:47:22--  http://spokares.org/index.php/component/jcalpro/30-regular-meetings-training/1082-ares-net
Reusing existing connection to spokares.org:80.
HTTP request sent, awaiting response... 200 OK
Length: unspecified [text/html]
Saving to: ‘spokares.org/index.php/component/jcalpro/30-regular-meetings-training/1082-ares-net.html’

     0K .......... .......... ...                               227K=0.1s

2026-09-25 19:47:23 (227 KB/s) - ‘spokares.org/index.php/component/jcalpro/30-regular-meetings-training/1082-ares-net.html’ saved [23804]

--2026-09-25 19:47:23--  http://spokares.org/index.php/component/jcalpro/30-regular-meetings-training/1236-ares-races-meeting
Reusing existing connection to spokares.org:80.
HTTP request sent, awaiting response... 200 OK
Length: unspecified [text/html]
Saving to: ‘spokares.org/index.php/component/jcalpro/30-regular-meetings-training/1236-ares-races-meeting.html’

     0K .......... .......... ......                            233K=0.1s

2026-09-25 19:47:24 (233 KB/s) - ‘spokares.org/index.php/component/jcalpro/30-regular-meetings-training/1236-ares-races-meeting.html’ saved [27263]

--2026-09-25 19:47:24--  http://spokares.org/index.php/component/jcalpro/30-regular-meetings-training/1083-ares-net
Reusing existing connection to spokares.org:80.
HTTP request sent, awaiting response... 200 OK
Length: unspecified [text/html]
Saving to: ‘spokares.org/index.php/component/jcalpro/30-regular-meetings-training/1083-ares-net.html’

     0K .......... .......... ...                               199K=0.1s

2026-09-25 19:47:25 (199 KB/s) - ‘spokares.org/index.php/component/jcalpro/30-regular-meetings-training/1083-ares-net.html’ saved [23804]

--2026-09-25 19:47:25--  http://spokares.org/index.php/component/jcalpro/30-regular-meetings-training/1084-ares-net
Reusing existing connection to spokares.org:80.
HTTP request sent, awaiting response... 200 OK
Length: unspecified [text/html]
Saving to: ‘spokares.org/index.php/component/jcalpro/30-regular-meetings-training/1084-ares-net.html’

     0K .......... .......... ...                               123K=0.2s

2026-09-25 19:47:26 (123 KB/s) - ‘spokares.org/index.php/component/jcalpro/30-regular-meetings-training/1084-ares-net.html’ saved [23804]

--2026-09-25 19:47:26--  http://spokares.org/index.php/component/jcalpro/30-regular-meetings-training/1085-ares-net
Reusing existing connection to spokares.org:80.
HTTP request sent, awaiting response... 200 OK
Length: unspecified [text/html]
Saving to: ‘spokares.org/index.php/component/jcalpro/30-regular-meetings-training/1085-ares-net.html’

     0K .......... .......... ...                               199K=0.1s

2026-09-25 19:47:26 (199 KB/s) - ‘spokares.org/index.php/component/jcalpro/30-regular-meetings-training/1085-ares-net.html’ saved [23802]

--2026-09-25 19:47:27--  http://spokares.org/index.php/component/jcalpro/30-regular-meetings-training/985-digital-training
Reusing existing connection to spokares.org:80.
HTTP request sent, awaiting response... 200 OK
Length: unspecified [text/html]
Saving to: ‘spokares.org/index.php/component/jcalpro/30-regular-meetings-training/985-digital-training.html’

     0K .......... .......... ......                            214K=0.1s

2026-09-25 19:47:27 (214 KB/s) - ‘spokares.org/index.php/component/jcalpro/30-regular-meetings-training/985-digital-training.html’ saved [27475]

--2026-09-25 19:47:27--  http://spokares.org/index.php/component/jcalpro/30-regular-meetings-training/1086-ares-net
Reusing existing connection to spokares.org:80.
HTTP request sent, awaiting response... 200 OK
Length: unspecified [text/html]
Saving to: ‘spokares.org/index.php/component/jcalpro/30-regular-meetings-training/1086-ares-net.html’

     0K .......... .......... ...                              68.8K=0.3s

2026-09-25 19:47:28 (68.8 KB/s) - ‘spokares.org/index.php/component/jcalpro/30-regular-meetings-training/1086-ares-net.html’ saved [23804]

--2026-09-25 19:47:28--  http://spokares.org/index.php/component/jcalpro/30-regular-meetings-training/1087-ares-net
Reusing existing connection to spokares.org:80.
HTTP request sent, awaiting response... 200 OK
Length: unspecified [text/html]
Saving to: ‘spokares.org/index.php/component/jcalpro/30-regular-meetings-training/1087-ares-net.html’

     0K .......... .......... ...                               259K=0.09s

2026-09-25 19:47:29 (259 KB/s) - ‘spokares.org/index.php/component/jcalpro/30-regular-meetings-training/1087-ares-net.html’ saved [23804]

--2026-09-25 19:47:29--  http://spokares.org/index.php/component/jcalpro/30-regular-meetings-training/1237-ares-races-meeting
Reusing existing connection to spokares.org:80.
HTTP request sent, awaiting response... 200 OK
Length: unspecified [text/html]
Saving to: ‘spokares.org/index.php/component/jcalpro/30-regular-meetings-training/1237-ares-races-meeting.html’

     0K .......... .......... ......                            242K=0.1s

2026-09-25 19:47:29 (242 KB/s) - ‘spokares.org/index.php/component/jcalpro/30-regular-meetings-training/1237-ares-races-meeting.html’ saved [27263]

--2026-09-25 19:47:29--  http://spokares.org/index.php/component/jcalpro/30-regular-meetings-training/1088-ares-net
Reusing existing connection to spokares.org:80.
HTTP request sent, awaiting response... 200 OK
Length: unspecified [text/html]
Saving to: ‘spokares.org/index.php/component/jcalpro/30-regular-meetings-training/1088-ares-net.html’

     0K .......... .......... ...                               250K=0.09s

2026-09-25 19:47:30 (250 KB/s) - ‘spokares.org/index.php/component/jcalpro/30-regular-meetings-training/1088-ares-net.html’ saved [23804]

--2026-09-25 19:47:30--  http://spokares.org/index.php/component/jcalpro/30-regular-meetings-training/1089-ares-net
Reusing existing connection to spokares.org:80.
HTTP request sent, awaiting response... 200 OK
Length: unspecified [text/html]
Saving to: ‘spokares.org/index.php/component/jcalpro/30-regular-meetings-training/1089-ares-net.html’

     0K .......... .......... ...                               203K=0.1s

2026-09-25 19:47:31 (203 KB/s) - ‘spokares.org/index.php/component/jcalpro/30-regular-meetings-training/1089-ares-net.html’ saved [23802]

--2026-09-25 19:47:31--  http://spokares.org/index.php/component/jcalpro/30-regular-meetings-training/1090-ares-net
Reusing existing connection to spokares.org:80.
HTTP request sent, awaiting response... 200 OK
Length: unspecified [text/html]
Saving to: ‘spokares.org/index.php/component/jcalpro/30-regular-meetings-training/1090-ares-net.html’

     0K .......... .......... ...                               215K=0.1s

2026-09-25 19:47:31 (215 KB/s) - ‘spokares.org/index.php/component/jcalpro/30-regular-meetings-training/1090-ares-net.html’ saved [23802]

--2026-09-25 19:47:31--  http://spokares.org/index.php/component/jcalpro/30-regular-meetings-training/986-digital-training
Reusing existing connection to spokares.org:80.
HTTP request sent, awaiting response... 200 OK
Length: unspecified [text/html]
Saving to: ‘spokares.org/index.php/component/jcalpro/30-regular-meetings-training/986-digital-training.html’

     0K .......... .......... ......                            209K=0.1s

2026-09-25 19:47:32 (209 KB/s) - ‘spokares.org/index.php/component/jcalpro/30-regular-meetings-training/986-digital-training.html’ saved [27476]

--2026-09-25 19:47:32--  http://spokares.org/index.php/component/jcalpro/30-regular-meetings-training/1091-ares-net
Reusing existing connection to spokares.org:80.
HTTP request sent, awaiting response... 200 OK
Length: unspecified [text/html]
Saving to: ‘spokares.org/index.php/component/jcalpro/30-regular-meetings-training/1091-ares-net.html’

     0K .......... .......... ...                               178K=0.1s

2026-09-25 19:47:33 (178 KB/s) - ‘spokares.org/index.php/component/jcalpro/30-regular-meetings-training/1091-ares-net.html’ saved [23804]

--2026-09-25 19:47:33--  http://spokares.org/index.php/component/jcalpro/30-regular-meetings-training/1238-ares-races-meeting
Reusing existing connection to spokares.org:80.
HTTP request sent, awaiting response... 200 OK
Length: unspecified [text/html]
Saving to: ‘spokares.org/index.php/component/jcalpro/30-regular-meetings-training/1238-ares-races-meeting.html’

     0K .......... .......... ......                            254K=0.1s

2026-09-25 19:47:33 (254 KB/s) - ‘spokares.org/index.php/component/jcalpro/30-regular-meetings-training/1238-ares-races-meeting.html’ saved [27263]

--2026-09-25 19:47:33--  http://spokares.org/index.php/component/jcalpro/30-regular-meetings-training/1092-ares-net
Reusing existing connection to spokares.org:80.
HTTP request sent, awaiting response... 200 OK
Length: unspecified [text/html]
Saving to: ‘spokares.org/index.php/component/jcalpro/30-regular-meetings-training/1092-ares-net.html’

     0K .......... .......... ...                               169K=0.1s

2026-09-25 19:47:34 (169 KB/s) - ‘spokares.org/index.php/component/jcalpro/30-regular-meetings-training/1092-ares-net.html’ saved [23804]

--2026-09-25 19:47:34--  http://spokares.org/index.php/component/jcalpro/30-regular-meetings-training/1093-ares-net
Reusing existing connection to spokares.org:80.
HTTP request sent, awaiting response... 200 OK
Length: unspecified [text/html]
Saving to: ‘spokares.org/index.php/component/jcalpro/30-regular-meetings-training/1093-ares-net.html’

     0K .......... .......... ...                               193K=0.1s

2026-09-25 19:47:34 (193 KB/s) - ‘spokares.org/index.php/component/jcalpro/30-regular-meetings-training/1093-ares-net.html’ saved [23804]

--2026-09-25 19:47:35--  http://spokares.org/index.php/component/jcalpro/30-regular-meetings-training/1094-ares-net
Reusing existing connection to spokares.org:80.
HTTP request sent, awaiting response... 200 OK
Length: unspecified [text/html]
Saving to: ‘spokares.org/index.php/component/jcalpro/30-regular-meetings-training/1094-ares-net.html’

     0K .......... .......... ...                               237K=0.1s

2026-09-25 19:47:35 (237 KB/s) - ‘spokares.org/index.php/component/jcalpro/30-regular-meetings-training/1094-ares-net.html’ saved [23802]

--2026-09-25 19:47:35--  http://spokares.org/index.php/component/jcalpro/30-regular-meetings-training/987-digital-training
Reusing existing connection to spokares.org:80.
HTTP request sent, awaiting response... 200 OK
Length: unspecified [text/html]
Saving to: ‘spokares.org/index.php/component/jcalpro/30-regular-meetings-training/987-digital-training.html’

     0K .......... .......... ......                            199K=0.1s

2026-09-25 19:47:36 (199 KB/s) - ‘spokares.org/index.php/component/jcalpro/30-regular-meetings-training/987-digital-training.html’ saved [27476]

--2026-09-25 19:47:36--  http://spokares.org/index.php/component/jcalpro/30-regular-meetings-training/1095-ares-net
Reusing existing connection to spokares.org:80.
HTTP request sent, awaiting response... 200 OK
Length: unspecified [text/html]
Saving to: ‘spokares.org/index.php/component/jcalpro/30-regular-meetings-training/1095-ares-net.html’

     0K .......... .......... ...                               183K=0.1s

2026-09-25 19:47:37 (183 KB/s) - ‘spokares.org/index.php/component/jcalpro/30-regular-meetings-training/1095-ares-net.html’ saved [23804]

--2026-09-25 19:47:37--  http://spokares.org/index.php/component/jcalpro/30-regular-meetings-training/1239-ares-races-meeting
Reusing existing connection to spokares.org:80.
HTTP request sent, awaiting response... 200 OK
Length: unspecified [text/html]
Saving to: ‘spokares.org/index.php/component/jcalpro/30-regular-meetings-training/1239-ares-races-meeting.html’

     0K .......... .......... ......                            211K=0.1s

2026-09-25 19:47:37 (211 KB/s) - ‘spokares.org/index.php/component/jcalpro/30-regular-meetings-training/1239-ares-races-meeting.html’ saved [27263]

--2026-09-25 19:47:38--  http://spokares.org/index.php/component/jcalpro/30-regular-meetings-training/1096-ares-net
Reusing existing connection to spokares.org:80.
HTTP request sent, awaiting response... 200 OK
Length: unspecified [text/html]
Saving to: ‘spokares.org/index.php/component/jcalpro/30-regular-meetings-training/1096-ares-net.html’

     0K .......... .......... ...                               210K=0.1s

2026-09-25 19:47:38 (210 KB/s) - ‘spokares.org/index.php/component/jcalpro/30-regular-meetings-training/1096-ares-net.html’ saved [23804]

--2026-09-25 19:47:38--  http://spokares.org/index.php/component/jcalpro/30-regular-meetings-training/1097-ares-net
Reusing existing connection to spokares.org:80.
HTTP request sent, awaiting response... 200 OK
Length: unspecified [text/html]
Saving to: ‘spokares.org/index.php/component/jcalpro/30-regular-meetings-training/1097-ares-net.html’

     0K .......... .......... ...                               190K=0.1s

2026-09-25 19:47:39 (190 KB/s) - ‘spokares.org/index.php/component/jcalpro/30-regular-meetings-training/1097-ares-net.html’ saved [23804]

--2026-09-25 19:47:39--  http://spokares.org/index.php/component/jcalpro/30-regular-meetings-training/1098-ares-net
Reusing existing connection to spokares.org:80.
HTTP request sent, awaiting response... 200 OK
Length: unspecified [text/html]
Saving to: ‘spokares.org/index.php/component/jcalpro/30-regular-meetings-training/1098-ares-net.html’

     0K .......... .......... ...                               177K=0.1s

2026-09-25 19:47:39 (177 KB/s) - ‘spokares.org/index.php/component/jcalpro/30-regular-meetings-training/1098-ares-net.html’ saved [23802]

--2026-09-25 19:47:40--  http://spokares.org/index.php/component/jcalpro/27-weekly-net-controllers/240-ke7rap
Reusing existing connection to spokares.org:80.
HTTP request sent, awaiting response... 200 OK
Length: unspecified [text/html]
Saving to: ‘spokares.org/index.php/component/jcalpro/27-weekly-net-controllers/240-ke7rap.html’

     0K .......... .......... ......                            217K=0.1s

2026-09-25 19:47:40 (217 KB/s) - ‘spokares.org/index.php/component/jcalpro/27-weekly-net-controllers/240-ke7rap.html’ saved [26691]

--2026-09-25 19:47:40--  http://spokares.org/index.php/component/jcalpro/27-weekly-net-controllers/180-wa7dgi
Reusing existing connection to spokares.org:80.
HTTP request sent, awaiting response... 200 OK
Length: unspecified [text/html]
Saving to: ‘spokares.org/index.php/component/jcalpro/27-weekly-net-controllers/180-wa7dgi.html’

     0K .......... .......... ......                            275K=0.09s

2026-09-25 19:47:41 (275 KB/s) - ‘spokares.org/index.php/component/jcalpro/27-weekly-net-controllers/180-wa7dgi.html’ saved [26691]

--2026-09-25 19:47:41--  http://spokares.org/index.php/component/jcalpro/27-weekly-net-controllers/623-w7tsc
Reusing existing connection to spokares.org:80.
HTTP request sent, awaiting response... 200 OK
Length: unspecified [text/html]
Saving to: ‘spokares.org/index.php/component/jcalpro/27-weekly-net-controllers/623-w7tsc.html’

     0K .......... .......... ......                            241K=0.1s

2026-09-25 19:47:41 (241 KB/s) - ‘spokares.org/index.php/component/jcalpro/27-weekly-net-controllers/623-w7tsc.html’ saved [26684]

--2026-09-25 19:47:42--  http://spokares.org/index.php/component/jcalpro/27-weekly-net-controllers/241-w7tsc
Reusing existing connection to spokares.org:80.
HTTP request sent, awaiting response... 200 OK
Length: unspecified [text/html]
Saving to: ‘spokares.org/index.php/component/jcalpro/27-weekly-net-controllers/241-w7tsc.html’

     0K .......... .......... ......                            209K=0.1s

2026-09-25 19:47:42 (209 KB/s) - ‘spokares.org/index.php/component/jcalpro/27-weekly-net-controllers/241-w7tsc.html’ saved [26684]

FINISHED --2026-09-25 19:47:42--
Total wall clock time: 13m 5s
Downloaded: 788 files, 34M in 1m 31s (383 KB/s)
